First Name,Last Name,Title,Company Name,Company Name for Emails,Email,Email Status,Primary Email Source,Primary Email Verification Source,Email Confidence,Primary Email Catch-all Status,Primary Email Last Verified At,Seniority,Departments,Contact Owner,Work Direct Phone,Home Phone,Mobile Phone,Corporate Phone,Other Phone,Stage,Lists,Last Contacted,Account Owner,# Employees,Industry,Keywords,Person Linkedin Url,Website,Company Linkedin Url,Facebook Url,Twitter Url,City,State,Country,Company Address,Company City,Company State,Company Country,Company Phone,Technologies,Annual Revenue,Total Funding,Latest Funding,Latest Funding Amount,Last Raised At,Subsidiary of,Email Sent,Email Open,Email Bounced,Replied,Demoed,Number of Retail Locations,Apollo Contact Id,Apollo Account Id,Secondary Email,Secondary Email Source,Secondary Email Status,Secondary Email Verification Source,Tertiary Email,Tertiary Email Source,Tertiary Email Status,Tertiary Email Verification Source,Qualify Contact
Jayakumar,,Chief Information Security Officer,Pondicherry University,Pondicherry University,jayakumar@crescent.education,Verified,Apollo,Apollo,,Not Catch-all,2025-11-17T08:17:31+00:00,C suite,"C-Suite, Information Technology",travisbootn1sr@fghco.com,,,,,,Cold,Amit,,travisbootn1sr@fghco.com,2000,higher education,"digital learning, international collaborations, student welfare, public university, government funded, health services, research publications, services, international mous, choice based credit system, inclusive education policies, postgraduate programs, vocational training, puduvai vaani radio, academic quality assurance, community college programs, education, government, digital library resources, inclusive policies, student support services, faculty research, interdisciplinary research, academic programs, academic rankings, student mobility, regional development, sustainable campus, community radio station, academic governance, ranked among top universities, innovation, sports facilities, colleges, universities, and professional schools, undergraduate degrees, regional campuses, affiliated colleges, community engagement, research programs, university rankings, research output, innovative education, research collaborations, academic excellence, quality assurance, modern infrastructure, food processing, student enrollment, multidisciplinary, community radio, student diversity, affiliated institutions, e-learning, sustainability, faculty development, doctoral research, digital infrastructure, international partnerships, campus life, public service, ranking and accreditation, academic innovation, library resources, campus facilities, central university, higher education, innovative curriculum design, scholarships, distance education, academic council, internships, international relations, publications, intellectual property rights, mous, academic calendar, library services, extracurricular activities, sustainability studies, graduate programs, community college, teaching resources, career placement, admissions process, student feedback, naac accreditation, webinars, online classes, open access resources, research grants, industry collaborations, environmental studies, innovation center, quality enhancement, curriculum development, student induction programme, training workshops, moocs, student services, residential facilities, hostel management, quality evaluation, service learning, learning management system, research development cell, alumni network, academic ordinance, vision and mission, food & beverages, consumer goods, consumers, internet, information technology & services, computer software, education management, environmental services, renewables & environment",http://www.linkedin.com/in/skvjey,https://pondiuni.edu.in,http://www.linkedin.com/school/pondicherry-university,,,Puducherry,Puducherry,India,"Puducherry, Puducherry, India, 605014",Puducherry,Puducherry,India,,"Gmail, Google Apps, Microsoft Office 365, PHP 5.3, YouTube, Mobile Friendly, Google Maps, Apache, Google Maps (Non Paid Users), Bootstrap Framework, WordPress.org, Google Font API, Google translate API, OpenSSL, Google translate widget, Google Analytics",,,,,,,,false,false,false,false,,69413d05ac27f200011eff1a,69413d06ac27f200011eff4e,skvjey@yahoo.com,Apollo,Verified,Apollo,,,,,
Mohit,Srivastava,CISO & Dpo,Perfios,Perfios,mohit.s@perfios.com,Verified,Apollo,Apollo,,Not Catch-all,2025-12-13T18:39:06+00:00,Entry,"C-Suite, Information Technology",travisbootn1sr@fghco.com,,,,,,Cold,Amit,,travisbootn1sr@fghco.com,1600,information technology & services,"financial services, banking, loan analytics, data analytics, machine learning, artifical intelligence, fintech, machine learning data plaform, saas, finance, account aggregator, b2b fintech, api, onboarding, verification, kyc apis, insuretech, artificial intelligence, software development, financial inclusion technology, data processing automation, data privacy, regulatory technology, customer engagement platform, background checks, id verification, open banking, aml/kyc automation, seamless api integrations, loan origination automation, data processing, data-driven credit scoring, embedded finance solutions, data integration, credit and risk analytics, ai-based fraud prevention, fraud detection ai, behavioral fraud, data encryption, loan approval, loan approval systems, aml/kyc automation tools, financial data analytics, global fintech solutions, id verification technology, open banking ecosystem, ai-powered id verification, data-driven lending platforms, credit scoring, digital signatures for finance, risk assessment solutions, fraud detection, open banking apis, risk assessment, banking and financial services, global fintech innovation, lead generation, data-driven credit, services, mortgage platform, aml and kyc compliance, regulatory compliance tools, document analysis, risk evaluation, ai-driven credit scoring, fraud prevention, credit risk tools, ai-powered credit decisioning, behavioral analytics, aml compliance tools, api integration, aml and pep compliance, mortgage lifecycle management, financial data extraction, mortgage processing platform, data security solutions, digital signature solutions, loan origination api, regulatory compliance, background verification tools, b2b, ai id verification tools, ai-powered solutions, fraud detection ai systems, global fintech, digital signatures, aml compliance, data security, document digitization, identity verification ai, real-time credit scoring, customer engagement, seamless api platform, open banking ecosystem tools, loan monitoring solutions, loan origination, onboarding automation, behavioral fraud detection systems, bank statement analysis, credit analytics tools, behavioral fraud detection tools, loan approval automation, automated underwriting, customer verification solutions, mortgage lifecycle automation, computer systems design and related services, lead generation tools, seamless onboarding solutions, data security in banking, financial institution saas, loan automation, financial analytics, fraud detection technology, risk management, id verification ai tools, payments, financial statement analysis, data integration platform, mortgage automation, document digitization api, kyc verification, seamless onboarding, customer onboarding api, loan approval process, legal, ai fraud detection, behavioral fraud detection, global bfsi solutions, identity verification, international bfsi solutions, regulatory reporting automation, digital onboarding, seamless onboarding apis, mortgage processing solutions, customer data platform, credit analytics, data privacy in fintech, regulatory compliance in fintech, credit risk analytics, loan origination system, embedded finance platform, aml/kyc compliance, real-time analytics, api sandbox, api platform, behavioral analytics for fraud, open banking data retrieval, behavioral analysis, customer onboarding process, financial inclusion, insurance, open banking ecosystem platforms, fraud detection system, ai id verification, ai-driven risk evaluation, data-driven lending, data security and encryption, digital onboarding tools, customer data platforms, credit decisioning, customer verification, ai fraud detection systems, mortgage lifecycle solutions, open banking data access, credit risk management, ai-enabled id verification, regulatory reporting, mortgage processing, seamless api integration, seamless api, loan monitoring, mortgage lifecycle, open banking data, mortgage automation platform, embedded finance, e-commerce, information technology & services, finance technology, computer software, enterprise software, enterprises, computer & network security, marketing & advertising, sales, consumer internet, consumers, internet",,https://perfios.ai,http://www.linkedin.com/company/perfios,https://facebook.com/Perfios/,https://twitter.com/perfios,New Delhi,Delhi,India,"58 20th Main Road, Bengaluru, Karnataka, India, 560095",Bengaluru,Karnataka,India,,"Route 53, Amazon AWS, Gmail, Google Apps, Salesforce, Amazon SES, Microsoft Office 365, Flutter, Webflow, Google Font API, Mobile Friendly, WordPress.org, Google Tag Manager, Nginx, DoubleClick Conversion, Wix, Google Dynamic Remarketing, DoubleClick, Bootstrap Framework, Linkedin Marketing Solutions, Hotjar, Hubspot, Google Analytics, MouseFlow, Apache, reCAPTCHA, AI, Reviews, Xamarin",661000000,436800000,Venture (Round not Specified),80000000,2024-03-01T00:00:00+00:00,,,false,false,false,false,,69413d05ac27f200011eff21,69413d06ac27f200011eff55,,,,,,,,,
Bharathi,Mohan,"Head of Talent Acquisition - Technology, Engineering, AIML, Data Science, Cloud, Cybersecurity, CX",ChargePoint,ChargePoint,bharathi.rajan@chargepoint.com,Verified,Apollo,Apollo,,Not Catch-all,2025-11-28T11:52:57+00:00,Head,"Engineering & Technical, Human Resources, Information Technology",travisbootn1sr@fghco.com,,,'+91 97429 11150,'+1 408-841-4500,,Cold,Amit,,travisbootn1sr@fghco.com,1400,electrical/electronic manufacturing,"computer software & computer hardware, driver services chargepoint network, chargepoint onramp program, chargepoint apis, electric vehicle supply equipment, electric car charging, electric vehicle charging stations, industrial specialties, consumer discretionary, electrical equipment manufacturing, driver app integration, ev charging at retail, commercial chargers, station deployment, training & certification, electric lighting equipment manufacturing, v2g chargers, station management, custom site design, ev charging software, ev charging network, software platform, proactive maintenance, charger conversion kits, remote monitoring, real-time data, electric bus charging, roaming partners, chargepoint network, site design tools, level 2 ac chargers, electric miles powered, vehicle dashboard integration, home charger compatibility, green energy sourcing, ev charging services, charging station monitoring, residential ev chargers, charger vandalism solutions, ghg emissions avoided, retail, smart charging solutions, b2c, business charging solutions, fleet solutions, ev fleet management, charger leasing programs, driver experience, energy management, ev infrastructure deployment, bi-directional charging, home charging solutions, ev charging incentives, commercial real estate, public-private partnerships, open standards (ocpp), ev charging at workplaces, ev charging for real estate, ultrafast dc chargers, customer experience, sustainable transportation, electric vehicle charging station manufacturing, software publishing, services, project management, automotive, charger monitoring analytics, ev driver support, customer support, network management platform, ev charging for fleets, roaming network, ev charging at airbnb, ev charging for municipalities, payment processing, public charging stations, commercial ev chargers, fleet telematics, ai-powered diagnostics, network management, mobile app, energy storage integration, level 3 dc fast chargers, ev charging stations, fleet management, financing options, cloud-based software, charger theft prevention, electrical equipment & components manufacturing, remote station management, ev charging infrastructure, residential chargers, fleet charging solutions, multi-tenant charging solutions, energy optimization, hardware solutions, automaker integration, charger installation, public charging network, smart grid integration, dynamic load balancing, b2b, energy management tools, adaptive charging algorithms, automaker partnerships, ev charging, electric vehicle infrastructure, charging stations, level 2 ac charging, level 3 dc fast charging, chargepoint app, telematics for ev fleets, charging network, mobile app integration, unified platform, ev charging solutions, home charger, chargepoint home flex, flexible financing, charging map, vehicle charging, installation services, industry partnerships, sustainability initiatives, electric mobility, residential charging solutions, commercial charging solutions, electric vehicle manufacturers, parking operators, retail and convenience fueling, workplace charging, ev incentives, customer testimonials, hardware integration, electric vehicle market, network connectivity, fast charging solutions, driver support, charging operations management, industry reports, webinars and events, corporate social responsibility, ghg emissions reduction, electric mobility transition, user-friendly interface, e-commerce, distribution, electrical/electronic manufacturing, mechanical or industrial engineering, oil & energy, productivity, consumer internet, consumers, internet, information technology & services",http://www.linkedin.com/in/bharathi-mohan-r-25394261,https://chargepoint.com,http://www.linkedin.com/company/chargepoint,https://www.facebook.com/ChargePoint,https://twitter.com/chargepointnet,,,India,"240 E Hacienda Ave, Campbell, California, United States, 95008",Campbell,California,United States,'+1 408-841-4500,"Fastly CDN, Salesforce, Route 53, Amazon SES, Outlook, Marketo, Microsoft Office 365, Greenhouse.io, Zendesk, Amazon AWS, Amazon CloudFront, RackSpace DNS, Rackspace Email, Amazon Elastic Load Balancer, Google Cloud Hosting, Mixpanel, Drupal, Pantheon, Atlassian Cloud, Drift, The Trade Desk, Salesforce Live Agent, Varnish, Google Maps, ON24, Adobe Media Optimizer, Multilingual, Google Maps (Non Paid Users), DoubleClick Conversion, Google Play, Bizible, iTunes, Google Tag Manager, Wistia, Bootstrap Framework, Google Dynamic Remarketing, WordPress.org, New Relic, Stripe, DoubleClick, Linkedin Marketing Solutions, Cedexis Radar, Google Places, Nginx, reCAPTCHA, YouTube, Google AdSense, Amazon Associates, Bing Ads, Segment.io, Twitter Advertising, F5 BIG-IP, Facebook Login (Connect), Vimeo, Facebook Custom Audiences, Yelp, Google Analytics, Vidyard, Facebook Widget, Google Font API, Mobile Friendly, FullStory, Google AdWords Conversion, Remote",417083000,,,,,,,false,false,false,false,,69413d05ac27f200011eff19,69413d06ac27f200011eff4d,,,,,,,,,
Rajesh,Rajendran,Head of Business Analytics & Chief Information Security Officer,Sona Comstar,Sona Comstar,rajesh.rajendran@sonacomstar.com,Verified,Apollo,Apollo,,,2025-12-04T20:07:54+00:00,C suite,"C-Suite, Information Technology",travisbootn1sr@fghco.com,,,,'+91 12 4476 8200,,Cold,Amit,,travisbootn1sr@fghco.com,1400,automotive,"motor vehicle parts manufacturing, automotive",http://www.linkedin.com/in/rajesh-rajendran-27234311,https://sonacomstar.com,http://www.linkedin.com/company/sonacomstar,https://facebook.com/Sona-Comstar-109698397231330,https://twitter.com/sonacomstar/,Gurugram,Haryana,India,"Gurgaon, Haryana, India, 122001",Gurgaon,Haryana,India,'+91 12 4476 8200,"Outlook, Microsoft Azure Hosting, Adobe Media Optimizer, Cedexis Radar, Bootstrap Framework, Google Tag Manager, Vimeo, Mobile Friendly, AI",433971000,,,,,,,false,false,false,false,,69413d05ac27f200011eff27,69413d06ac27f200011eff5b,,,,,,,,,
Satya,Machiraju,SVP and CISO,Odessa,Odessa,satya.m@odessainc.com,Verified,Apollo,Apollo,,,2025-12-08T15:22:30+00:00,Vp,"C-Suite, Information Technology",travisbootn1sr@fghco.com,,,'+91 97432 46900,'+1 215-231-9800,,Cold,Amit,,travisbootn1sr@fghco.com,1400,information technology & services,"equipment finance software, asset finance software, lease accounting software, lease management software, vehicle, fleet management software, captive leasing software, lessee accounting, equipment leasing software, asset management, business intelligence, devops, analytics, artificial intelligence, auto finance software, software development, remarketing tools, equipment leasing platform, asset portfolio analytics, market trend analysis, data analytics, predictive analytics, end-to-end leasing software, asset history, remarketing, cost reduction software, enterprise saas, financial services, automated workflows, multi-country compliance, digital transformation in leasing, client portals, integrations, financial analytics, omnichannel, digital transformation, innovative finance technology, end-to-end asset management, compliance management, integrated workflows, developer tools, platform tools, agile devops, asset finance platform, enterprise asset management, low-code development, scalable finance platform, api integrations, subscription leasing models, automation, automotive finance software, asset recovery optimization, mobility, multi-region support, leasing portfolio growth, b2b, asset management system, asset valuation tools, asset remarketing automation, asset finance analytics, portals, cloud services, asset data management, asset-based software, cloud platform, asset lifecycle management, customizable workflows, compliance automation, leasing process digitization, services, leasing process automation, real-time reporting, servicing automation, automated document generation, api-first architecture, low-code toolkit, real-time data access, analytics & insights, asset data security, customizable leasing solutions, asset recovery software, portfolio growth tools, leasing process optimization, risk management, global asset management, configurable modules, asset finance innovation, leasing lifecycle, flexible finance platform, leasing industry leader, fintech, self-service portals, asset lifecycle tracking, customer experience, customer portal solutions, api-driven architecture, leasing, lease origination, digital customer experience, secure cloud platform, financial data visualization, compliance, dynamic contract bundling, portfolio management, leasing industry software, cloud asset finance, asset finance solutions, digital asset management, operational efficiency, real-time asset insights, cloud saas, asset valuation, automated lease servicing, continuous updates, market insights analytics, cloud deployment, customer engagement tools, asset tracking, workflow automation, automated credit evaluation, data security, regulatory compliance, multi-tenant saas, cloud-native leasing solutions, loan origination system, computer systems design and related services, asset remarketing, odessa core, origination, servicing, lease management, loan management, as-a-service, auto finance, customer portal, partner portal, data intelligence, reportbuilder, insights, app monitoring, security monitoring, autoscaling, apis, security and compliance, pay per use, business agility, subscription management, customer community, contract management, billing and collections, credit adjudication, document management, accounts payable, capacity planning, usage-based billing, dynamic pricing, saas solutions, fleet services, business process automation, integration capabilities, data warehousing, marketplace solutions, innovative financing solutions, customer experience management, enterprise applications, finance, information technology & services, enterprise software, enterprises, computer software, cloud computing, finance technology, computer & network security",http://www.linkedin.com/in/satyanm,https://odessainc.com,http://www.linkedin.com/company/odessa-inc-,https://www.facebook.com/OdessaInc/,https://twitter.com/OdessaTech,Bengaluru,Karnataka,India,"50 S 16th St, Philadelphia, Pennsylvania, United States, 19102-2504",Philadelphia,Pennsylvania,United States,'+1 215-231-9800,"Salesforce, Gmail, Outlook, Pardot, Google Apps, Microsoft Office 365, Microsoft Azure Hosting, Atlassian Cloud, Intercom, Varnish, DoubleClick Conversion, DoubleClick, Moat, Pingdom, Linkedin Marketing Solutions, Apache, Wistia, Google Analytics, Google Dynamic Remarketing, Mobile Friendly, Ubuntu, Nginx, reCAPTCHA, Google Tag Manager, WordPress.org, AddThis, Remote, AI",200000000,,Private Equity,,2021-09-01T00:00:00+00:00,,,false,false,false,false,,69413d05ac27f200011eff26,69413d06ac27f200011eff5a,,,,,,,,,
Amol,Vispute,"CISO, DPO and Head - IT Infrastructure",Rishabh Software,Rishabh,amol.vispute@rishabhsoft.com,Verified,Apollo,Apollo,,,2025-12-13T18:39:13+00:00,Head,"C-Suite, Information Technology",travisbootn1sr@fghco.com,,,'+91 98980 63968,'+91 85111 22697,,Cold,Amit,,travisbootn1sr@fghco.com,1200,information technology & services,"mobile app development, custom software development, enterprise application integration, software testing services, microsoft net, java, php, opensource, mobile technologies, engineering design, saas app development, cloud, analytics, application modernization, product engineering, microsoft technology, it services & it consulting, low-code development, ai chatbots, cloud-native apps, education, predictive maintenance, power automate, android, multi-cloud deployment, ai-powered automation, financial services, data analytics, aws, voice recognition, edtech, responsive design, data governance, ai model deployment, java .net, legacy system modernization, cybersecurity in cloud, data science, mlops, legacy modernization, b2c, customer 360, automation testing, software product engineering, iot application, web application development, computer systems design and related services, microservices architecture, ai & ml, smart iot solutions, devops services, azure, information technology and services, b2b, automation, node.js, software testing, sharepoint, chatbots, power platform, react native, drupal, fintech, project management, containerization, customer engagement, ai integration, software development, digital engineering, predictive analytics, power pages, power bi, e-commerce, angular, data visualization, data warehouse, api integration, react, devops pipelines, digital twin, enterprise app development, business intelligence, technology services, power apps, computer vision, visual analytics, cloud computing, microsoft application development, e-commerce frameworks, d2c, blockchain integration, automated data extraction, cloud infrastructure, automated testing frameworks, big data solutions, cloud-native applications, generative ai, enterprise resource planning, devops, edge computing, workflow automation, flutter, digital workflow, logistics & supply chain, integration solutions, nlp solutions, healthcare software, manufacturing, innovation, technology consulting, cloud solutions, data management, multi-tenant saas, cloud migration, enterprise software, healthcare, operational efficiency, wordpress, cybersecurity, payment processing, customer experience, data cataloging, python, cloud application development, digital experience, custom software, cloud services, software consulting, digital solutions, services, digital transformation, etl pipelines, data lakes, digital experience platforms, xamarin, real-time data processing, consulting, retail, ios, artificial intelligence, machine learning, data engineering, iot applications, digital process automation, testing and qa, ai and ml solutions, business process automation, managed analytics services, user experience design, data mining, natural language processing, agile development, cross-platform development, microsoft azure, aws partnership, end-to-end development, fintech solutions, healthcare analytics, adtech innovations, digital manufacturing, real estate software, logistics and scm, edtech services, web development, e-commerce development, integration services, automated testing, customer engagement solutions, data-driven solutions, real-time analytics, predictive modeling, business automation, enterprise architecture, finance, distribution, consumer products & retail, transportation & logistics, energy & utilities, construction & real estate, information technology & services, mobile, internet, e-learning, computer software, education management, finance technology, productivity, enterprises, consumer internet, consumers, internet infrastructure, mechanical or industrial engineering, management consulting, health care, health, wellness & fitness, hospital & health care, design",http://www.linkedin.com/in/amolvispute,https://rishabhsoft.com,http://www.linkedin.com/company/rishabh-software,https://facebook.com/rishabhsoft,https://twitter.com/rishabhsoft,Vadodara,Gujarat,India,"Padra Road, Vadodara, Gujarat, India, 390012",Vadodara,Gujarat,India,'+91 85111 22697,"Cloudflare DNS, Rackspace MailGun, SendInBlue, Outlook, Microsoft Office 365, Drift, Remote, AI",2000000,,,,,,,false,false,false,false,,69413d05ac27f200011eff2f,69413d06ac27f200011eff63,amolvp2000@gmail.com,Apollo,Verified,Apollo,,,,,
Gomathinayagan,Ar,Head Presales - Technology (Cybersecurity),Value Point Systems Pvt Ltd,Value Point Systems Pvt,,Unavailable,,,,,,Head,Information Technology,travisbootn1sr@fghco.com,,,,'+91 78999 00121,,Cold,Amit,,travisbootn1sr@fghco.com,1300,information technology & services,"it infrastructure solutions, services provider, information security, managed services, consulting & solutions, network infrastructure, cybersecurity & risk advisory, datacenter modernization, cloud transformation, it managed services, soc, noc, it services & it consulting, security, security policy development, firewall management, services, next-gen digital infrastructure, security tools, cloud security, security integration, data security, security frameworks, managed it services, network transformation, threat detection, information technology and services, cyber security solutions, zero trust security, vulnerability management, security incident management, hyper converged infrastructure, it consulting, security training, compliance, cloud computing, cloud services, siem, security deployment, risk management, security policy, cloud security posture management (cspm), endpoint detection and response (edr), hybrid cloud deployment, security operations automation, automation, managed detection and response (mdr), b2b, identity governance, identity and access management, it solutions, digital transformation, endpoint security, vulnerability assessment, security operations, data center services, data privacy, network monitoring, security architecture, cyber threat hunting, business outcomes, security automation tools, customer experience, cloud security posture management, data center modernization, scalability, business transformation, security information and event management (siem), operational efficiency, security audits, security automation, endpoint protection, cloud access security broker (casb), it infrastructure, managed security services, security compliance, threat intelligence, security compliance frameworks, disaster recovery planning, cloud security solutions, security risk assessment, security monitoring solutions, cybersecurity, security consulting, cost optimization, sase framework, security monitoring, technology partners, security analytics, threat prevention, security architecture design, security operations center, security incident response, security orchestration, data loss prevention (dlp), cloud migration, systems integration, next-generation firewalls, consulting, hybrid cloud, disaster recovery, security services, remote support, security data analytics, security strategy, access control solutions, cloud security architecture, computer systems design and related services, digital workplace, cyber security, network security, incident response, remote work security, security lifecycle management, cloud cost optimization, education, automation in security, multi-cloud security, finance, hybrid cloud solutions, business continuity, data center design, network and cloud services, cybersecurity services, it support, healthcare, network optimization, data privacy compliance, computer & network security, information technology & services, management consulting, enterprise software, enterprises, computer software, financial services, health care, health, wellness & fitness, hospital & health care",http://www.linkedin.com/in/gomathinayagan-ar-39a35315,https://valuepointsystems.com,http://www.linkedin.com/company/value-point-systems,https://facebook.com/valuepoint/,https://twitter.com/valuepointsys,Bengaluru,Karnataka,India,"234, Bengaluru, Karnataka, India, 560029",Bengaluru,Karnataka,India,'+91 78999 00121,"Cloudflare DNS, Outlook, CloudFlare Hosting",49000000,,,,,Noventiq,,false,false,false,false,,69413d05ac27f200011eff1b,69413d06ac27f200011eff4f,,,,,,,,,
Prateek,Mishra,Group CISO,Ambit Private Limited,Ambit Private,prateek.mishra@ambit.co,Verified,Apollo,Apollo,,Not Catch-all,2025-12-11T10:15:50+00:00,Entry,"C-Suite, Information Technology",travisbootn1sr@fghco.com,,,,'+91 22398 21819,,Cold,Amit,,travisbootn1sr@fghco.com,1700,financial services,"corporate finance, institutional equities, private wealth, asset management, private equity, sme finance, equities research, ecm, family office, market data, private banking, customized wealth solutions, financial performance, financial technology, capital solutions, investment banking, financial sector india, research analyst registration, financial solutions, financial advisory india, market expertise india, financial growth india, research-driven investment, securities and investment, financial consulting, financial advisory, client relationships, sme lending, market intelligence, client-centric financial planning, market insights, research-driven, market intelligence india, research excellence, market analysis, financial advice, professional leadership, client solutions, equity research, client solutions india, cash flow management, financial planning, financial advice india, services, market expertise, research tools, market understanding india, financial markets india, institutional clients, market trends, private client services, market analysis india, equity capital markets, digital banking, research analyst, regulatory compliance, b2b, research reports, business acumen india, financial innovation, client engagement india, investment strategies, client onboarding india, investment products india, market research, client-focused, sustainable growth, private client, investment products, securities and commodity contracts intermediation and brokerage, customized solutions, consulting, client retention, research support, financial services, client engagement, financial expertise, financial consulting india, research insights india, market understanding, research support services, wealth management, client focus, business acumen, financial analytics, research insights, client-centric solutions, risk management, investment management india, wealth management for uhnw, portfolio management, capital raising, investment solutions india, financial technology india, investment solutions, research methodology india, asset management solutions, wealth creation, client satisfaction, financial services company, capital markets, asset allocation, investment opportunities, client onboarding, research methodology, financial markets, investment advisory, india market, customized financial services, global presence, financial growth, investment banking advisory, wealth creation strategies, ipo advisory, capital raising strategies, tax planning, client relationship management, financial analytics india, venture capital, market strategies, digital banking india, india economy, financial services provider, equity research services, financial sector, client servicing, portfolio management india, equity trading, regulatory compliance india, ipo lead management, india financial services, capital markets execution, research reports india, global private client, pms, aif, smes, business loans, private capital raising, mergers and acquisitions, fund management, trading and sales, corporate access, investment strategy, debt instruments, equity placement, credit solutions, finance consulting, economic advisory, legacy planning, charity funds, personalized banking, debt capital markets, bespoke financing solutions, client centric services, financial literacy, insurance advisory, advisory services, finance, finance technology, information technology & services, management consulting, investment management, mergers & acquisitions, venture capital & private equity",http://www.linkedin.com/in/prateekinfosec,https://ambit.co,http://www.linkedin.com/company/ambit-private-limited,,,Mumbai,Maharashtra,India,"Senapati Bapat Marg, Mumbai, Maharashtra, India, 400013",Mumbai,Maharashtra,India,'+91 22398 21819,"Cloudflare DNS, Sendgrid, Gmail, Google Apps, Microsoft Office 365, Amazon AWS, Mobile Friendly, Multilingual, reCAPTCHA, Facebook Login (Connect), DoubleClick Conversion, Facebook Custom Audiences, Google Font API, Google Tag Manager, Bootstrap Framework, Google Maps, Facebook Widget, Google AdWords Conversion, DoubleClick, Google Dynamic Remarketing, YouTube, JW Player, Google Analytics, Nginx, Google Play, Ubuntu, AI",54700000,112685460,Other,32954350,2024-03-01T00:00:00+00:00,,,false,false,false,false,,69413d05ac27f200011eff2c,69413d06ac27f200011eff60,,,,,,,,,
Sumit,Kumar,Chief Information Security Officer,IDBI Intech LTD,IDBI Intech,sumit.k@idbiintech.com,Verified,Apollo,Apollo,,,2025-12-02T19:58:12+00:00,C suite,"C-Suite, Information Technology",travisbootn1sr@fghco.com,,,,'+91 22391 48000,,Cold,Amit,,travisbootn1sr@fghco.com,1300,information technology & services,"banking softwares, anti money laundering solution, bfsi technologies, payment reconcilation, enterprise wide reconciliation, settlement system, middleware for rtgs, neft, sfms, swift, artificial intelligence, machine learning, public financial management system, real time monitoring system, whatsapp banking, npa management, audit management system, currency chest management, data center services, bpo services, manpower supply services, corporate liquidity management solution, robotics process automation, customer onboarding, disruptive technology, it services & it consulting, enterprise risk management, data security in bfsi, digital banking, banking and insurance it, social media banking, banking data management, banking software solutions, insurance, government, instant account opening app, reconciliation & settlement system, insurance technology, banking operations automation, enterprise software, regulatory intelligence solution, banking api framework, banking digital transformation, business transformation, risk management, operational efficiency, banking security solutions, banking compliance software, automation in bfsi, banking cybersecurity framework, cybersecurity, financial services, banking, social media banking bot, financial crime prevention, anti money laundering, enterprise risk management system, locker management system, mobile banking apps, open banking api, bfsi technology, services, ai in banking, reconciliation system, banking automation, financial services technology, computer systems design and related services, digital banking solutions, digital customer journey, data security, banking data vault, off-site monitoring system, fraud risk management system, transaction automation, b2b, customer experience digital, trade finance technology, banking solutions, business transformation in bfsi, regulatory compliance, data analytics, api banking, npa management system, banking software, regtech, digital onboarding solutions, trade based money laundering detection, liquidity management, automation, cybersecurity in banking, banking digitalization, digital transformation, liquidity management system, regtech solutions, financial technology innovation, currency chest management system, financial technology, regulatory intelligence, instant account opening, trade based money laundering, automated clearing house, public financial management, middleware banking, off-site monitoring, digital compliance solutions, technology integration, connected banking, ai applications, fraud risk management, early warning signals, real time monitoring, data vault, customer due-diligence, kyc compliance, payments automation, bfsi solutions, blockchain technology, client onboarding solutions, compliance reporting, digital customer experience, innovation in fintech, payment processing solutions, customer intelligence, enterprise service bus, mobile banking solutions, cloud-based solutions, saas solutions, disruptive technologies, fintech services, future-ready solutions, finance, information technology & services, enterprises, computer software, computer & network security, finance technology",http://www.linkedin.com/in/sumit-kumar-cissp%c2%ae-ccsp%c2%ae-cciso%c2%ae-90427b53,https://idbiintech.com,http://www.linkedin.com/company/idbiintechltd,https://www.facebook.com/idbiintechltd/,https://twitter.com/IDBIIntechLtd,Navi Mumbai,Maharashtra,India,"39-41 Sakal Bhavan Marg, Navi Mumbai, Maharashtra, India, 400614",Navi Mumbai,Maharashtra,India,'+91 22391 48000,"Google Play, Mobile Friendly, Google Analytics, ASP.NET, Microsoft-IIS, iTunes, Bootstrap Framework, Google Tag Manager, IoT, Phoenix, AI",12000000,,,,,IDBI Bank Ltd.,,false,false,false,false,,69413d05ac27f200011eff25,69413d06ac27f200011eff59,,,,,,,,,
Sankalp,Bhargava,Global Chief Information Security Officer (CISO),Mobileum,Mobileum,sankalp.bhargava@mobileum.com,Verified,Apollo,Apollo,,Catch-all,2025-12-15T14:32:48+00:00,C suite,"C-Suite, Information Technology",travisbootn1sr@fghco.com,,,,'+1 408-844-6600,,Cold,Amit,,travisbootn1sr@fghco.com,2000,telecommunications,"roaming, network security, network testing, service assurance, risk management, data monetization, customer experience management, managed services, network intelligence, telecom, mobile, information technology, information technology & services, internet",http://www.linkedin.com/in/sankalpbhargava,https://mobileum.com,http://www.linkedin.com/company/mobileum,http://www.facebook.com/RoamwareRoaming,http://www.twitter.com/MobileumBigData,Gurgaon,Haryana,India,"20813 Stevens Creek Boulevard, Cupertino, California, United States, 95014",Cupertino,California,United States,'+1 408-844-6600,"AT&T DNS, Outlook, ServiceNow, Amazon AWS, SalesLoft, OneTrust, Barracuda Networks, Salesforce, DoubleClick Conversion, Linkedin Widget, Linkedin Login, Mobile Friendly, Facebook Widget, Nginx, Facebook Login (Connect), Facebook Custom Audiences, Twitter Advertising, Linkedin Marketing Solutions, DoubleClick, Hubspot, Google Analytics, LiveRamp, Google Maps, Google Tag Manager, Google Font API, Wistia, Google Dynamic Remarketing, IoT, Remote, AI",200000000,45000000,Private Equity,,2022-01-01T00:00:00+00:00,,,false,false,false,false,,69413d05ac27f200011eff2d,69413d06ac27f200011eff61,bhargavasankalp@yahoo.com,Apollo,Verified,Apollo,,,,,
Baidyanath,Kumar,Chief Information Security Officer & Data Protection Officer,JK Lakshmi Cement Ltd.,JK Lakshmi Cement,baidyanath.kumar@lc.jkmail.com,Verified,Apollo,Apollo,,,2025-11-17T07:55:03+00:00,C suite,"C-Suite, Information Technology",travisbootn1sr@fghco.com,,,,'+91 80010 22407,'+91 99586 21195,Cold,Amit,,travisbootn1sr@fghco.com,1700,building materials,"cement, plaster of paris, ready mix concrete, aac block, opc, ppc, white cement, adhesives, bond, gypsum plaster, wholesale building materials, advanced technology, aac blocks, automation in cement production, innovative building solutions, wall putty, capacity expansion, sustainable urban development, jk organisation, construction sector growth, sustainable supply chain management, eco-conscious building solutions, sustainable development goals, digital transformation in manufacturing, innovative construction solutions, rmc, building material solutions, sustainable cement, waste management in construction, capacity expansion projects, construction industry, brand, building industry innovation, industrial manufacturing, customer engagement, fly ash blocks, construction project support, climate change mitigation, market expansion, renewable energy projects in industry, sustainable construction, infrastructure development, community development, environmental sustainability, digital transformation, leadership, innovative construction materials, building solutions, construction industry supply chain, b2b, corporate governance, primers, water conservation initiatives, greenfield projects, renewable energy in cement industry, environmental impact reduction, rmc plants, channel partners, training, climate-smart construction, modernized electrical systems, building materials, renewable energy, concrete services, cement quality assurance systems, project management, power plants, manufacturing, industrial automation, green cement, renewable energy integration, construction materials, advanced manufacturing technology, channel distribution network, advanced electrical systems, quality assurance, sustainable infrastructure development, waste heat recovery, builders, social responsibility, sustainable cement production, corporate social responsibility, construction, cement manufacturing, eco-friendly manufacturing, infrastructure, market reach, eco-friendly building materials, environmental compliance, capacity expansion in cement industry, waste heat recovery systems, stakeholder engagement, energy efficiency, digital manufacturing, product innovation, community welfare programs, sustainability, power generation, green building materials, energy-efficient cement plants, cement plants, cement quality control, advanced process control, innovation, supply, jk lakshmi cement, quality, strength, value added solutions, psc, composite cement, platinum heavy duty, smart wall putty, smart bond mortar, csr initiatives, pipeline projects, modern technology, raw materials, market presence, expansion, financial performance, investor relations, technical services, green building, customer satisfaction, high-rise buildings, durability, residential projects, commercial building, logistics management, energy consumption, capital investment, health and sanitation, distribution, environment, clean energy & technology, environmental services, renewables & environment, productivity, mechanical or industrial engineering",http://www.linkedin.com/in/baidyanath-kumar-a22b6979,https://jklakshmicement.com,http://www.linkedin.com/company/jk-lakshmi-cement-ltd,https://www.facebook.com/JKLakshmiCementLtd,https://twitter.com/JKLCofficial,New Delhi,Delhi,India,"New Delhi, Delhi, India, 110002",New Delhi,Delhi,India,'+91 80010 22407,"Facebook Custom Audiences, Google Font API, Google Tag Manager, Google Maps (Non Paid Users), WordPress.org, Facebook Widget, Mobile Friendly, Typekit, AppNexus, Apache, YouTube, Google Analytics, Google Maps, Bootstrap Framework, DoubleClick, Facebook Login (Connect), OpenSSL, Remote",724906000,,,,,,,false,false,false,false,,69413d05ac27f200011eff1e,69413d06ac27f200011eff52,,,,,,,,,
Naresh,Mahendrababu,Vice President & Head - Cybersecurity & Network,Inspirisys Solutions Limited (a CAC Holdings Group Company),Inspirisys Solutions,m.naresh@inspirisys.com,Verified,Apollo,Apollo,,Catch-all,2025-12-16T09:47:54+00:00,Vp,Information Technology,travisbootn1sr@fghco.com,,,'+91 94258 11806,'+1 408-514-5199,'+91 96001 11444,Cold,Amit,,travisbootn1sr@fghco.com,1700,information technology & services,"enterprise security, it infrastructure solutions, data center, network solutions, finacle, banking solution, cloud computing, internet of things, artificial intelligence, product engineering, enterprise mobility, warranty management, it services & it consulting, financial services, it modernization, endpoint security, penetration testing, security threat detection, cloud service provider, cloud automation, digital transformation, cost-efficient cloud architecture, consulting, healthcare, application development, cost-effective cloud, business intelligence, it infrastructure, managed services, cybersecurity, enterprise data center, enterprise cloud management, security operations center, data management, it infrastructure management, information technology and services, cloud security, digital workplace transformation, telecom, scalability, drone-based yield forecasting, security compliance, innovation, cyber security, iot solutions, data center modernization, b2b, insurance, cloud services, it consulting, cloud cost optimization, banking, managed it services, information technology, it services, smart farming solutions, it resilience, computer systems design and related services, automation, security monitoring, cloud migration, it risk management, manufacturing, services, network security, business process re-engineering, product development, risk management, operational efficiency, data security, web application hosting, multi-cloud strategy, remote work solutions, government, vulnerability assessment, digital workplace, infrastructure solutions, cloud governance, security incident response, enterprise data security, cloud platform services, cloud solutions, rpa, infrastructure management, bfsi solutions, government solutions, telecom solutions, healthcare solutions, data center services, robotic process automation, smart farming, digital kiosk solutions, enterprise application integration, digital banking solutions, mobile security, ai solutions, analytics solutions, cloud managed services, it training, audit services, consulting services, staff augmentation, technology innovation, infrastructure as a service, platform as a service, customer experience solutions, multi-function banking services, enterprise software solutions, security event monitoring, incident response services, automation services, client testimonials, saas, finance, internet service providers, information technology & services, enterprise software, enterprises, computer software, computer & network security, health care, health, wellness & fitness, hospital & health care, app development, apps, software development, analytics, management consulting, mechanical or industrial engineering, mobile, internet, paas",http://www.linkedin.com/in/naresh-cybersecurity-leader,https://inspirisys.com,http://www.linkedin.com/company/inspirisys,https://www.facebook.com/inspirisys,https://twitter.com/inspirisys,Chennai,Tamil Nadu,India,"Taylors Road, Chennai, Tamil Nadu, India, 600010",Chennai,Tamil Nadu,India,'+1 408-514-5199,"Cloudflare DNS, Outlook, Microsoft Office 365, CloudFlare Hosting, Atlassian Cloud, OneTrust, Barracuda Networks, Linkedin Marketing Solutions, Facebook Login (Connect), reCAPTCHA, Google Maps, YouTube, Facebook Custom Audiences, Google Maps (Non Paid Users), Google Tag Manager, Facebook Widget, Mobile Friendly, Bootstrap Framework, Remote",45436000,,,,,,,false,false,false,false,,69413d05ac27f200011eff2b,69413d06ac27f200011eff5f,,,,,,,,,
Saravanan,Arunachalam,Head - IT Infrastructure & Cybersecurity,Schwing Stetter India,Schwing Stetter India,saravanan.a@schwingstetterindia.com,Verified,Apollo,Apollo,,,2025-12-12T10:35:46+00:00,Head,Information Technology,travisbootn1sr@fghco.com,,,,'+91 44713 78106,'+91 44 7137 8207,Cold,Amit,,travisbootn1sr@fghco.com,2000,machinery,"manufacturer of concreting construction equipment, concrete batching plant, transit truck mixers, concrete pump, concrete boom pump, concrete recycler plant, self loading mixers, tower cranes, sludge pumps, construction equipment manufacturing, innovation, future of construction, machinery manufacturing, industrial machinery, sustainable construction equipment, concrete industry, advanced concrete technology, equipment maintenance, smart construction machinery, cost-effective machinery, construction machinery, fuel-saving features, modular construction equipment, construction equipment training, after-sales support, construction equipment repair, construction site equipment, construction equipment certification, product innovation, construction equipment leasing, manufacturing facilities, concrete batching plants, concrete construction equipment, concrete waste recycling, b2b, environmental sustainability, construction equipment modernization, concreting equipment, government, global standards, eco-friendly machinery, construction project equipment, oem supplier, construction industry, industrial automation, recycling plants, urban construction machinery, construction site safety, construction automation, product development, construction equipment safety standards, mini excavators, self-diagnostic modules, product portfolio, customer satisfaction, high-performance machinery, biodiesel engines, reliable equipment, concrete machinery, training programs, self-loading mixers, heavy machinery, building materials, heavy equipment export, heavy equipment manufacturing, modular plant design, services, construction equipment, material handling equipment manufacturing, digital construction solutions, building construction equipment, concrete pumps, industrial equipment, large-scale infrastructure equipment, state-of-the-art manufacturing, construction industry equipment, innovative construction solutions, infrastructure projects, construction machinery innovation, education, manufacturing, distribution, transportation & logistics, mechanical or industrial engineering",http://www.linkedin.com/in/saravanan-arunachalam-51760125,https://schwingstetterindia.com,http://www.linkedin.com/company/schwingstetterindia,https://facebook.com/schwingstetterindia,https://twitter.com/SchwingIndia,Chennai,Tamil Nadu,India,"Sipcot Industrial Estate Road, Sriperumbudur, Tamil Nadu, India, 602117",Sriperumbudur,Tamil Nadu,India,'+91 44713 78106,"Amazon CloudFront, Route 53, Mimecast, Outlook, Microsoft Office 365, Amazon AWS",6464000000,,,,,,,false,false,false,false,,69413d05ac27f200011eff18,69413d06ac27f200011eff4c,,,,,,,,,
Joseph,Dmello,Head - IT Infrastructure & CyberSecurity,Shalina Healthcare,Shalina Healthcare,joseph.dmello@shalina.com,Verified,Apollo,Apollo,,,2025-12-11T06:41:46+00:00,Head,Information Technology,travisbootn1sr@fghco.com,,,'+91 82910 05999,'+971 4 430 9111,,Cold,Amit,,travisbootn1sr@fghco.com,1400,pharmaceuticals,"pharmaceuticals, branded generics, consumer healthcare, africa, otc, diagnostics, pharmaceutical manufacturing, b2c, healthcare services, family-owned business, health services, services, medical depot setup, health innovation, healthcare expansion, community health, distribution, b2b, medical devices, manufacturing, therapeutic areas, healthcare, market access, health access, medical supply chain management, medical product distribution, healthcare access in rural areas, african healthcare, medical research, d2c, family-owned, remoteness access, affordable medicines, product portfolio, medical innovation, medical diagnostics, market leader, healthcare capacity building, health products, medical product portfolio, medical community, generics, medical brands, affordable medicines in africa, medical supplies, medical manufacturing in africa, private company, medical factory accreditation, healthcare access, medical manufacturing, patient care, supply chain management, global manufacturing, medical products, medical facilities, generic medicines, global operations, retail, therapeutic drugs, healthcare infrastructure, remote healthcare access, medical product branding, affordable healthcare, healthcare social impact, medical product quality assurance, supply chain, healthcare technology, african healthcare markets, diagnostic services in africa, healthcare sustainability, medical product innovation africa, dermatology, private healthcare company, quality medicines, healthcare logistics, healthcare social responsibility, pharmaceutical and medicine manufacturing, healthcare supply chain africa, community health initiatives, community health programs, medical supply chain, healthcare distribution, healthcare products, quality healthcare, prescription brands, consumer health brands, everyday wellness, anti-malarials, anti-infectives, oral health, health education, disease prevention, health management, safe medical supplies, charcoal toothpaste, fluoride toothpaste, enamel restoration, cavity prevention, healthy gums, fresh breath, tooth decay prevention, health diagnostics, laboratory services, diagnostic testing, consumer wellness products, malaria treatment, respiratory health, pain management, anti-inflammatory, cardiovascular therapy, men's health, women's health, gastrointestinal health, nutritional supplements, self-care products, community outreach, affordable medicine, wellness education, trusted healthcare brands, health and nutrition, malaria control initiatives, health webinars, medical awareness campaigns, diagnostic laboratories, international healthcare standards, who-approved facilities, non-profit, medical, health care, health, wellness & fitness, hospital & health care, mechanical or industrial engineering, logistics & supply chain, nonprofit organization management",http://www.linkedin.com/in/joseph-dmello-331b719,https://shalina.com,http://www.linkedin.com/company/shalina-healthcare,,,Mumbai,Maharashtra,India,"أبراج بحيرات الجميرا, Dubai, Dubai, United Arab Emirates",Dubai,Dubai,United Arab Emirates,'+971 4 430 9111,"Outlook, Microsoft Office 365, Oracle Cloud, Facebook Widget, Facebook Custom Audiences, Shutterstock, Google Tag Manager, YouTube, Mobile Friendly, Vimeo, Adobe Media Optimizer, Cedexis Radar, WordPress.org, Facebook Login (Connect), Bootstrap Framework, Google Font API, Remote, AI",10000000,,,,,,,false,false,false,false,,69413d05ac27f200011eff1d,69413d06ac27f200011eff51,josephdmello21@gmail.com,Apollo,Verified,Apollo,,,,,
Divakar,T,Senior Manager - CISO Org India,AMI,AMI,divakart@amiindia.co.in,Verified,Apollo,Apollo,,Not Catch-all,2025-11-28T04:33:49+00:00,Manager,"C-Suite, Information Technology",travisbootn1sr@fghco.com,,,,'+1 770-246-8600,,Cold,Amit,,travisbootn1sr@fghco.com,1500,computer & network security,"bios, remote management, efi firmware, uefi, bmc, oob, dmtf redfish, iot firmware, nvme backplane controllers, firmware security monitoring, firmware monitoring solutions, firmware security industry, intel sgx enclaves, firmware vulnerability scanning, firmware security challenges, firmware security automation tools, firmware security trends, firmware supply chain, open source firmware projects, firmware security architecture, firmware security testing, confidential computing, firmware integrity, firmware security strategies, firmware architecture, open source firmware development, secure enclaves, firmware attestation, firmware trends, firmware security innovations, firmware management system, firmware security, firmware industry standards, firmware solutions, firmware best practices, computer systems design and related services, firmware industry, firmware development kit, firmware certification, security automation, open source firmware, firmware ecosystem, firmware lifecycle management, information technology and services, b2b, firmware security standards, firmware security best practices, platform root of trust, firmware resiliency, aptio openedition, firmware security solutions, firmware vulnerability management tools, firmware supply chain integrity, firmware security framework, firmware lifecycle, computer hardware, computer software, firmware supply chain integrity solutions, firmware security compliance standards, firmware security automation, firmware security compliance, firmware security trends and challenges, data center security, embedded systems, firmware supply chain security, firmware security technologies, firmware tools, data center services, firmware standards, firmware resiliency solutions, firmware compliance, firmware security protocols and standards, firmware security ecosystem development, firmware challenges, openbmc, firmware technologies, arm firmware solutions, cloud security, firmware security tools, open compute project, firmware patch management, security advisories, firmware policies, megarac management, firmware security best practices for data centers, firmware security testing frameworks, zero trust firmware, firmware automation, uefi support, firmware security testing tools, firmware supply chain security solutions, firmware security protocols, firmware development environment, firmware resiliency in cloud environments, uefi bios, firmware security certification, firmware security certification programs, firmware security frameworks, firmware innovations, firmware attestation service, supply chain attestation, firmware strategies, firmware vulnerability management, firmware protocols, firmware vulnerability prevention, supply chain security, open source firmware management, cybersecurity, firmware patch deployment, firmware supply chain attestation solutions, services, firmware security policies, firmware supply chain attestation, secure boot, firmware monitoring, firmware management tools, open source firmware development kits, firmware security ecosystem, firmware management platform, open source firmware for embedded devices, dynamic firmware, ami true, aptio uefi firmware, megarac openeditions, service processor solution, tektagon, data center management, bios solutions, memory resilience technology, platform security, code patches, developer support, technical support, extensible framework, resource management, robust firmware development, cybersecurity threats, trusted compute status, scalable solutions, modular firmware architecture, cloud-to-edge applications, enclosure management, remote management solutions, secure application keys, compliance with data security regulations, risk mitigation strategies, continuous firmware updates, innovative firmware solutions, ai cluster management, remote firmware recovery, risk assessment, bios customization tools, iot device security, embedded firmware solutions, high roi firmware, information technology & services, embedded hardware & software, hardware",http://www.linkedin.com/in/divakar-t-87131936,https://ami.com,http://www.linkedin.com/company/ami,https://facebook.com/AMI-112144290374420,https://twitter.com/AMI_PR,Chennai,Tamil Nadu,India,"3095 Satellite Blvd, Duluth, Georgia, United States, 30096-5814",Duluth,Georgia,United States,'+1 770-246-8600,"Salesforce, Sendgrid, Outlook, Microsoft Office 365, VueJS, WP Engine, GitLab",335000000,,Other,,2019-04-01T00:00:00+00:00,THL Partners (thl.com),,false,false,false,false,,69413d05ac27f200011eff1c,69413d06ac27f200011eff50,,,,,,,,,
Suparna,Dutta,Chief Information Security Officer,ClinChoice,ClinChoice,suparna.dutta@clinchoice.com,Verified,Apollo,Apollo,,,2025-11-28T04:51:33+00:00,C suite,"C-Suite, Information Technology",travisbootn1sr@fghco.com,,,'+91 81790 25089,'+1 215-283-6035,,Cold,Amit,,travisbootn1sr@fghco.com,2000,pharmaceuticals,"fullservice cro, clinical development, postmarketing, realworld evidence, quality & compliance, technology, consulting, fsp solution, fullservice solutions, pharma & biotech, medical device & diagnostics, consumer health, project management, pharmaceutical manufacturing, productivity, pharmaceuticals, medical",http://www.linkedin.com/in/suparna-dutta-a192b4131,https://clinchoice.com,http://www.linkedin.com/company/clinchoice,https://facebook.com/clinchoiceofficial,https://twitter.com/ClinChoice,Hyderabad,Telangana,India,"300 Welsh Rd, Horsham, Pennsylvania, United States, 19044",Horsham,Pennsylvania,United States,'+1 215-283-6035,"Outlook, WP Engine, Remote",1000000000,150000000,Series E,150000000,2022-07-01T00:00:00+00:00,,,false,false,false,false,,69413d05ac27f200011eff23,69413d06ac27f200011eff57,,,,,,,,,
Milind,Dharmadhikari,Practice Head - Cybersecurity,Suma Soft Pvt Ltd,Suma Soft Pvt,milind.dharmadhikari@sumasoft.net,Verified,Apollo,Apollo,,Catch-all,2025-12-11T14:13:22+00:00,Head,Information Technology,travisbootn1sr@fghco.com,,,,'+91 28140 84861,,Cold,Amit,,travisbootn1sr@fghco.com,1800,information technology & services,"software & mobile development services, it risk & security management service, technical support services, software testing, ai & ml, bpm services, it services & it consulting, azure synapse analytics, azure data integration, microsoft fabric big data, microsoft fabric data science compliance, data management, microsoft fabric data engineering, data science, azure data science & machine learning, computer systems design and related services, logistics and supply chain, data science services, data integration, data processing, cloud migration services, microsoft fabric data lakes, custom software, microsoft fabric ai-driven growth, microsoft fabric data strategy, microsoft fabric data science models, azure data science, services, azure data governance, ai/ml services, microsoft fabric implementation, microsoft fabric cloud data, big data, azure data operations, cloud solutions, microsoft fabric data science security, data security, data science & automation, data governance, data warehousing, azure data science & automation, microsoft fabric data governance, e-commerce, data strategy, financial services, operational efficiency, azure data lake, system integration, information technology and services, data operations, it consulting, mobile app development, microsoft fabric data migration, logistics, microsoft fabric data science automation, consulting, azure data optimization, data engineering, microsoft fabric data science visualization, azure data infrastructure, project management, azure data engineering, microsoft fabric data security, azure data warehouse, data-driven decisions, azure data visualization, azure data analytics, data insights, government, microsoft fabric data insights, power bi consulting, data infrastructure, innovation, data science & analytics, business process management, data science & visualization, retail, data migration, data pipelines, data platform, azure data factory, microsoft fabric migration, microsoft fabric data platform, it outsourcing, outsourcing, microsoft fabric consulting, azure data security, microsoft fabric data warehouse, power bi dashboards, data engineering services, azure data strategy, azure data science & insights, real time intelligence, microsoft fabric data integration, manufacturing, data analytics tools, data science & insights, technology consulting, bpo, banking, data platform migration, cyber security, open source development, azure data platform, data security & compliance, data science & ai, data science & machine learning, microsoft fabric data infrastructure, it services, azure data science & analytics, compliance, microsoft fabric data processing, data engineering & pipelines, business intelligence, b2b, microsoft fabric data pipelines, application development, azure data science & ai, microsoft fabric services, azure data insights, data optimization, data visualization, cloud migration, microsoft fabric data analytics, cloud security, software development, microsoft fabric data science insights, automation, microsoft fabric data visualization, azure data processing, azure data platform migration, healthcare, azure data migration, azure data science & visualization, microsoft fabric data science, digital transformation, microsoft fabric data optimization, azure data factory pipelines, microsoft fabric data pipelines optimization, it infrastructure, azure data security & compliance, microsoft fabric real-time analytics, azure data management, data analytics, d2c, azure machine learning, devops consulting, mobile application development, legacy system modernization, integration services, e-commerce solutions, cross-platform compatibility, performance testing, agile methodology, managed services, custom software solutions, business process management (bpm), sap integration, crm development, underwriting support services, remote monitoring, software maintenance, compliance services, digital forensics, enterprise mobility, customer service automation, microservices architecture, user experience design, content management systems (cms), enterprise resource planning (erp), nlp solutions, chatbot development, serverless architecture, project management consulting, business analytics, api management, web development services, software product engineering, energy efficiency solutions, data security services, e-learning solutions, healthcare it solutions, iot integration services, scalable application solutions, finance, education, distribution, transportation & logistics, energy & utilities, construction & real estate, information technology & services, logistics & supply chain, enterprise software, enterprises, computer software, cloud computing, computer & network security, consumer internet, consumers, internet, management consulting, productivity, outsourcing/offshoring, mechanical or industrial engineering, analytics, app development, apps, health care, health, wellness & fitness, hospital & health care, design",http://www.linkedin.com/in/milinddharmadhikari,https://sumasoft.com,http://www.linkedin.com/company/suma-soft-pvt-ltd,https://www.facebook.com/SumaSoftPvtLtd/,https://twitter.com/SumaSoftPvtLtd,Mumbai,Maharashtra,India,"Great Marathi Warrior Mahadji Shind Road, Pune, Maharashtra, India, 411007",Pune,Maharashtra,India,'+91 28140 84861,"Gmail, Google Apps, Microsoft Azure Hosting, Sendgrid, Outlook, Microsoft Office 365, Amazon AWS, JQuery 2.1.1, Zoho SalesIQ, WordPress.org, Google Tag Manager, Mobile Friendly, Ruby On Rails, Google Font API, Apache, AI, Remote, Android, Circle",115600000,,,,,,,false,false,false,false,,69413d05ac27f200011eff30,69413d06ac27f200011eff64,,,,,,,,,
Abhijit,Chatterjee,"Sr. Director IT & Corp Comm, CISO",TCG Lifesciences Pvt Ltd.,TCG Lifesciences Pvt,abhijit.chatterjee@tcgls.com,Verified,Apollo,Apollo,,,2025-11-22T10:10:24+00:00,Director,"C-Suite, Information Technology",travisbootn1sr@fghco.com,,,,'+91 33 2367 3151,'+91 97481 41100,Cold,Amit,,travisbootn1sr@fghco.com,1100,research,"chemistry, biology, preclinical discovery, early development services, integrated services, analytical validation, scale up, api manufacturing, polymer, specialty chemicals, biotech process optimization, contract research, cgmp manufacturing, research and development, central nervous system, biomedical collaborations, pharmacokinetics, discovery research platforms, pharma collaborations, research partnerships, services, pharmaceutical chemistry, cgmp api production, fda approved facilities, pharmaceutical research, research infrastructure, global pharma partnerships, biotech manufacturing support, discovery and development, in vivo pharmacology, process development, research collaborations, advanced infrastructure, biotech pipeline management, chemistry synthesis, in vitro pharmacology, regulatory compliance, discovery research, infectious diseases, biotech manufacturing facilities, discovery and development services, therapeutic areas, world-class laboratories, medical research, research and development in the physical, engineering, and life sciences, global research presence, drug discovery, drug development services, clinical research infrastructure, integrated project support, pharma r&d services, biotech innovation platforms, therapeutic research, biotech research, b2b, drug metabolism, analytical validation services, drug pipeline development, preclinical research, biotech r&d, drug process validation, biotech research infrastructure, biotech partnerships, drug synthesis, integrated drug discovery, drug development efficiency, drug development lifecycle, pharmacokinetics and adme, electrophysiology labs, pharmaceutical process, biotech innovation in pharma, drug development, data analytics, drug synthesis technology, aaalac-certified animal facility, data science, biotech and pharma collaborations, drug process development, biotech manufacturing, biotech collaborations, drug discovery pipeline, life sciences, drug development acceleration, data science in pharma, cdmo services, pharma industry, drug process research, biotech process scale-up, oncology, biotech industry services, discovery services, dmpk, pharmaceuticals, preclinical services, biotechnology, pharmaceutical manufacturing, aaalac animal facility, innovative technology platforms, custom manufacturing, clinical research services, biotech and pharma alliances, biotech and pharma partnerships, inflammation & pain, chemical synthesis, pharmacokinetics studies, drug synthesis expertise, cgmp kilo labs, clinical research support, cgmp api manufacturing, analytical development, biotech and pharma, clinical trial readiness, biotech process development, clinical trial support, contract research organizations, therapeutic area focus, contract research organization, scientific expertise, pharma services, integrated r&d solutions, preclinical development services, biomedical research, pharmaceutical r&d, drug pipeline, biotech research collaborations, pharmaceutical process research, biotech innovation, animal facilities, us fda accredited, biotech industry, cdmo, active pharmaceutical ingredients, r&d solutions, preclinical studies, gmp compliance, cgmp, fine chemicals, platform technologies, animal facility, collaborative research, inflamation & pain, intermediates, quality control, innovation engine, flexible engagement models, dedicated project teams, transparent communication, efficient cycle times, scientific excellence, sustainability in pharmaceuticals, clinical trials, technology transfer, cutting-edge laboratories, biopharmaceuticals, collaboration with academia, strategic partnerships, integrated drug development, industrial experience, healthcare, manufacturing, research & development, hospital & health care, medical, health care, health, wellness & fitness, mechanical or industrial engineering",http://www.linkedin.com/in/abhijitchatterjee,https://tcgls.com,http://www.linkedin.com/company/tcg-lifesciences-limited,https://www.facebook.com/TCGCRO/,https://twitter.com/TCGLifesciences,Kolkata,West Bengal,India,"7, Kolkata, West Bengal, India, 700097",Kolkata,West Bengal,India,'+91 33 2367 3151,,150000000,,,,,,,false,false,false,false,,69413d05ac27f200011eff22,69413d06ac27f200011eff56,,,,,,,,,
Girish,Kulkarni,Sr Director - Chief Information Security Officer,Aurionpro,Aurionpro,girish.kulkarni@aurionpro.com,Verified,Apollo,Apollo,,,2025-12-08T13:08:22+00:00,C suite,"C-Suite, Information Technology",travisbootn1sr@fghco.com,,,'+91 91369 93068,'+91 22 4040 7070,,Cold,Amit,,travisbootn1sr@fghco.com,1800,information technology & services,"banking transformation, retail banking, aurionpro customer experience, queue management system, self service kiosk, customer feedback system, digital signage solution, wholesale banking, transaction banking solution, corporate internet banking, payments, collections, receivables management, liquidity management, financial supply chain management, trade portal, credit risk management, smartlender financial analysis, origination, approval, collateral, limit management, postapproval, smart lender cloud, treasury & capital markets, fx connect, smart city & smart mobility, digital twin city platform, centralized project management system platform, ott platform solutions, smart mobility, automatic fare collection, itms, hardware components afc, transit payment solution, professional services, g2g support services, consulting services, managed it services for software, data center services, hybrid cloud services, specialized services, payment services, artificial intelligence, transaction banking, software development, enterprise payment systems, payment solutions, global expansion, payment collection, enterprise solutions, multi-currency payments, b2b payment platforms, payment automation platform, multi-currency payment solutions, enterprise fintech solutions, fintech, payment collection automation, managed it services, fintech innovation, client onboarding solutions, operational efficiency, b2b payment systems, digital banking innovation, global enterprise solutions, data analytics, payment ecosystem development, technology consulting, payment processing, digital onboarding, fintech product innovation, payment gateway integration, consulting, digital onboarding solutions, digital transformation consulting, custom software development, transaction banking software, client support, logistics industry payments, banking, customer experience, self-service kiosks, market expansion, enterprise support services, custom software, transaction management, blockchain in banking, cloud services, enterprise integration, operational support, digital finance, global payments infrastructure, automation, financial services, digital banking platforms, enterprise software, computer systems design and related services, logistics payments, managed services, transaction management software, financial services technology, product launch, regulatory compliance in fintech, blockchain technology, partnerships, services, technology partnerships, custom fintech platforms, global fintech partnerships, software integration, digital onboarding for banks, digital payment platforms, digital transformation, digital banking solutions, b2b payment ecosystem, fintech ecosystem, innovation, payment ecosystem, government solutions, fintech platforms, logistics payment solutions, transaction banking platforms, b2b payments, payment automation, b2b payment automation, b2b, multi-currency transactions, digital transformation in banking, queue management systems, client onboarding, stripe partnership, payment ecosystems, blockchain-based payments, client-specific fintech solutions, government, multi-currency transaction platform, digital banking, digital finance platforms, enterprise digital banking, global enterprise support, regulatory compliance, client solutions, logistics industry solutions, market expansion strategies, enterprise fintech, product innovation, blockchain solutions, financial institutions, custom software solutions, client customization, regulatory compliance tools, global payment infrastructure, fintech product development, fintech solutions, financial technology, information technology and services, enterprise technology, digital onboarding platform, partnerships with stripe, enterprise transformation, digital signage solutions, loan management solution, transaction banking solutions, payments solutions, digital supply chain, smart city solutions, omni-channel payments, tech innovation group, customer experience solutions, branch transformation, retail banking solutions, wholesale banking solutions, dynamic customer intelligence, real-time branch analytics, customer journey optimization, e-governance solutions, transit payment solutions, automated fare collection, cloud treasury solutions, multi-function kiosk, digital experience transformation, credit risk analytics, payments ecosystem, smart lending solutions, centralized project management, digital twins city platform, government support services, dynamic reporting tools, risk management solutions, smart finance solutions, ai-powered platforms, seamless payment experience, mobile payment solutions, customer engagement solutions, finance, distribution, transportation & logistics, professional training & coaching, management consulting, information technology & services, finance technology, cloud computing, enterprises, computer software",http://www.linkedin.com/in/girish-kulkarni-a3353a22,https://aurionpro.com,http://www.linkedin.com/company/aurionpro-solutions,,,Mumbai,Maharashtra,India,"Thane Belapur Road, Navi Mumbai, Maharashtra, India, 400701",Navi Mumbai,Maharashtra,India,'+91 22 4040 7070,"Gmail, Outlook, Google Apps, Microsoft Office 365, Amazon AWS, Apache, Shutterstock, Bootstrap Framework, reCAPTCHA, Mobile Friendly, Google Tag Manager, Google Font API, WordPress.org, AI",137307000,,,,,,,false,false,false,false,,69413d05ac27f200011eff24,69413d06ac27f200011eff58,,,,,,,,,
Arup,Mandal,Head - IT and Cybersecurity,Ather Energy,Ather Energy,arup.mandal@atherenergy.com,Verified,Apollo,Apollo,,Catch-all,2025-12-08T07:34:12+00:00,Head,Information Technology,travisbootn1sr@fghco.com,,,,'+91 76766 00900,,Cold,Amit,,travisbootn1sr@fghco.com,1700,automotive,"two wheeler, electric vehicle, battery management, smart technology, manufacturing, intelligence in 2w, software development, electric vehicles, batteries, connected cars, hardware, clean technology, information technology, motor vehicle manufacturing, fast charging stations, electric vehicle software, electrical equipment and appliance manufacturing, fast charging, ather vehicle innovation, remote diagnostics, ather customer support, battery technology, electric vehicle technology, high-performance ev, family electric scooter, battery warranty, smart connectivity, electric scooter technology, ather vehicle financing, smart helmets india, ather vehicle safety features, urban ev solutions, electric vehicle ecosystem, automotive manufacturing, transportation and logistics, touchscreen dashboard, sustainable mobility, ather vehicle updates, ather roadside assistance, ather customer service, ather vehicle accessories, ev charging stations india, ather rizta, ather grid, smart features, long-range ev, ather 450 plus, ather rizta family scooter, electric vehicle infrastructure, public charging points india, automobile and light duty motor vehicle manufacturing, electric scooter price india, urban ev adoption, ather vehicle safety, home charging solutions, ather grid network, ather 450x features, fast chargers india, ather accessories, ather 450x software, electric scooter safety features, battery replacement, manufacturing facility, ather vehicle warranty, software updates, ather experience centers, ather vehicle ownership, fast charging grid, atherstack pro, electric vehicle ecosystem india, battery management system, electric scooter accessories, ather vehicle design, e-commerce, ather vehicle charging, in-house battery design, urban mobility solutions, ather charging stations, ather vehicle features, ev charging network, electric vehicle sustainability, ather ride experience, ather charging options, ather fast charging, ather app, b2c, electric vehicle warranty, electric scooter safety, urban transport, consumer electronics and accessories, ather 450x, ev scooters, services, ather dealer network, ather smart helmets, electric scooter maintenance, ather vehicle connectivity, over-the-air updates, d2c, ather service centers, electric vehicle safety, customer experience, indian ev market, urban ev charging, smart mobility, cloud connectivity, electric scooter charging, ather 450s, ather vehicle software updates, cloud-based updates, ather vehicle ecosystem, ather service network, ather vehicle maintenance, ather 450 apex, urban consumers, ather vehicle range, ather baas, electric vehicle innovation, ather scooter pricing, electric scooter range, ather vehicle performance, ather ipo, urban ev infrastructure, electric scooter models, retail, electric scooters, electric vehicle market india, ather vehicle service, ather vehicle models, ev charging, fast charging network, smart helmets, rizta series, bluetooth connectivity, dashboard navigation, ride modes, emergency stop signal, theft alerts, roadside assistance, annual maintenance plan, test ride, accessories for scooters, eco-friendly commuting, family scooters, spacious storage, motorcycle-like performance, skid control, multi-stop trip planner, battery degradation protection, smart modular system, walking aid technology, real-time traffic updates, test ride booking, charge locator, online booking experience, compact design, safety features, mobility ecosystem, consumer finance options, engineering innovation, battery protect plan, ride-sharing features, intercom integration, personal charging solutions, hassle-free ownership, ergonomic design, app-controlled functions, user-friendly interface, group ride notifications, extendable battery life, road assistance services, scooter customization, motor shutdown safety, local charging stages, smart charge management, finance, distribution, consumer products & retail, transportation & logistics, energy & utilities, mechanical or industrial engineering, information technology & services, clean energy & technology, environmental services, renewables & environment, automotive, consumer internet, consumers, internet, financial services",http://www.linkedin.com/in/arupmandal,https://atherenergy.com,http://www.linkedin.com/company/ather-energy,http://www.facebook.com/atherenergy,https://twitter.com/atherenergy,Bengaluru,Karnataka,India,"Bannerghatta Main Road, Bengaluru, Karnataka, India, 560029",Bengaluru,Karnataka,India,'+91 76766 00900,"Cloudflare DNS, Sendgrid, Gmail, Google Apps, MailChimp SPF, Microsoft Office 365, CloudFlare Hosting, Bluekai, Zoho Email, CloudFlare, Typeform, Mobile Friendly, Shopify, Facebook Login (Connect), Facebook Widget, Facebook Custom Audiences, YouTube, Google Tag Manager, Reviews",219302000,,,,,,,false,false,false,false,,69413d05ac27f200011eff28,69413d06ac27f200011eff5c,,,,,,,,,
Vivek,Gupta,"Head IT - Marketing, Digital Business and Cybersecurity",Marico Limited,Marico,vivek.gupta@marico.com,Verified,Apollo,Apollo,,,2025-11-18T06:41:36+00:00,Head,"Information Technology, Marketing",travisbootn1sr@fghco.com,,,,'+91 22 6648 0480,,Cold,Amit,,travisbootn1sr@fghco.com,1900,mechanical or industrial engineering,"consumer goods, manufacturing, plant-based protein, supply chain optimization, corporate governance, sustainable packaging, digital-first brands, herbal formulations, food and beverage, premium oils, consumer-centric, superfoods, skin care, global presence, innovation, market strategy, product development, wellness, e-commerce, agriculture transformation, d2c, natural skincare, product portfolio, sustainable growth, natural ingredients, sustainable agriculture, consumer engagement, climate-smart practices, consumer insights, water conservation, hair care, digital marketing, b2c, market growth, beauty and wellness, healthy spreads, rural empowerment, fmcg, retail, digital transformation, plant-based oils, customer loyalty, product quality assurance, market analysis, beauty products, sustainability initiatives, product lifecycle management, nutrition, grooming products, sustainability practices, supply chain, d2c brands, digital marketing strategies, market expansion strategies, international markets, digital brands, product diversification, sustainability, supply chain management, brand portfolio management, brand recognition, market penetration, supply chain logistics, soft drink and ice manufacturing, skincare, wellness products, personal care, immunity boosting products, market expansion, fragrance, premium personal care, online presence, health foods, customer engagement, brand building, male grooming, diversified portfolio, hair oils, plant-based nutrition, organic food products, health and wellness, brand management, brand portfolio, edible oils, farmers empowerment, market leadership, sustainable sourcing, vegan gourmet products, herbal hair dyes, water neutrality, product innovation, plant-based snacks, ethnic hair styling, eco-friendly packaging, coconut oil, hair styling, body lotion, anti-lice treatment, food products, consumer products, grooming essentials, youth care, premium brand, healthier living, immunity boosting, diversity, market leader, ethical practices, investor relations, cross-category brands, family care, hair gel, body wash, face wash, nutritional snacks, hair serum, children's care products, kitchen essentials, environmental sustainability, csr, value creation, performance growth, distribution strategy, distribution, consumer products & retail, transportation & logistics, consumers, mechanical or industrial engineering, food & beverages, consumer internet, internet, information technology & services, marketing & advertising, health, wellness & fitness, environmental services, renewables & environment, logistics & supply chain",http://www.linkedin.com/in/vivekgupta1988,https://marico.com,http://www.linkedin.com/company/maricolimited,https://www.facebook.com/MaricoCampusConnections,https://twitter.com/maricobuzz,Mumbai,Maharashtra,India,"103 CST Road, Mumbai, Maharashtra, India, 400098",Mumbai,Maharashtra,India,'+91 22 6648 0480,"Salesforce, SMTP.com, Outlook, Microsoft Office 365, Amazon AWS, Amazon SES, Google Maps (Non Paid Users), Google Font API, Mobile Friendly, YouTube, Google Custom Search, Google Tag Manager, Google Analytics, Google Maps, Remote, AI",1267874000,,,,,,,false,false,false,false,,69413d05ac27f200011eff2e,69413d06ac27f200011eff62,,,,,,,,,
Ramesh,Gopal,Vice President & Head - Global Infrastructure & Cybersecurity Servjces,Nucleus Software,Nucleus,ramesh.gopal@nucleussoftware.com,Verified,Apollo,Apollo,,,2025-11-30T19:34:46+00:00,Vp,Information Technology,travisbootn1sr@fghco.com,,,,'+91 12 0403 1400,,Cold,Amit,,travisbootn1sr@fghco.com,1900,information technology & services,"nucleus provides specialization in specific areas within banking & financial services domain, retail & corporate banking automotive & islamic finance, nucleus software has aligned dedicated development teams, business experts & testing, qa teams on these dimensions, lending application software, transaction banking application software, digital transformation for financial services, software development, modular banking solutions, microcredit, islamic finance, cloud banking, loan servicing, omni-channel banking, digital collection platform, retail, api for financial inclusion, api for real-time payments, islamic banking software, banking automation, banking system integration, professional services, fintech api platform, api platform, fintech partnerships, regulatory compliant apis, digital customer onboarding, managed services, digital onboarding, transaction banking apis, api for cross-border payments, regtech api solutions, cloud infrastructure, loan origination, enterprise banking software, consulting, automated credit decisions, api-driven banking, microcredit api, transaction banking, b2b, digital banking apis, digital lending automation, mobile banking solutions, api for supply chain finance, microloan api, ai-driven credit scoring, finnone neo, banking, regtech, banking innovation, digital financial inclusion tools, api management, customer experience, analytics, microfinance solutions, customer engagement, digital banking ecosystem, enterprise software, retail banking, banking apis ecosystem, api security, api for liquidity management, ai-powered banking, api for sme lending, data management, digital loan origination, innovation, customer acquisition, digital cash solutions, financial technology, ai in banking, digital loan servicing, data analytics in banking, services, scalable banking software, financial inclusion, debt collection, automotive finance platform, api integration, banking data security, loan management, loan management system, financial services software, fintech open banking, operational efficiency, end-to-end lending, cloud banking platform, fintech, banking apis, payment gateway integration, api for customer onboarding, digital banking, digital payments, computer systems design and related services, secure banking platform, real-time payments, liquidity management, digital transformation, global banking solutions, regulatory technology, banking software, cloud-native banking, api for debt collection, modular banking, scalable banking platform, regulatory compliance, banking process automation, microfinance api, digital trade finance, automotive lending, digital lending, secure banking solutions, financial services, offline digital payments, banking security, corporate banking, microfinance digital platform, fintech solutions, api-driven solutions, digital lending solutions, transaction banking software, financial inclusion platform, cloud banking services, automated loan management, corporate lending software, retail lending solutions, islamic finance solutions, fintech innovation, mobile banking applications, microcredit access, financial analytics tools, automotive lending software, customer acquisition system, loan servicing technology, receivables management, payment processing solutions, liquidity management software, financial supply chain solutions, omnichannel banking experience, customer engagement solutions, business process automation, robust technology platform, service oriented architecture, intelligent decisioning, real-time fraud detection, data analytics services, customizable finance solutions, digital onboarding processes, financial transaction optimization, secure banking applications, peer-to-peer payment systems, scalable financial services, business intelligence tools, integration with erp systems, digital transformation in banking, ai-driven financial services, debt collection automation, end-to-end banking solutions, microfinance support, state-of-the-art fintech software, financial system modernization, data-driven decision making, highly modular banking solutions, next-generation cloud technology, finance, information technology & services, professional training & coaching, enterprises, computer software, internet infrastructure, internet, finance technology",http://www.linkedin.com/in/rameshpammal241096,https://nucleussoftware.com,http://www.linkedin.com/company/nucleus-software-exports-limited,https://www.facebook.com/nucleussoftware/,https://twitter.com/nucleussoftware,Chennai,Tamil Nadu,India,"Noida, Uttar Pradesh, India, 201304",Noida,Uttar Pradesh,India,'+91 12 0403 1400,"Route 53, Outlook, Microsoft Office 365, WordPress.org, Vimeo, Google Tag Manager, YouTube, Mobile Friendly, Google AdWords Conversion, Apache, Hubspot, Bootstrap Framework, DoubleClick Conversion, DoubleClick, ASP.NET, Linkedin Marketing Solutions, Google Font API, Google Dynamic Remarketing, Render, AI",97422000,,,,,,,false,false,false,false,,69413d05ac27f200011eff1f,69413d06ac27f200011eff53,,,,,,,,,
Sagar,Chavan,Senior Vice President & Chief Information Security Officer,Axis Mutual Fund,Axis Mutual Fund,sagar.chavan@axismf.com,Verified,Apollo,Apollo,,,2025-12-12T09:41:36+00:00,C suite,"C-Suite, Information Technology",travisbootn1sr@fghco.com,,,,'+91 22 4325 5161,,Cold,Amit,,travisbootn1sr@fghco.com,1400,financial services,"mutual funds, etf, investment in 1 minute, investment packs, hybrid fund, elss, sip, balanced advantage fund, equity fund, debt fund, newsletter, passive index fund, fund distribution network, equity funds, financial planning, digital investment platform, global presence, manufacturing, innovation, esg funds, financial advisor, financial hubs, customer experience, fund performance analytics, overseas funds, international presence in finance hubs, services, asset management, fund management expertise, fund nav tracking, global asset management, digital investor services, b2c, technology, retail investors, hni investors, financial services, index funds, market risks, fund governance, investor base, nri-focused funds, index tracking funds, asset classes, customer-centric services, fund compliance standards, wealth management, investment objectives, long-term growth, fund distribution, mobile app, market risk management, fund performance review, retail investor schemes, risk management, market risk mitigation, hybrid funds, nri funds, mutual fund schemes in india, fund transparency, investment planning tools, investment solutions, hybrid schemes, infrastructure, investment schemes, fund size, corporate accounts, asset allocation strategies, diversified asset classes, healthcare, trust accounts, debt funds, fund performance, diversified portfolio, arbitrage schemes, quantitative strategies, arbitrage funds, investment philosophy, fund performance benchmarking, technology platform, high net worth investor schemes, fund schemes, investment risk profiling, mutual fund, securities and commodity contracts intermediation and brokerage, fund management, retail, investment planning, lumpsum investment, goal planning, debt schemes, equity schemes, direct funds, regular funds, small cap fund, mid cap fund, multi cap fund, annualised returns, benchmark returns, investment growth, investor awareness, kyc, e-mandate, moneyiq, invest iq, scheme performance, investor login, trending schemes, fof-overseas, fof-domestic, returns tracking, investment options, asset allocation, market close, online investment, investment strategy, investment portfolio, tax efficient investment, diversity in funds, consumer finance, trusts act, axis mutual fund, investment returns, investment education, retail investment, financial literacy, equity investment, finance, distribution, mechanical or industrial engineering, investment management, health care, health, wellness & fitness, hospital & health care, mobile apps",http://www.linkedin.com/in/sagar-chavan-cissp,https://axismf.com,http://www.linkedin.com/company/axis-mutual-fund,https://www.facebook.com/axismutualfund,https://twitter.com/axismutualfund?lang=en,Mumbai,Maharashtra,India,"Mumbai, Maharashtra, India, 400013",Mumbai,Maharashtra,India,'+91 22 4325 5161,"Akamai, Akamai DNS, Outlook, Microsoft Office 365, Amazon SES, Cedexis Radar, YouTube, Facebook Login (Connect), Linkedin Marketing Solutions, Google Tag Manager, Adobe Media Optimizer, SOASTA, DoubleClick, Facebook Custom Audiences, DoubleClick Floodlight, Ruxit, Facebook Widget, Intive Referrals, Google Dynamic Remarketing, Mobile Friendly, Bing Ads, Multilingual, DoubleClick Conversion, Google AdWords Conversion, Vimeo, Taboola, Google Analytics, Google Font API, Google Play, AI",63990000,,,,,,,false,false,false,false,,69413d05ac27f200011eff29,69413d06ac27f200011eff5d,,,,,,,,,
Ajay,Agrawal,Chief Information Security Officer (CISO) VP- Information Security,Gainsight,Gainsight,ajagrawal@gainsight.com,Verified,Apollo,Apollo,,,2025-11-20T07:44:38+00:00,C suite,"C-Suite, Information Technology",travisbootn1sr@fghco.com,,,'+91 99722 44392,'+1 888-623-8562,,Cold,Amit,,travisbootn1sr@fghco.com,1200,information technology & services,"saas, customer success, customer experience management, customer enagement, customer retention, product management, customer journey, recurring revenue, product experience, revenue optimization, customer experience, customer data, user data, product analytics, product adoption, onboarding, retention, revenue, growth, customercentric, enterprise, software, lms, customer community, customer education, ai, generative ai, enterprise software, predictive analytics, information technology, software development, risk detection, customer experience ai, customer success operations, professional services, customer experience enhancement, self-service customer portals, customer success software, customer success ai models, customer journey optimization tools, customer success ecosystem, customer engagement, apis for customer success, ai-driven insights, customer success saas solutions, customer success tools, customer data unification platforms, software as a service (saas), customer success management software, customer success ai platforms, customer engagement analytics, revenue growth, customer success technology, customer journey analytics, business software, customer lifecycle management, digital transformation, customer feedback ai analysis, customer segmentation tools, customer journey orchestration, customer journey mapping tools, community management, customer success saas, customer segmentation ai, customer data analytics, customer success analytics tools, workflow automation, customer success management, predictive analytics in saas, customer success saas software, b2b, customer success saas solution, customer journey personalization, customer success platform, customer feedback management, customer satisfaction analytics, customer data platform saas, customer success platform integration, real-time customer insights, customer success platform ai, community building, customer feedback collection, personalized customer engagement, customer journey mapping ai, revenue expansion, customer success platform automation, customer risk scoring, customer data platform, customer engagement automation, customer success ai tools, customer engagement chatbots, customer success ai insights, customer journey automation, customer data enrichment, customer data integration saas, customer lifecycle automation, customer health scoring algorithms, upsell and cross-sell, customer success playbooks, customer success automation tools, churn prediction models, workflow automation in saas, customer success saas platform, customer experience platforms, customer success automation platforms, saas customer success, ai in customer success, customer feedback tools, churn prevention, customer success strategy, customer success solutions, customer segmentation, product adoption tools, customer data management saas, customer health scoring, customer data integration, customer success automation, customer success analytics, services, customer engagement optimization, customer success metrics, churn reduction, customer feedback integration, customer success platform saas, customer success saas platforms, customer engagement platforms, customer success platform api, computer systems design and related services, customer data enrichment saas, customer success ai solutions, customer lifecycle management software, customer success strategy tools, customer success saas tools, customer success metrics dashboard, customer data analytics tools, product experience management, customer data unification, automation, customer journey mapping, customer engagement personalization, customer upsell prediction, ai-powered solutions, retention strategies, churn prediction, user adoption, in-app engagements, customer insights, customer health scores, automated playbooks, feedback mechanism, real-time analytics, saas solutions, data integration, onboarding programs, training resources, user journey mapping, proactive support, expansion opportunities, cross-functional collaboration, sentiment analysis, nps tracking, self-service portals, customer communities, human-first ai, customer onboarding, service automation, engagement metrics, lifecycle management, upsell opportunities, education programs, actionable insights, digital customer success, voice of the customer, customer risk management, user experience optimization, customer feedback, community engagement, integration with crms, enterprise application, computer software, information technology & services, enterprises, professional training & coaching, analytics",http://www.linkedin.com/in/ajayag,https://gainsight.com,http://www.linkedin.com/company/gainsight,https://www.facebook.com/gainsight/,https://twitter.com/gainsighthq,Hyderabad,Telangana,India,"350 Bay St, San Francisco, California, United States, 94133-1947",San Francisco,California,United States,'+1 888-623-8562,"UltraDns, Sendgrid, Gmail, Mimecast, Google Apps, Zendesk, Mixpanel, Amplitude, Vidyard, Digital Ocean DNS, Atlassian Cloud, Citrix, MongoDB, iCIMS, Salesforce, Google Tag Manager, WordPress.org, YouTube, Mobile Friendly, Vimeo, Gainsight, AI",100000000,156000000,Series E,52000000,2017-05-09T00:00:00+00:00,Vista Equity Partners (vistaequitypartners.com),,false,false,false,false,,69413d05ac27f200011eff2a,69413d06ac27f200011eff5e,,,,,,,,,
Gagandeep,Sharma,Chief Information Security Officer,Midland Microfin Ltd,Midland Microfin,gagandeep.sharma1@midlandmicrofin.com,Verified,Apollo,Apollo,,Not Catch-all,2025-11-27T07:42:10+00:00,C suite,"C-Suite, Information Technology",travisbootn1sr@fghco.com,,,,'+91 80013 70600,'+91 98735 46000,Cold,Amit,,travisbootn1sr@fghco.com,1600,financial services,"financial inclusion, continuous innovation, microloans, first microfinance institution of the region, great place to work certified, technology driven, social impact assessment, banking, rural india, b2b, financial sustainability, microfinance innovation, inclusive growth, digital financial inclusion, branch network, technology-driven, women-centric financial products, microfinance outreach, sme loans, grassroots growth, digital disbursement, asset growth, microenterprise financing, microfinance technology, digital loan processing, social impact, loan management, microfinance sector, micro-enterprise loans, financial resilience, tech-enabled microfinance, client support, client empowerment, asset under management, microfinance operational efficiency, retail, regulatory compliance, social impact products, strategic partnerships, rural microfinance, community-based lending, credit risk management, risk management, financial literacy training, social development, digital platform, financial literacy, operational efficiency, digital banking, loan portfolio, community upliftment, credit monitoring, women entrepreneurs support, nbfc, women empowerment, community financial services, jlg model, microfinance institution, digital financial ecosystem, financial empowerment, branch network expansion, rural women empowerment, microfinance for women, rural banking, microfinance growth strategy, services, rural financial services, microfinance digital transformation, technology adoption, microfinance risk management, microcredit, customer-centric, loan disbursement, community development, client outreach, social impact measurement, women-led enterprise support, microfinance technology platform, social impact loans, other nondepository credit intermediation, last-mile delivery, branch expansion, loan recovery, financial services, digital credit delivery, responsible lending, social initiatives, women-focused microcredit, digital financial services, microfinance, digital disbursement platform, sustainable microfinance, b2c, financial stability, rural economic development, inclusive finance, loan products, rural development, business loans, micro-enterprises, insurance services, csr initiatives, sustainable development, economic empowerment, joint liability groups, banking regulations, social performance management, green financing, affordable loans, education loans, sanitation loans, healthcare financing, livelihood support, dairy loans, collateral-free lending, economic upliftment, peer-to-peer lending, transparency in finance, client testimonials, community engagement, credit discipline, financial services delivery, stakeholder partnerships, corporate governance, women entrepreneurs, savings products, investment support, entrepreneurial training, inclusive economic growth, impact assessment, finance, sustainability, environmental services, renewables & environment",http://www.linkedin.com/in/sharma-gagandeep,https://midlandmicrofin.com,http://www.linkedin.com/company/midlandmicrofinltd,https://www.facebook.com/midlandmicrofin,,Jalandhar,Punjab,India,"Jalandhar, Punjab, India, 144001",Jalandhar,Punjab,India,'+91 80013 70600,"Gmail, Google Apps, GoDaddy Hosting, Media Temple SSL, Digital Ocean DNS, WordPress.org, Google Font API, Apache, Google Tag Manager, Mobile Friendly, Remote, AI",,3100000,Venture (Round not Specified),3100000,2020-05-05T00:00:00+00:00,,,false,false,false,false,,69413d05ac27f200011eff20,69413d06ac27f200011eff54,,,,,,,,,
