First Name,Last Name,Title,Company Name,Company Name for Emails,Email,Email Status,Primary Email Source,Primary Email Verification Source,Email Confidence,Primary Email Catch-all Status,Primary Email Last Verified At,Seniority,Departments,Contact Owner,Work Direct Phone,Home Phone,Mobile Phone,Corporate Phone,Other Phone,Stage,Lists,Last Contacted,Account Owner,# Employees,Industry,Keywords,Person Linkedin Url,Website,Company Linkedin Url,Facebook Url,Twitter Url,City,State,Country,Company Address,Company City,Company State,Company Country,Company Phone,Technologies,Annual Revenue,Total Funding,Latest Funding,Latest Funding Amount,Last Raised At,Subsidiary of,Email Sent,Email Open,Email Bounced,Replied,Demoed,Number of Retail Locations,Apollo Contact Id,Apollo Account Id,Secondary Email,Secondary Email Source,Secondary Email Status,Secondary Email Verification Source,Tertiary Email,Tertiary Email Source,Tertiary Email Status,Tertiary Email Verification Source
Girish,Kumar,Solutions Architect,Abjayon Inc.,Abjayon,"",Unavailable,"","","","","",Entry,Information Technology,vsk13@byon.in,"","","",'+1 510-824-3260,"",Cold,s,"","",370,information technology & services,"digital engineering, utilities, digital transformation, healthcare, customer experience, software development, utility industry innovation, managed services, oracle customer cloud platform, api development, oracle utilities iot solutions, innovation in utilities, predictive maintenance, oracle energy disaggregation, business process re-engineering, oracle utilities customer experience, oracle asset health management, oracle utilities, oracle utilities integration, smart metering, data analytics, oracle c2m/ccb solutions, iot integration, system migration, smart grid integration, oracle grid edge analytics, b2c, cloud enablement, technical support services, customer support, computer systems design and related services, oracle wam/wacs upgrades, oracle utilities asset optimization, oracle utilities data management, b2b, oracle utilities performance tuning, energy and water utilities, implementation support, oracle hospitality solutions, oracle wacs implementation, customer lifecycle management, process automation, customer engagement, smart metering technologies, real-time analytics, oracle gold partner, asset management, api integration, oracle smart grid solutions, grid modernization, utilities industry solutions, customer cloud solutions, product engineering, data-driven insights, customer satisfaction, oracle utilities consulting, system performance tuning, customer portal development, oracle outage management, government, oracle mdm for utilities, oracle utilities data lake, utility asset health, d2c, performance optimization, oracle utilities system support, edge analytics, critical situation management, energy data analytics, performance monitoring, system integration, oracle utilities managed services, global delivery, energy disaggregation, energy efficiency, hospitality, technical architecture, sustainable growth, solution engineering, oracle fault detection, oracle utilities implementation, remote monitoring, ai-driven platforms, oracle utilities product suite, customer relationship management, oracle utilities ai/ml applications, oracle utilities outage management, operational efficiency, ai/ml solutions, it services, oracle utilities cloud solutions, business continuity, oracle utilities digital platform, oracle utilities asset management, system monitoring, oracle utilities project delivery, oracle utilities smart metering, remote system management, grid resilience, process optimization, oracle utilities customer cloud, cloud implementation, oracle utilities integration services, services, oracle utilities grid management, oracle utilities cloud migration, fault detection, oracle utilities system re-engineering, solutioning, consulting, oracle utilities system upgrade, oracle energy and water solutions, impresa cx, impresa insights, impresa field service, impresa prepaid, utilities consulting, customer engagement platform, advanced metering infrastructure, smart metering integrations, meter data management, energy management system, customer information system, billing solutions, distributed energy resources, self-service portal, customer experience management, cloud integration, scalability solutions, integration services, data monetization, real-time monitoring, predictive analysis, demand side management, resource planning, remote field services, mobile workforce management, enterprise resource planning, business process automation, microservices architecture, modular application design, configurability, reporting and analytics, cost reduction strategies, cloud mastery, user experience design, customer retention solutions, flexible payment systems, prepaid billing solutions, digital engineering solutions, finance, distribution, health care, health, wellness & fitness, hospital & health care, information technology & services, environmental services, renewables & environment, leisure, travel & tourism, crm, sales, enterprise software, enterprises, computer software, design, financial services",http://www.linkedin.com/in/girishkumarug,https://abjayon.com,http://www.linkedin.com/company/abjayon,https://www.facebook.com/abjayon,https://twitter.com/abjayon,Bengaluru,Karnataka,India,"42808 Christy St, Fremont, California, United States, 94538",Fremont,California,United States,'+1 510-824-3260,"Amazon CloudFront, Route 53, Outlook, Microsoft Office 365, Amazon AWS, reCAPTCHA, Google Font API, Mobile Friendly, Apache, Google Analytics, Google Tag Manager, YouTube, Gravity Forms, WordPress.org, AI","","","","","","",true,false,false,false,false,"",6909f8033c9ad800018120f0,6909f8043c9ad80001812148,"","","","","","","",""
Vivek,Jalukar,Solutions Architect,Maharashtra Knowledge Corporation Limited (MKCL),Maharashtra Knowledge,vivekj@mkcl.org,User Managed,User Managed,User Managed,"",Not Catch-all,"",Entry,Information Technology,vsk13@byon.in,"","","",'+91 20 4011 4500,'+91 99224 02751,Cold,s,"","",1500,information technology & services,"elearning, egovernance, eempowerment, software development, e-learning, internet, information technology & services, computer software, education, education management",http://www.linkedin.com/in/vivek-jalukar-78742492,https://mkcl.org,http://www.linkedin.com/company/mkcl,"","",Pune,Maharashtra,India,"Senapati Bapat Road, Pune, Maharashtra, India, 411016",Pune,Maharashtra,India,'+91 20 4011 4500,"Route 53, Gmail, Outlook, Google Apps, Google Font API, Google Maps, Google Tag Manager, Bootstrap Framework, Nginx, Hotjar, Google Maps (Non Paid Users), Mobile Friendly, Google Analytics",29000000,"","","","","",true,false,false,false,false,"",6909f8033c9ad800018120e1,6909f8043c9ad80001812145,"","","","","","","",""
Aditya,Dosar,Solutions Architect,Microlink Solutions Pvt. Ltd.,Microlink Solutions Pvt,adityad@microlink.co.in,User Managed,User Managed,User Managed,"",Catch-all,"",Entry,Information Technology,vsk13@byon.in,"","","",'+91 79410 69000,"",Cold,s,"","",590,information technology & services,"enterprise network, system infrastructure, security, safety solution, collaboration, datacenter solution, facility management, helpdesk, intelligent bms, cyber security, it services & it consulting, it modernization solutions, enterprise it, technology stack integration, custom software solutions, cloud-based it solutions, consulting, modern it infrastructure, it deployment services, it modernization projects, project execution, system integration, it deployment, enterprise technology, technology consulting, technology solutions, it project implementation, it operations optimization, it infrastructure services, project management, enterprise it consulting, it implementation, business digital support, cloud platform integration, digital initiatives, it support, it consulting projects, enterprise software, it infrastructure management, it project delivery, it system integration services, it support for corporate clients, it architecture planning, it deployment strategies, digital transformation, digital initiative acceleration, corporate it, it support and maintenance, digital initiatives support, corporate it support, it system design, modern it approach, it project consulting, it project management services, it solutions provider, automattic tools, it solutions from major platforms, enterprise system design, it consulting firm, cloud services, cloud computing, it consulting expertise, it solutions architecture, it infrastructure consulting, software development, it support for institutions, it modernization, b2b, technical architecture, it support services, digital strategy, it solutions, it consulting services, medium and large enterprises, it consulting, enterprise system integration, digital transformation support, business technology solutions, it architecture design, it infrastructure development, it operations, business it solutions, it solutions for digital age, system integration for enterprises, it infrastructure, computer systems design and related services, it services, google platforms, it support for large companies, technology platforms, enterprise it support, system integration tools, cloud infrastructure design, it infrastructure optimization, business growth support, corporate technology support, technology stack, it support systems, custom it solutions, it infrastructure setup, enterprise it architecture, information technology and services, services, it solutions for business growth, it architecture, it infrastructure design, it service provider, it support solutions, it project execution, it service management, customized it solutions, business support services, software engineering, it strategy, it project management, it consulting solutions, computer & network security, information technology & services, management consulting, productivity, enterprises, computer software, marketing, marketing & advertising, information architecture",http://www.linkedin.com/in/aditya-dosar-413623147,https://microlink.co.in,http://www.linkedin.com/company/microlinksolutionpvtltd,https://facebook.com/microlinksolutions,"",Old Ziro,"",India,"Iskcon Cross Road, Ahmedabad, Gujarat, India, 380015",Ahmedabad,Gujarat,India,'+91 79410 69000,"Sendgrid, Outlook, Microsoft Office 365, Remote","","","","","","",true,false,false,false,false,"",6909f8033c9ad800018120e6,6909f8043c9ad80001812147,"","","","","","","",""
Anil,Kardani,Baan Infor LN - Solutions Architect,VitalEdge Technologies,VitalEdge,akardani@e-emphasys.com,User Managed,User Managed,User Managed,"","","",Entry,Information Technology,vsk13@byon.in,"","",'+91 84229 92603,'+1 919-657-6565,"",Cold,s,"","",800,information technology & services,"product development, consulting, it services, product engineering services, business process outsourcing, erp, business intelligence, software development, warranty management, complex inventory management, scalable architecture, equipment dealership solutions, inventory forecasting, field service management, cloud-based platform, data analytics, performance dashboards, inventory replenishment, innovation, customer portals, e-commerce, asset management, customer self-service portals, distribution, mining equipment tracking, fleet maintenance scheduling, parts procurement automation, sanitation resources, fleet tracking, workflow automation, oem integration, mobile inspection tools, agriculture equipment operations, predictive maintenance, inventory management, oem integrations, construction management, dynamic pricing, customizable dashboards, automated service dispatch, advanced telematics integration, demand forecasting, financial management, growth-driven technology, enterprise resource planning, fleet utilization, vendor management, aggregate equipment, dealer management system, operational efficiency, forestry, forestry fleet management, real-time inventory tracking, user-friendly interface, construction equipment management, real-time fleet monitoring, supply chain automation, rental fleet management, heavy truck, aggregate equipment inventory, digital transformation, construction, cloud erp, profitability analytics, proactive customer communication, fleet management, proactive maintenance, comprehensive operational control, supply chain management, scalable software, mobile inspection workflows, cybersecurity, data-driven decision making, equipment rental software, dealer performance analytics, remote diagnostics, equipment rental, industry-specific solutions, cloud hosting, rental asset tracking, digital signatures, integrated portals, automated procurement, equipment lifecycle management, industry-specific modules, heavy truck service management, predictive analytics, multi-location dealership support, data intelligence in equipment industry, enterprise software, ai analytics, customer engagement, digital document management, mining, erp software, iot integration, cloud software, automated parts ordering, digital transformation for dealers, cloud security, service scheduling, parts management, integrated warranty management, crm integration, business process automation, mobile field service, computer systems design and related services, customer experience enhancement, integrated dealer management system, data security, telematics platforms, b2b, automation, agriculture, automated reporting, parts inventory control, real-time reporting, customer relationship management, predictive analytics for dealerships, rental management software, iot-enabled equipment monitoring, oem warranty integration, financial reporting, dealer performance optimization, warranty claims processing, services, mobile workforce management, multi-channel communication, multi-industry solutions, automated workflows, multi-location support, sanitation fleet optimization, equipment dealer management software, erp solutions, integrated systems, data intelligence, cloud deployment, financial operations, sales management, rental management, supplier management, inspection applications, document management, data privacy, real-time insights, profitability improvement, market-leading technology, oem partnerships, customer satisfaction, service management, self-service portals, e-commerce functionality, disaster recovery, data backup solutions, decision-making tools, business growth strategies, performance monitoring, cross-functional collaboration, analytics and reporting, mobile access, technical support, client success teams, training and development, process standardization, heavy equipment, material handling, agriculture technology, financial forecasting, information technology & services, analytics, consumer internet, consumers, internet, enterprises, computer software, logistics & supply chain, cloud computing, computer & network security, crm, sales, training & development",http://www.linkedin.com/in/anil-kardani-718a4a56,https://vitaledge.com,http://www.linkedin.com/company/vitaledge-technologies,https://www.facebook.com/vitaledgetechnologies/,"",Mumbai,Maharashtra,India,"2501 Weston Pkwy, Cary, North Carolina, United States, 27513-2327",Cary,North Carolina,United States,'+1 919-657-6565,"",60000000,"","","","","",true,false,false,false,false,"",6909f8033c9ad800018120f1,6909f8043c9ad8000181213b,"","","","","","","",""
Pradeep,Pantula,Solutions Architect,Alacriti,Alacriti,pradeep.pantula@alacriti.com,User Managed,User Managed,User Managed,"",Not Catch-all,"",Entry,Information Technology,vsk13@byon.in,"","",'+91 97013 70664,'+1 908-791-2916,"",Cold,s,"","",380,financial services,"bill payments, ebpp, faster payments, financial technology, payment technology, payment solutions, online payments, financial services, digital disbursements, realtime payments, rtp, digital payments, instant payments, payments hub, money movement, fednow, ach, wires, zelle, iso 20022, payment infrastructure, financial institutions, payment system scalability, b2c, multi-rail payment processing, fintech, multi-channel payments, request for pay, money movement solutions, banking system connectivity, banking api integration, e-commerce, payment compliance, operational efficiency, payment system automation, p2p transfers, services, scalability, customer onboarding, payment efficiency, exception handling, real-time fraud prevention, cross-border payments support, legacy system integration, payment modernization, fraud detection, ach processing, payment orchestration, fednow certified, payment system resilience, customer engagement tools, rtp network, payment analytics, apis and sdks, payment reconciliation automation, payment data analytics, payment processing, customer-centric payment solutions, financial transactions processing, reserve, and clearinghouse activities, unified money movement, payment data security, cloud payments platform, rtp network provider, iso 20022 standards, digital wallet integration, payment reconciliation, payment flexibility, payment compliance automation, fednow integration, customer experience, faster payment adoption, b2b, visa direct partner, payment network connectivity, open api architecture, d2c, payment automation, cloud-native microservices, payment lifecycle management, payment scalability, payment security, payment transaction monitoring, payment integration, legacy system modernization, payment validation, payment apis, cloud-native platform, flexibility, payment settlement, compliance tools, api integration, electronic bill presentment & payment, payment reporting, payment system integration, visa direct, payment rails, payment fraud detection, digital transformation, instant disbursement solutions, cash flow management, real-time payments, payment platform, billing and payments, electronic bill presentment, payment transfers, payouts, check processing, ach payments, fednow service, cloud-native payments, microservices architecture, payment channels, payment options, automated payments, payment infrastructure modernization, financial systems integration, cost efficiency, consumer payments, frictionless transactions, payment customization, risk management solutions, operational savings, simplified payment solutions, b2c payments, mobile payments, web payments, ivr payments, self-service portals, transaction management, payment visibility, integrated payment solutions, payment service providers, customer retention strategy, finance, finance technology, information technology & services, consumer internet, consumers, internet, computer & network security, mobile, payments",http://www.linkedin.com/in/pradeeppantula,https://alacriti.com,http://www.linkedin.com/company/alacriti-inc-,https://facebook.com/Alacriti/,https://twitter.com/Alacriti,Hyderabad,Telangana,India,"100 Somerset Corporate Blvd, Bridgewater, New Jersey, United States, 08807-2842",Bridgewater,New Jersey,United States,'+1 908-791-2916,"Salesforce, Route 53, Amazon SES, Gmail, Pardot, Google Apps, Amazon AWS, Drift, Wistia, Google Dynamic Remarketing, DoubleClick Conversion, Apache, Linkedin Marketing Solutions, Google Analytics, Google Font API, WordPress.org, Quantcast, Google Analytics Ecommerce Tracking, DoubleClick, Mobile Friendly, Google Tag Manager, Hubspot, CrazyEgg, Bootstrap Framework, Remote, AI",35000000,"","","","","",true,false,false,false,false,"",6909f8033c9ad800018120ef,6909f8043c9ad8000181213c,"","","","","","","",""
Rajeev,Kuchana,Solutions Architect,Scry AI,Scry AI,rajeev.kuchana@scryai.com,User Managed,User Managed,User Managed,"",Not Catch-all,"",Entry,Information Technology,vsk13@byon.in,"","",'+91 82970 33664,'+1 408-740-8017,"",Cold,s,"","",210,information technology & services,"artificial intelligence, machine learning, automation, data analytics, big data, intelligent document processing, straight through processing, enterprise application, b2b software, ai software, cognitive computing, predictive analytics, erp, prescriptive analytics, deep learning, data analysis, algorithms, enterprise software, enterprise ai, data science, digital transformation, ai based data engineering, internet of things, smart city, pervasive computing, metaverse, analytics, information technology, software, software development, kyc/kyb extraction, ai deployment, data visualization, enterprise integration, ai for manufacturing, ai for complex diagram analysis, supply chain ai, ai for public infrastructure, ai automation, financial data analysis, iot platform, fraud detection, financial services, ai for enterprise knowledge, on-premises ai, construction site ai, ai for government services, predictive alerts, infra monitoring drones, construction safety ai, financial technology, edge computing ai, ai dashboards, ai for healthcare diagnostics, real-time insights, semantic search, fraud detection ai, ai compliance, regulatory compliance, services, customer support ai, ai monitoring, ai for fraud prevention, ai scalability, drone infrared monitoring, data security, iso 27001, supply chain management, ai for industrial safety, predictive maintenance ai, healthcare technology, data privacy, ai workflows, enterprise ai solutions, ai document processing, ai for energy management, information technology and services, audit-ready ai, ai for insurance underwriting, ai for regulatory reporting, financial analysis, ai for environmental monitoring, data reconciliation, engineering diagram conversion, loan processing, business intelligence, unstructured data analysis, financial spreading automation, ai for smart cities, digital twin, ai feedback loop, ai for manufacturing automation, utilities, ai inference, smart utilities ai, healthcare, ai for financial risk, smart city ai, explainable ai, computer systems design and related services, ai explainability, insurance automation, natural language processing, edge ai, ai for city infrastructure, operational ai, supply chain optimization, cloud deployment, workflow automation, ai security standards, b2b, operational efficiency ai, multilingual ai interface, ai for healthcare records, ai for public safety, ai model validation, digital archive digitization, risk management, data validation, automated decision-making, data security soc2, smart utilities management, unstructured data, ai model training, multilingual ai, government, drone monitoring, digital twin modeling, ai for public sector, complex diagram understanding, big data analytics, ai for asset management, document reconciliation, engineering diagram processing, insurance claims automation, ai for healthcare, predictive maintenance, manufacturing, data tagging, conversational ai, operational efficiency, supply chain ai models, loan document processing, industry-specific ai, ai pipelines, ai training data, data enrichment, ai-powered document processing, real-time market intelligence, api connectivity, customer support automation, ai customization, industrial iot integration, document extraction, intelligent automation, data extraction, anomaly detection, financial fraud detection, document processing, iot solutions, user-friendly interface, data integration, cloud-based solutions, customizable ai, data relationship extraction, entity profiling, operational risk, customer insights, data governance, machine learning algorithms, sentiment analysis, supplier risk prediction, financial spreading, technical support automation, contract analysis, behavioral analysis, financial analytics, data quality control, performance benchmarking, real-time alerts, social media monitoring, kyc automation, document classification, data lineage, business process automation, compliance automation, predictive modelling, finance, legal, construction, information technology & services, enterprises, computer software, computer & network security, finance technology, logistics & supply chain, health care, health, wellness & fitness, hospital & health care, mechanical or industrial engineering, social media, consumer internet, consumers, internet",http://www.linkedin.com/in/rajeev-kuchana-5313227a,https://scryai.com,http://www.linkedin.com/company/scryai,https://www.facebook.com/scryai,https://twitter.com/scryai,Hyderabad,Telangana,India,"2635 N 1st St, San Jose, California, United States, 95134-2000",San Jose,California,United States,'+1 408-740-8017,"Amazon SES, Gmail, Google Apps, Microsoft Office 365, GoDaddy Hosting, MailChimp SPF, Amazon AWS, MongoDB, Hotjar, WordPress.org, Varnish, Google Tag Manager, Nginx, Bootstrap Framework, reCAPTCHA, DoubleClick, Mobile Friendly, Hubspot, Data Analytics, Remote, AI",5000000,"","","","","",true,false,false,false,false,"",6909f8043c9ad80001812103,6909f8043c9ad8000181213e,"","","","","","","",""
Ankit,Goel,Solutions Architect,Skyvera,Skyvera,ankit.goel@skyvera.com,User Managed,User Managed,User Managed,"",Catch-all,"",Entry,Information Technology,vsk13@byon.in,"","","",'+1 512-957-0150,'+91 95600 34021,Cold,s,"","",85,telecommunications,"mobile content transfer, mobile device diagnostics, mobile data wipe, solutions for operators & retailers, transparent caching, internet content delivery optimization, streaming video delivery, network optimization, contact center solutions, virtual contact center, multichannel contact center, telecommunications, multiaccess edge computing, customer experience, interworking networks, cloud deployment, multi-cloud support, telecom agility, telecom cloud platform, cost-effective solutions, data analytics, cloud bss/oss stack, cloud-native telco, cloud migration, oss solutions, innovation, telecom digital platform, cloud bss, scalable telecom platforms, cloud platform, edge computing, telco cloud support services, software as a service, cloud membership system, microservices architecture, ran software solutions, charging systems, telecom digital services, public cloud, api-driven, content delivery acceleration, cloud support, cost-effective telecom solutions, cloud-based subscriber management, subscriber retention, telecom software solutions, scalable platforms, subscriber analytics, charging system, policy control, content delivery platform, telecom api ecosystem, support services, software, data lake, operational efficiency, cloud integration, telco software, network management, cloud-native development, content delivery optimization, telecom software, digital transformation, mobile management, api-driven integration, multi-channel contact center, cloud-native software, cloud cost optimization, telco enterprise software, open api architecture, service orchestration, consulting, telco saas, telecom network modernization, open api, content delivery network, centralized campaign management, ran software, telecom support services, saas, telco bss/oss, mobile lifecycle management, real-time analytics, telco cloud-native architecture, digital services, api integration, enterprise software, customer engagement, analytics, multi-tenant telecom platform, digital telco transformation, bss/oss, convergent billing, telecom modernization, cloud infrastructure, telecom cloud migration, cloud-native, cloud architecture, cloud-based bss, cloud security, telco software acquisition, content optimization, software publishers, contact center, telecom apis, b2b, network performance, data-driven insights, subscriber experience, membership system, telecom operational efficiency, oss, telecom product innovation, product innovation, services, content delivery, telecom automation, cloud-based solutions, public cloud migration, telco software innovation, bss/oss stack, cloud-native technology, customer experience enhancement, ai-driven solutions, cost optimization, automated billing systems, subscriber management, order management, configure price quote (cpq), cloud optimization services, telecom operators, telecommunications industry, data lake solutions, campaign management, legacy software modernization, service delivery enhancement, cloud infrastructure management, telecom product portfolio, multi-channel integration, revenue stream creation, flexible product offerings, business process automation, telecommunication service providers, customer support services, telecom digital strategy, cloud credits, membership programs, vendor acquisition, cloud service providers, software as a service (saas), telecom analytics, subscriber experience improvement, cost-saving opportunities, cloud-native solutions, b2b sales processes, market shares, customer loyalty initiatives, business performance analysis, technology integration, mobile service management, computer software, information technology & services, enterprises, internet infrastructure, internet",http://www.linkedin.com/in/ankit-goel-79806147,https://skyvera.com,http://www.linkedin.com/company/skyvera,"",https://twitter.com/zephyrtel_,Old Ziro,"",India,"401 Congress Avenue, Austin, Texas, United States, 78701",Austin,Texas,United States,'+1 512-957-0150,"Salesforce, Route 53, Amazon SES, Gmail, Outlook, Google Apps, Microsoft Office 365, Zendesk, MailChimp SPF, Amazon AWS, WP Engine, Atlassian Cloud, React, Python, Google Tag Manager, Vimeo, Mobile Friendly, Bootstrap Framework, Varnish, WordPress.org, Nginx, Hubspot, Google Font API, Circle, Remote, Avaya",2111000,49200000,Series C,14600000,2016-04-06T00:00:00+00:00,TelcoDR (telcodr.com),true,false,false,false,false,"",6909f8043c9ad800018120fc,6909f8043c9ad8000181214f,"","","","","","","",""
Ravi,Rana,Solutions Architect,CloudKeeper,CloudKeeper,ravi.rana@cloudkeeper.com,User Managed,User Managed,User Managed,"",Not Catch-all,"",Entry,Information Technology,vsk13@byon.in,"","","",'+1 201-633-2314,"",Cold,s,"","",250,information technology & services,"cloud, aws, cloud cost optimization, cloud cost management, cloud consulting, finops support, services, guaranteed savings on aws, google cloud, devops consulting, aws enterprise discount program, google cloud experts, aws experts, save cloud costs, cloud optimization, gcp well architected framework reviews, aws well architected reviews, aws migration, gcp migration, 24x7 cloud support, cloud cost analytics, cloud usage optimization, ai based cloud optimization, certified cloud experts, technology, information & internet, cloud cost governance, cloud cost management platform, cloud cost visibility platform, multi-cloud management, cloud spend visibility, cloud cost recommendations, cloud cost solutions, multi-cloud cost management, cloud spend forecasting, cloud spend analytics, cloud resource tagging and chargeback, cloud cost analytics platform, cloud resource tagging, aws cost savings, cloud spend analysis, cloud cost anomaly detection, computer systems design and related services, cloud resource utilization, information technology and services, cloud cost visibility, b2b, cloud resource utilization optimization, cloud cost control solutions, cloud migration planning, cloud modernization strategies, cloud cost control, cloud financial governance, cost anomaly detection, reserved instance management, ai-powered cloud cost optimization, cloud cost transparency, cloud cost management for retail, cloud migration support, cloud cost management for education, cloud cost control tools, cloud cost intelligence platform, cloud cost savings automation, cloud resource right-sizing, cloud support services, finops, automated resource scheduling, cloud cost reduction automation, cloud cost optimization tools, cloud cost management for saas, cloud computing, cloud cost monitoring, cloud savings, cloud cost reduction strategies, cloud cost intelligence, cloud spend optimization, cloud resource optimization, cloud cost efficiency, cloud cost management solutions, cloud cost platform, cloud cost management for enterprise, cloud cost management for fintech, cloud cost reporting tools, cloud cost automation, software as a service, cloud visibility, cloud modernization, cloud cost tools, cloud migration cost optimization, cloud cost automation tools, cloud cost management for media, cloud cost recommendations platform, cloud spend analytics dashboard, cloud spend management, cloud cost reduction, cloud cost management for healthcare, cloud cost reporting, cloud cost monitoring tools, cloud cost management services, cloud financial management, consulting, cloud cost strategies, ai-driven optimization, retail, cloud cost visibility tools, finops consulting, cloud management, ai-based reservation management, cloud migration services, devops expertise, resource optimization, custom pricing models, aws edp enhancements, cost allocation solutions, expert cloud guidance, multi-cloud strategies, cloud performance monitoring, savings plans management, aws ri management, usage optimization recommendations, tagging and chargeback, cloud cost forecasting, data transfer optimization, continuous cost auditing, tailored cloud solutions, optimized usage policies, comprehensive cloud analytics, saas and isv support, 24/7 personalized support, cloud visibility tools, well-architected reviews, seamless cloud migration, technology-savvy leadership, automated cost recommendations, group buying benefits, budget monitoring and alerts, cloud resource governance, integrated cost management, predictive cost analysis, automated reporting dashboards, cloud billing partner support, client-centric cost strategies, dynamic resource allocation, cost effective architecture planning, cloud partnership alliances, expert consulting services, e-commerce, healthcare, finance, education, information technology & services, enterprise software, enterprises, computer software, saas, consumer internet, consumers, internet, health care, health, wellness & fitness, hospital & health care, financial services",http://www.linkedin.com/in/ravii-rana,https://cloudkeeper.com,http://www.linkedin.com/company/cloudkeeper,"",https://twitter.com/cloud_keeper,Old Ziro,Arunachal Pradesh,India,"3 Shenton Way, Singapore, Singapore, Singapore, 068805",Singapore,Singapore,Singapore,'+1 201-633-2314,"Amazon CloudFront, Route 53, Amazon SES, Gmail, Google Apps, Microsoft Office 365, Zendesk, Amazon AWS",200000000,"","","","","",true,false,false,false,false,"",6909f8043c9ad800018120fe,6909f8043c9ad80001812144,"","","","","","","",""
Swapnil,Bhamare,Solutions Architect,Argano,Argano,swapnil.bhamare@argano.com,User Managed,User Managed,User Managed,"","","",Entry,Information Technology,vsk13@byon.in,"","","",'+1 877-537-8360,'+91 97664 77990,Cold,s,"","",1800,information technology & services,"microsoft, oracle, sap, salesforce, performance consulting, ai, enterprise technology, machine learning, it, consultancy, it services & it consulting, performance improvement, manufacturing, automation tools, enterprise cloud solutions, business operations as a service, digital platforms, managed services, digital ecosystem, cloud infrastructure, advanced dashboards, ai & machine learning, enterprise software, digital innovation, nonprofit, cloud computing, ai in business operations, advanced reporting, enterprise architecture, cloud management, high tech & telecom, ai insights, food & beverage, customer experience, software integration, digital transformation, cloud optimization, cloud modernization, customer engagement platforms, cloud security, financial services, ai-powered insights, cloud migration, business process optimization, cloud services, healthcare & life sciences, aerospace & defense, workforce optimization, enterprise applications, cloud analytics, digital modernization, cloud transformation strategy, engineering & construction, data engineering, data lakes, cloud ecosystem integration, digital strategy, application development, industry-specific solutions, technology consulting, client success, enterprise cloud migration, finance transformation, business process consulting, revenue management, automation, ai-enabled insights, data-driven decision making, supply chain optimization, digital agility, business intelligence, cloud-based solutions, retail, cloud-native platforms, computer systems design and related services, ai dashboards, supply chain management, digital operating platforms, data analytics, cloud platforms, business process automation, business consulting, change management, technology selection, data intelligence, ai and machine learning, data lake, data warehousing, process automation, sales performance management, financial consulting, hr consulting, talent management, innovation strategy, training and education, automation solutions, training programs, operational efficiency, high-performance operations, technology integration, continuous improvement, operational resilience, risk management, analytics solutions, strategy roadmap, industry best practices, business outcomes, service excellence, strategic alliances, technology ecosystem, resource optimization, application support, benchmarking, digital maturity assessment, business optimization, b2b, healthcare, finance, non-profit, distribution, artificial intelligence, information technology & services, consulting, management consulting, mechanical or industrial engineering, enterprises, computer software, internet infrastructure, internet, consumer goods, consumers, marketing, marketing & advertising, app development, apps, software development, analytics, logistics & supply chain, health care, health, wellness & fitness, hospital & health care, nonprofit organization management",http://www.linkedin.com/in/swapnil-bhamare-54211656,https://argano.com,http://www.linkedin.com/company/argano,https://facebook.com/ArganoX-106576711579934,https://twitter.com/argano,Pune,Maharashtra,India,"6100 West Plano Parkway, Plano, Texas, United States, 75093",Plano,Texas,United States,'+1 877-537-8360,"Outlook, Microsoft Office 365, Salesforce, Pardot, MailChimp SPF, Amazon AWS, Route 53, Cloudflare DNS, Marketo, Rackspace, Rackspace MailGun, Python, Jira, Atlassian Confluence, React, Oracle Cloud, Webflow, Linkedin Login, Linkedin Marketing Solutions, Google Analytics, WordPress.org, YouTube, Hubspot, Typekit, Vimeo, Linkedin Widget, Google Font API, HRMDirect, Mobile Friendly, Google Tag Manager, Apache, ON24, DoubleClick, reCAPTCHA, DoubleClick Floodlight, Piwik, IfByPhone, Shutterstock, Hotjar, Cedexis Radar, Adobe Media Optimizer, Circle, Oracle Fusion, Snowflake, Oracle Products, SAP Analytics Cloud, Qlik Sense, Sisense, Looker, Alteryx, Databricks, Microsoft Sql Server, Domo, Remote",463100000,"","","","",Trinity Hunt Partners (trinityhunt.com),true,false,false,false,false,"",6909f8033c9ad800018120df,6909f8043c9ad80001812143,"","","","","","","",""
Farida,Khan,Solutions Architect,Tech Mahindra,Tech Mahindra,fkhan@techmahindra.com,User Managed,User Managed,User Managed,"","","",Entry,Information Technology,vsk13@byon.in,"","","",'+91 20 4225 0000,"",Cold,s,"","",149000,information technology & services,"telecom, it consulting, telecom security consulting, bss, oss, network technology solutions, services, network design, engineering, next generation networks, mobility solutions, consulting, solution integration, ims, bsg, blockchain, artificial intelligence, metaverse, it services & it consulting, telecommunications, ai integration, data analytics, iot security, digital business models, iot analytics, big data analytics, blockchain development, sustainability, edge computing, retail & consumer goods, iot for manufacturing, enterprise cloud, ai for predictive maintenance, blockchain in healthcare, automation, it services, digital platforms, financial services, manufacturing, blockchain technology, ai in financial services, digital ecosystems, cybersecurity, operational efficiency, iot, blockchain for real estate, cloud migration, cybersecurity for banking, global presence, cloud security solutions, healthcare, it strategy, innovation, iot solutions, blockchain for finance, digital consulting, digital asset management, ai for fraud detection, iot in transportation, cybersecurity threat detection, digital agility, aerospace, digital enterprise solutions, digital marketing, automation tools, smart city solutions, blockchain for logistics, blockchain for supply chain, iot platforms, retail, software development, it outsourcing services, consulting services, customer engagement platforms, ai-powered automation, digital solutions, blockchain in insurance, cloud-native applications, information technology and services, digital supply chain, ai in retail, blockchain for identity management, enterprise saas, automation platforms, cloud transformation, ai in customer service, banking and financial services, cloud deployment, travel, transportation, logistics & hospitality, industry-specific solutions, digital identity solutions, digital transformation consulting, bpo, salesforce, digital innovation, digital twin technology, sustainable it, ai in manufacturing, cloud infrastructure management, emerging tech, analytics platforms, blockchain applications, iot in agriculture, industry verticals, it service management, healthcare technology, customer experience enhancement, client support, smart grid solutions, network services, cloud for big data, cloud infrastructure, digital experience, digital enterprise applications, technology solutions, software engineering, business consulting, industry 4.0 solutions, analytics, client support services, customer experience, energy & utilities, b2b, cybersecurity frameworks, technology leadership, customer engagement, digital health platforms, ai solutions, enterprise mobility, cybersecurity services, technology consulting, enterprise software, global it leader, cloud for ai workloads, insurance, sap, business process outsourcing, digital strategy consulting, ai integration services, business process services, ai-driven analytics, iot in energy, government, it outsourcing, sustainability initiatives, supply chain management, cybersecurity for iot, cloud for telecom, cloud consulting, digital factory automation, digital supply chain management, digital enterprise, it infrastructure, cybersecurity solutions, it modernization, ai in healthcare, cloud-based erp, digital strategy, cloud security, application development, cloud solutions, ai-powered solutions, digital workplace, digital transformation, digital innovation labs, iot security solutions, cybersecurity monitoring, cloud computing, cloud services, network management, iot for smart homes, cyber security, computer systems design and related services, emerging technologies, industry solutions, experience services, engineering services, performance engineering, intelligent automation, oracle, pega, testing services, next-gen services, sustainability solutions, corporate social responsibility, innovation and r&d, telecom solutions, retail technology, logistics technology, media and entertainment, manufacturing solutions, energy and utilities technology, insurance technology, private equity solutions, partner ecosystem, agile solutions, enterprise applications, metaverse solutions, ai-powered analytics, scalability and agility, customer-centric solutions, technology partnerships, finance, education, distribution, consumer products & retail, transportation & logistics, construction & real estate, information technology & services, management consulting, enterprises, computer software, environmental services, renewables & environment, mechanical or industrial engineering, health care, health, wellness & fitness, hospital & health care, marketing & advertising, internet infrastructure, internet, outsourcing/offshoring, logistics & supply chain, marketing, app development, apps, computer & network security",http://www.linkedin.com/in/farida-khan-8368b152,https://techmahindra.com,http://www.linkedin.com/company/tech-mahindra,https://www.facebook.com/TechMahindra,https://twitter.com/Tech_Mahindra,Gurugram,Haryana,India,"Karve Road, Pune, Maharashtra, India, 411004",Pune,Maharashtra,India,'+91 20 4225 0000,"Gmail, Outlook, Google Apps, Amazon AWS, Sendgrid, Microsoft Office 365, OneTrust, MongoDB, Mobile Friendly, Google Analytics, Nginx, Google Font API, Google Tag Manager, WordPress.org, Remote",6202797000,"","","","",Mahindra Group (mahindra.com),true,false,false,false,false,"",6909f8033c9ad800018120e2,6909f8043c9ad80001812139,"","","","","","","",""
Anjana,Rajan,Solutions Architect,Sierra Circuits,Sierra Circuits,ssdc_anjanar@protoexpress.com,User Managed,User Managed,User Managed,"",Catch-all,"",Entry,Information Technology,vsk13@byon.in,"","","",'+1 408-735-7137,"",Cold,s,"","",480,electrical/electronic manufacturing,"prototype printed circuit boards, high density interconnect technology, printed circuit board manufacturing, printed circuit board assembly, high speed, controlled impedance, flex & rigidflex printed circuit boards, pcb manufacturing, assembly, itar, iso90012008, iso134852003, milspec milp55110, pcb class 3, pcb, ipc6012, odb, gerber, microelectronics, flex pcb, semiconductors, computers & electronics manufacturing, material selector, industrial manufacturing, automotive-grade pcbs, component selection tools, inventory management, pcb design support, controlled impedance assembly, online quoting, telecom, stack-up design, flexible and rigid-flex pcb manufacturing, signal integrity, flying probe testing, electroless nickel gold surface finish, industrial pcbs, high-frequency pcb design, microelectronics fabrication, iso certification, dfm checks, customer support, bom management, rapid prototyping, defense, hdi pcb manufacturing, innovation, microelectronics manufacturing, controlled impedance pcb assembly, services, custom stack-up design, turnkey pcb solutions, consumer electronics, pcb fabrication, automated dfm checks, pcb industry standards, b2b, online pcb ordering, online pcb quoting, industrial manufacturing pcbs, customer portal, custom pcb design support, blind & buried vias, lead-free pcbs, pcb quality certifications, electroless nickel gold, high-speed digital pcbs, prototype to volume production, aerospace-grade pcb fabrication, high-density interconnects, microvia drilling, impedance control, medical device pcb manufacturing, iso certified manufacturing, advanced materials, aerospace-grade pcbs, pcb design tools, flexible pcbs, aerospace & defense pcbs, pcb mass production, hdi pcbs, turnkey solutions, semiconductor and other electronic component manufacturing, automotive, dfm services, prototype to mass production, component procurement, component sourcing, medical device pcbs, prototype pcb services, component sourcing and stocking, high-density interconnect technology, flex & rigid-flex pcbs, controlled impedance pcbs, rigid pcbs, high-speed digital design, high-reliability pcbs, mil-spec & class 3 pcbs, rf & microwave pcbs, impedance calculators, mil-spec pcbs, high-density interconnect, microelectronics miniaturization, advanced pcb technology, electromagnetic compatibility (emc), automotive pcbs, ul certification, electronics manufacturing, specialty surface finishes, ul certified pcbs, pcb design for emc, microvia technology, automated dfm, healthcare & medical devices, flexible pcb manufacturing, signal integrity analysis, signal & power integrity, aerospace & defense, pcb assembly, medical devices, high-speed signal integrity, e-commerce, electronics & semiconductor, flexible pcb bending cycles, high-speed pcbs, impedance calculator tools, advanced materials for pcbs, aerospace, microelectronics pcbs, pcb components, turnkey pcbs, rf pcbs, aerospace pcbs, electrical testing, design for manufacturability, instant online quote, material selection, kicad plugin, prototype manufacturing, mass production, rohs compliance, iso 9001, ipc-6012, stackup designer, trace width calculator, impedance calculator, conductor spacing calculator, dfm checkers, solder mask options, surface finish options, blind vias, buried vias, via-in-pad technology, electrical design tools, gerber file processing, custom pcbs, eagle integration, assembly automation, design guidelines, prototype prototype service, advanced pcb design, pcb production turn times, webinars on pcb design, quality assurance, industry certifications, healthcare, education, manufacturing, hardware, electrical/electronic manufacturing, mechanical or industrial engineering, consumers, material science, hospital & health care, consumer internet, internet, information technology & services, health care, health, wellness & fitness",http://www.linkedin.com/in/anjana-rajan-5438907b,https://protoexpress.com,http://www.linkedin.com/company/sierra-circuits-inc,https://facebook.com/sierracircuits,https://twitter.com/sierracircuits,"","",Iran,"1108 West Evelyn Avenue, Sunnyvale, California, United States, 94086",Sunnyvale,California,United States,'+1 408-735-7137,"Salesforce, Marketo, Drift, Barracuda Networks, Remote",130000000,"","","","","",true,false,false,false,false,2,6909f8033c9ad800018120ee,6909f8043c9ad8000181214e,"","","","","","","",""
Ankit,Gupta,Solutions Architect,Scry AI,Scry AI,ankit.gupta@scryai.com,User Managed,User Managed,User Managed,"",Not Catch-all,"",Entry,Information Technology,vsk13@byon.in,"","","",'+1 408-740-8017,"",Cold,s,"","",210,information technology & services,"artificial intelligence, machine learning, automation, data analytics, big data, intelligent document processing, straight through processing, enterprise application, b2b software, ai software, cognitive computing, predictive analytics, erp, prescriptive analytics, deep learning, data analysis, algorithms, enterprise software, enterprise ai, data science, digital transformation, ai based data engineering, internet of things, smart city, pervasive computing, metaverse, analytics, information technology, software, software development, kyc/kyb extraction, ai deployment, data visualization, enterprise integration, ai for manufacturing, ai for complex diagram analysis, supply chain ai, ai for public infrastructure, ai automation, financial data analysis, iot platform, fraud detection, financial services, ai for enterprise knowledge, on-premises ai, construction site ai, ai for government services, predictive alerts, infra monitoring drones, construction safety ai, financial technology, edge computing ai, ai dashboards, ai for healthcare diagnostics, real-time insights, semantic search, fraud detection ai, ai compliance, regulatory compliance, services, customer support ai, ai monitoring, ai for fraud prevention, ai scalability, drone infrared monitoring, data security, iso 27001, supply chain management, ai for industrial safety, predictive maintenance ai, healthcare technology, data privacy, ai workflows, enterprise ai solutions, ai document processing, ai for energy management, information technology and services, audit-ready ai, ai for insurance underwriting, ai for regulatory reporting, financial analysis, ai for environmental monitoring, data reconciliation, engineering diagram conversion, loan processing, business intelligence, unstructured data analysis, financial spreading automation, ai for smart cities, digital twin, ai feedback loop, ai for manufacturing automation, utilities, ai inference, smart utilities ai, healthcare, ai for financial risk, smart city ai, explainable ai, computer systems design and related services, ai explainability, insurance automation, natural language processing, edge ai, ai for city infrastructure, operational ai, supply chain optimization, cloud deployment, workflow automation, ai security standards, b2b, operational efficiency ai, multilingual ai interface, ai for healthcare records, ai for public safety, ai model validation, digital archive digitization, risk management, data validation, automated decision-making, data security soc2, smart utilities management, unstructured data, ai model training, multilingual ai, government, drone monitoring, digital twin modeling, ai for public sector, complex diagram understanding, big data analytics, ai for asset management, document reconciliation, engineering diagram processing, insurance claims automation, ai for healthcare, predictive maintenance, manufacturing, data tagging, conversational ai, operational efficiency, supply chain ai models, loan document processing, industry-specific ai, ai pipelines, ai training data, data enrichment, ai-powered document processing, real-time market intelligence, api connectivity, customer support automation, ai customization, industrial iot integration, document extraction, intelligent automation, data extraction, anomaly detection, financial fraud detection, document processing, iot solutions, user-friendly interface, data integration, cloud-based solutions, customizable ai, data relationship extraction, entity profiling, operational risk, customer insights, data governance, machine learning algorithms, sentiment analysis, supplier risk prediction, financial spreading, technical support automation, contract analysis, behavioral analysis, financial analytics, data quality control, performance benchmarking, real-time alerts, social media monitoring, kyc automation, document classification, data lineage, business process automation, compliance automation, predictive modelling, finance, legal, construction, information technology & services, enterprises, computer software, computer & network security, finance technology, logistics & supply chain, health care, health, wellness & fitness, hospital & health care, mechanical or industrial engineering, social media, consumer internet, consumers, internet",http://www.linkedin.com/in/ankitgupta1989,https://scryai.com,http://www.linkedin.com/company/scryai,https://www.facebook.com/scryai,https://twitter.com/scryai,New Delhi,Delhi,India,"2635 N 1st St, San Jose, California, United States, 95134-2000",San Jose,California,United States,'+1 408-740-8017,"Amazon SES, Gmail, Google Apps, Microsoft Office 365, GoDaddy Hosting, MailChimp SPF, Amazon AWS, MongoDB, Hotjar, WordPress.org, Varnish, Google Tag Manager, Nginx, Bootstrap Framework, reCAPTCHA, DoubleClick, Mobile Friendly, Hubspot, Data Analytics, Remote, AI",5000000,"","","","","",true,false,false,false,false,"",6909f8033c9ad800018120d8,6909f8043c9ad8000181213e,"","","","","","","",""
Rakesh,Sreekantam,Enterprise Solutions Architect,Techouts,Techouts,rakesh.s@techouts.com,User Managed,User Managed,User Managed,"","","",Entry,Information Technology,vsk13@byon.in,"","",'+91 83672 19891,'+1 469-482-0796,"",Cold,s,"","",360,information technology & services,"hybris enterprise commerce, ecommerce, marketing technologies, system integration, product development, quality assurance, digital transformation, sap cx suite, adobe experience manager, adobe analytics, adobe campaign, adobe experience cloud, adobe target, adobe media optimizer, adobe audience manager, magento2, dam, digital asset management, mobility, super apps development, scalable solutions, automation, digital transformation acceleration, reusable components, digital products, digital enablement, digital transformation consulting, digital ecosystem building, digital growth, retail, cloud platform customization, big data analytics, software development, digital technology solutions, ai, digital channels, business technology, cybersecurity, software solutions, digital innovation, cloud-based business solutions, digital channel scalability, ai and ml automation, digital channels optimization, digital channels support, cybersecurity protection, b2b, scalable cloud infrastructure, ai and machine learning, scalable it architecture, cybersecurity for digital assets, marketing automation, it strategy, data security, operational efficiency, digital product deployment, custom software development, digital ecosystem, scalable infrastructure, services, cloud migration, technology enabler, cloud platform services, strategic guidance, enterprise digital solutions, business technology services, big data platform, reusable design components, cloud services, it services, ai and ml integration, digital transformation strategy, digital deployment, cloud solutions, big data, reusable design, mobile-first, ml, cloud platform, reusable technology platforms, d2c, scalable digital infrastructure, cloud-native applications, e-commerce, automation tools, digital channels scalability, customized software solutions, ai-driven analytics, digital product development, cloud computing, digital platform, cloud infrastructure, automated digital workflows, ai analytics, digital channel management, it advisory, machine learning, mobile app development, mobile-first approach, customer engagement, data protection, digital solutions, cloud architecture, cloud platform solutions, technology platform development, software engineering, technology platform, computer systems design and related services, digital transformation services, technology integration, cybersecurity solutions, technology solutions, automation capabilities, big data analytics services, technology consulting, it consulting, digital solution deployment, digital project management, long-term growth, scalable it solutions, long-term digital growth, ml models, data analytics, consulting, long-term digital strategy, reusable technology components, custom software, digital channel development, mobile-first digital solutions, scalable digital channels, technology services, ai-powered solutions, consumer internet, consumers, internet, information technology & services, enterprise software, enterprises, computer software, marketing & advertising, saas, computer & network security, internet infrastructure, artificial intelligence, management consulting",http://www.linkedin.com/in/sreekantam-rakesh,https://techouts.com,http://www.linkedin.com/company/techouts,https://facebook.com/techouts,https://twitter.com/techouts,Hyderabad,Telangana,India,"13800 Coppermine Rd, Herndon, Virginia, United States, 20171-3018",Herndon,Virginia,United States,'+1 469-482-0796,"Outlook, Amazon AWS, Nginx, Ubuntu, Mobile Friendly, Remote, AI",64000000,"","","","","",true,false,false,false,false,"",6909f8033c9ad800018120d0,6909f8043c9ad80001812136,"","","","","","","",""
Vijay,Choudhury,Solutions Architect,Idexcel,Idexcel,"",Unavailable,"","","","","",Entry,Information Technology,vsk13@byon.in,"","","",'+1 972-824-3532,"",Cold,s,"","",830,information technology & services,"cloud advisory, migration services, optimized cloud services, managed services, devops services, dataops, cloud native development, security, compliance, open source, big data, agile, devops, containers, microservices, cloud, onpremise integration, analytics, business intelligence, machine learning, workshop, labs, it services & it consulting, ai-powered solutions, artificial intelligence, it infrastructure, helm charts, energy and utilities, api-based agents, container images, ai data labeling services, cloud security, cybersecurity, data analytics, ai-driven analytics, financial services, operational efficiency, pre-trained ai models, healthcare, performance testing, ai for media, cloud-native applications, real-time insights, api agents, cloud native architecture, aws services, cloud security services, technology consulting, cloud platform, automation, ai-driven modernization, aws partner, cloud management tools, aws control tower, ai automation frameworks, aws sagemaker, computer vision, cloud modernization, ai for industrial sectors, telecommunications, customer experience, container solutions, cloud infrastructure management, cloud architecture, ai data labeling, ai, data platforms, legacy system modernization, performance testing tools, natural language processing, data labeling, ai services, aws privatelink, cloud management, ai in healthcare, information technology and services, ai for retail, data quality improvement, api integration, generative ai, ai in energy, it consulting, cloud-native ai architectures, services, media and entertainment, ai data unification, human review ai services, ai integration services, ai automation, generative ai services, enterprise ai, b2b, cloud deployment, automation frameworks, public sector, retail, containerized ai solutions, saas ai solutions, cloud infrastructure, ai-powered automation, innovation, application development, data quality, ai workflow automation, ai banking solutions, api agents for ai, computer vision applications, cloud native services, real-time data processing, ai banking, cloud services, ai in telecommunications, ai in financial services, ai solutions, computer systems design and related services, digital transformation, ai model deployment, ai models, ai integration, data unification, saas solutions, ai for public sector, cloud ai workloads, process optimization, human review, consulting, aws well-architected, microsoft azure, infrastructure modernization, sre solutions, aiops solutions, devops transformation, open source technologies, data strategy, data visualization, data platform modernization, data intelligence, automation services, ai in the cloud, augmented intelligence, invisible automation, inferiq, cloud computing, multi-cloud strategy, cloud migration, security and compliance, cost optimization, incident response, disaster recovery, performance monitoring, business transformation, it modernization, cloud optimization, application deployment, infrastructure management, business agility, scalability solutions, return on investment (roi), automated workflows, data governance, business insights, cloud enablement, managed cloud services, service integration, it support, finance, non-profit, computer software, information technology & services, enterprise software, enterprises, health care, health, wellness & fitness, hospital & health care, management consulting, internet infrastructure, internet, app development, apps, software development, nonprofit organization management",http://www.linkedin.com/in/vijay-choudhury-1337205,https://idexcel.com,http://www.linkedin.com/company/idexcel-inc,https://facebook.com/idexcelinc,https://twitter.com/idexcel,Hyderabad,Telangana,India,"459 Herndon Pkwy, Herndon, Virginia, United States, 20170-6220",Herndon,Virginia,United States,'+1 972-824-3532,"Route 53, Outlook, Pardot, Microsoft Office 365, Amazon AWS, Atlassian Cloud, Leadfeeder, Sophos, Remote",100000000,"","","","","",true,false,false,false,false,"",6909f8033c9ad800018120d4,6909f8043c9ad8000181213a,"","","","","","","",""
Devendra,Kumar,Solutions Architect,Alacriti,Alacriti,"",Unavailable,"","","","","",Entry,Information Technology,vsk13@byon.in,"","",'+91 96762 06022,'+1 908-791-2916,"",Cold,s,"","",380,financial services,"bill payments, ebpp, faster payments, financial technology, payment technology, payment solutions, online payments, financial services, digital disbursements, realtime payments, rtp, digital payments, instant payments, payments hub, money movement, fednow, ach, wires, zelle, iso 20022, payment infrastructure, financial institutions, payment system scalability, b2c, multi-rail payment processing, fintech, multi-channel payments, request for pay, money movement solutions, banking system connectivity, banking api integration, e-commerce, payment compliance, operational efficiency, payment system automation, p2p transfers, services, scalability, customer onboarding, payment efficiency, exception handling, real-time fraud prevention, cross-border payments support, legacy system integration, payment modernization, fraud detection, ach processing, payment orchestration, fednow certified, payment system resilience, customer engagement tools, rtp network, payment analytics, apis and sdks, payment reconciliation automation, payment data analytics, payment processing, customer-centric payment solutions, financial transactions processing, reserve, and clearinghouse activities, unified money movement, payment data security, cloud payments platform, rtp network provider, iso 20022 standards, digital wallet integration, payment reconciliation, payment flexibility, payment compliance automation, fednow integration, customer experience, faster payment adoption, b2b, visa direct partner, payment network connectivity, open api architecture, d2c, payment automation, cloud-native microservices, payment lifecycle management, payment scalability, payment security, payment transaction monitoring, payment integration, legacy system modernization, payment validation, payment apis, cloud-native platform, flexibility, payment settlement, compliance tools, api integration, electronic bill presentment & payment, payment reporting, payment system integration, visa direct, payment rails, payment fraud detection, digital transformation, instant disbursement solutions, cash flow management, real-time payments, payment platform, billing and payments, electronic bill presentment, payment transfers, payouts, check processing, ach payments, fednow service, cloud-native payments, microservices architecture, payment channels, payment options, automated payments, payment infrastructure modernization, financial systems integration, cost efficiency, consumer payments, frictionless transactions, payment customization, risk management solutions, operational savings, simplified payment solutions, b2c payments, mobile payments, web payments, ivr payments, self-service portals, transaction management, payment visibility, integrated payment solutions, payment service providers, customer retention strategy, finance, finance technology, information technology & services, consumer internet, consumers, internet, computer & network security, mobile, payments",http://www.linkedin.com/in/devendra-kumar-56a6bb65,https://alacriti.com,http://www.linkedin.com/company/alacriti-inc-,https://facebook.com/Alacriti/,https://twitter.com/Alacriti,Hyderabad,Telangana,India,"100 Somerset Corporate Blvd, Bridgewater, New Jersey, United States, 08807-2842",Bridgewater,New Jersey,United States,'+1 908-791-2916,"Salesforce, Route 53, Amazon SES, Gmail, Pardot, Google Apps, Amazon AWS, Drift, Wistia, Google Dynamic Remarketing, DoubleClick Conversion, Apache, Linkedin Marketing Solutions, Google Analytics, Google Font API, WordPress.org, Quantcast, Google Analytics Ecommerce Tracking, DoubleClick, Mobile Friendly, Google Tag Manager, Hubspot, CrazyEgg, Bootstrap Framework, Remote, AI",35000000,"","","","","",true,false,false,false,false,"",6909f8033c9ad800018120d6,6909f8043c9ad8000181213c,"","","","","","","",""
Sandip,Ghosh,Solutions Architect,TCG Digital,TCG Digital,sandip.ghosh@tcgdigital.com,User Managed,User Managed,User Managed,"","","",Entry,Information Technology,vsk13@byon.in,"","",'+91 86971 65433,'+1 732-515-7376,"",Cold,s,"","",550,information technology & services,"domains, technology, consulting services, solutions & frameworks, offshore knowledge centers, government & public sector, cybersecurity, ai in government, ai for airport operations, ai for predictive maintenance, machine learning, aviation & travel, petrochemicals & refineries, enterprise ai, ai in retail, ai for plant reliability, healthcare, blockchain, life sciences, ai automation, industry-specific ai, ai in petrochemicals, digital transformation, offshore centers, customer experience, self-optimizing systems, digital sourcing, ai for energy exploration, consulting, data lakehouse, agentic ai, ai platform, offshore development, mcube.ai, gen-ai platform, predictive analytics, ai optimization, customer engagement, ai for clinical labs, ai for public safety, cloud services, advanced analytics, generative ai, information technology and services, digital strategy, ai consulting, ai for supply chain, ai deployment, cloud computing, ai for biopharma manufacturing, b2b, ai for injury prevention in sports, mcube platform, ai for risk management, ai for process optimization, ai for customer loyalty, aviation, ai for compliance, ai for manufacturing excellence, iot solutions, ai for government contracts, big data analytics, digital consulting, government, ai for operations, ai for sports analytics, data science, rag enterprise search, multimodal ai, business automation, ai in life sciences, knowledge inference, cybersecurity solutions, knowledge graphs, sports & biotech, manufacturing, insurance, ai for r&d, real-time analytics, computer systems design and related services, natural language processing, mcube.data, application development, ai-powered decision-making, ai for drug discovery, ai in healthcare, ai integration, ai in insurance, retail & consumer goods, ai for sports biotech, enterprise mobility, automation, ai for plant asset monitoring, ai for refinery optimization, ai in manufacturing, ai for environmental monitoring, ai in sports, ontology-driven lakehouse, ai solution deployment, services, data-driven insights, data analytics, ai platform integration, big data, semantic foundation, ai for supply chain resilience, nlp, scalable solutions, retail, big data solutions, data strategy, aws migration, data visualization, analytics-driven decision making, data governance, data lake, ml ops, ai governance, real-time insights, actionable intelligence, business process optimization, multi-modal ai, ai for customer experience, risk management, data integration, semantic discovery, automated reporting, virtual collaboration, remote monitoring, api integration, data engineering, transformational consulting, cross-industry solutions, financial services analytics, health care analytics, manufacturing analytics, retail analytics, compliance automation, digital pledge, diversity and inclusion, talent analytics, scalability, intelligent automation, finance, consumer products & retail, transportation & logistics, energy & utilities, management consulting, artificial intelligence, information technology & services, health care, health, wellness & fitness, hospital & health care, enterprise software, enterprises, computer software, marketing, marketing & advertising, mechanical or industrial engineering, app development, apps, software development, analytics, financial services",http://www.linkedin.com/in/sandipghosh-dev,https://tcgdigital.com,http://www.linkedin.com/company/tcgdigital,https://www.facebook.com/digital.tcg/,"",Kolkata,West Bengal,India,"265 Davidson Ave, New Jersey, United States, 08873","",New Jersey,United States,'+1 732-515-7376,"Outlook, Amazon AWS, Microsoft Office 365, WordPress.org, GoToWebinar, Google Font API, Vimeo, Nginx, Google Tag Manager, Mobile Friendly, AI, Data Analytics",1000000000,"","","","","",true,false,false,false,false,"",6909f8043c9ad80001812102,6909f8043c9ad80001812157,"","","","","","","",""
Pruthvi,Reddy,Solutions Architect,NuWare,NuWare,"",Unavailable,"","","","","",Entry,Information Technology,vsk13@byon.in,"","","",'+1 732-494-0550,"",Cold,s,"","",530,information technology & services,"mobility, social media, big data analytics, remote infrastructure management, enterprise data management, ecommerce, digital, data sciences, application services, it managed services, cloud, ai, machine learning, software development, platform management, application modernization, ci/cd, retail, looker consulting partner, financial services, information technology and services, consulting, database infrastructure automation, infrastructure consulting, healthcare, risk management, services, managed services, aws partner, data science, performance management, automation, security & compliance, computer systems design and related services, data analytics, snowflake partner, cloud services, cloud solutions, b2b, digital transformation, devops, containerization, automation anywhere partner, cloud assurance, e-commerce, finance, consumer products & retail, consumer internet, consumers, internet, information technology & services, enterprise software, enterprises, computer software, artificial intelligence, health care, health, wellness & fitness, hospital & health care, cloud computing",http://www.linkedin.com/in/pruthvi-mallesh-reddy-797061108,https://nuware.com,http://www.linkedin.com/company/nuware,https://www.facebook.com/NuWareCo/,https://twitter.com/NuwareCo,Bengaluru,Karnataka,India,"100 Wood Ave S, Woodbridge Township, New Jersey, United States, 08830",Woodbridge Township,New Jersey,United States,'+1 732-494-0550,"Route 53, Outlook, Pantheon, Leadfeeder, Varnish, Nginx, Google Tag Manager, Bootstrap Framework, WordPress.org, Mobile Friendly, Remote, AI",12000000,"","","","","",true,false,false,false,false,"",6909f8033c9ad800018120d7,6909f8043c9ad8000181213d,"","","","","","","",""
Anoop,Singh,Solutions Architect,Esyasoft Holding,Esyasoft Holding,anoop.singh@esyasoft.com,User Managed,User Managed,User Managed,"","","",Entry,Information Technology,vsk13@byon.in,"","",'+61 403 796 263,"","",Cold,s,"","",660,utilities,"smart grid, smart city solutions, big data, scada analytics, system integration, metering, billing, collection solutions, revenue maximization, energy forecasting, predictive analytics, energy insights, meter data management, demand response, big data analytics, energy management, smart cities, enterprise software, energy, clean technology, software, information technology, environmental impact analytics, data analytics, carbon footprint reduction, utility data interoperability, utility network digital twin, sustainability, utility automation, smart meters, v2g technology, renewable energy storage optimization, renewable energy optimization, utility asset lifecycle management, utility data platforms, smart meter retrofit solutions, digital carbon registry, energy demand forecasting, digital carbon infrastructure, smart city integration, smart grid data governance, real-time monitoring, iot for utility asset monitoring, iot sensors, iot products, ai-powered analytics, operational efficiency, energy data security, blockchain for climate tech, environmental technology, iot, climate action technologies, energy efficiency technologies, services, utility network resilience, energy mobility, utility operations automation, smart grid suite, smart grid connectivity, smart meter hardware, energy network resilience, ev charging infrastructure, predictive maintenance, end-to-end energy solutions, cloud-edge computing, data-driven decision making, utility network optimization, gis utilities management, iot device management, utility network monitoring, climate change mitigation tech, renewable energy, distributed energy management, carbon credit market platforms, predictive maintenance tools, energy data compliance tools, ai for leak detection, smart city energy solutions, environmental sustainability, emissions trading systems, global utility solutions, renewable energy forecasting, carbon registry platforms, renewable energy integration, smart grid cybersecurity, energy technology, grid simulation software, smart water and gas meters, smart grid solutions, utility asset optimization, energy transition, ev charging solutions, climate tech, analytics, grid optimization, energy analytics, energy storage management, iot device security, environmental monitoring, distributed energy resources, b2b, utility data analytics, iot devices, utilities, electric power generation, grid stability solutions, energy load forecasting, advanced metering infrastructure, v2g vehicle integration, iot gateway devices, analytics & ai, utility software development, grid modernization, ai, government, ai-driven demand response, energy efficiency, load forecasting, blockchain in climate tech, battery storage systems, grid stability, data analytics platforms, energy asset management, carbon emissions reduction, grid fault detection, energy data visualization, ai and iot integration, gis for utilities, smart city technologies, utility asset management, energy transition project management, end-to-end grid solutions, ai analytics platforms, energy management systems, smart grid integration, ai algorithms, energy transition technologies, digital utility solutions, global utility deployment, environmental monitoring devices, grid simulation and modelling, digital transformation, ai for peak load management, utility business intelligence, climate technology, cloud-edge platform, ami, electric vehicle infrastructure, ev charging stations, energy audit, data-driven insights, decarbonization, vehicle-to-grid, blockchain technology, carbon emissions monitoring, leak detection, renewable energy sources, digital substation monitoring, smart utility solutions, metering solutions, electric grid modernization, telemetry systems, data quality management, real-time data monitoring, interoperability, energy consumption patterns, advanced sensors, consumer engagement, smart meter rollout, infrastructure development, operational optimization, carbon credit exchange, finance, distribution, transportation & logistics, clean energy & technology, environmental services, renewables & environment, enterprises, computer software, information technology & services, oil & energy, financial services",http://www.linkedin.com/in/anoop-singh-55379837,https://esyasoft.com,http://www.linkedin.com/company/esyasoft,"","",Bengaluru,Karnataka,India,"311 ممر أورشيد, Dubai, Dubai, United Arab Emirates",Dubai,Dubai,United Arab Emirates,"","ElasticEmail, Outlook, Microsoft Office 365, Microsoft Azure Hosting, Microsoft Azure, Mobile Friendly, Remote, AI","","","","","","",true,false,false,false,false,"",6909f8033c9ad800018120dd,6909f8043c9ad80001812142,"","","","","","","",""
Jinesh,Mistry,Solutions Architect,Skyvera,Skyvera,jinesh.mistry@skyvera.com,User Managed,User Managed,User Managed,"",Catch-all,"",Entry,Information Technology,vsk13@byon.in,"","","",'+1 512-957-0150,"",Cold,s,"","",85,telecommunications,"mobile content transfer, mobile device diagnostics, mobile data wipe, solutions for operators & retailers, transparent caching, internet content delivery optimization, streaming video delivery, network optimization, contact center solutions, virtual contact center, multichannel contact center, telecommunications, multiaccess edge computing, customer experience, interworking networks, cloud deployment, multi-cloud support, telecom agility, telecom cloud platform, cost-effective solutions, data analytics, cloud bss/oss stack, cloud-native telco, cloud migration, oss solutions, innovation, telecom digital platform, cloud bss, scalable telecom platforms, cloud platform, edge computing, telco cloud support services, software as a service, cloud membership system, microservices architecture, ran software solutions, charging systems, telecom digital services, public cloud, api-driven, content delivery acceleration, cloud support, cost-effective telecom solutions, cloud-based subscriber management, subscriber retention, telecom software solutions, scalable platforms, subscriber analytics, charging system, policy control, content delivery platform, telecom api ecosystem, support services, software, data lake, operational efficiency, cloud integration, telco software, network management, cloud-native development, content delivery optimization, telecom software, digital transformation, mobile management, api-driven integration, multi-channel contact center, cloud-native software, cloud cost optimization, telco enterprise software, open api architecture, service orchestration, consulting, telco saas, telecom network modernization, open api, content delivery network, centralized campaign management, ran software, telecom support services, saas, telco bss/oss, mobile lifecycle management, real-time analytics, telco cloud-native architecture, digital services, api integration, enterprise software, customer engagement, analytics, multi-tenant telecom platform, digital telco transformation, bss/oss, convergent billing, telecom modernization, cloud infrastructure, telecom cloud migration, cloud-native, cloud architecture, cloud-based bss, cloud security, telco software acquisition, content optimization, software publishers, contact center, telecom apis, b2b, network performance, data-driven insights, subscriber experience, membership system, telecom operational efficiency, oss, telecom product innovation, product innovation, services, content delivery, telecom automation, cloud-based solutions, public cloud migration, telco software innovation, bss/oss stack, cloud-native technology, customer experience enhancement, ai-driven solutions, cost optimization, automated billing systems, subscriber management, order management, configure price quote (cpq), cloud optimization services, telecom operators, telecommunications industry, data lake solutions, campaign management, legacy software modernization, service delivery enhancement, cloud infrastructure management, telecom product portfolio, multi-channel integration, revenue stream creation, flexible product offerings, business process automation, telecommunication service providers, customer support services, telecom digital strategy, cloud credits, membership programs, vendor acquisition, cloud service providers, software as a service (saas), telecom analytics, subscriber experience improvement, cost-saving opportunities, cloud-native solutions, b2b sales processes, market shares, customer loyalty initiatives, business performance analysis, technology integration, mobile service management, computer software, information technology & services, enterprises, internet infrastructure, internet",http://www.linkedin.com/in/jinesh-mistry-20965b48,https://skyvera.com,http://www.linkedin.com/company/skyvera,"",https://twitter.com/zephyrtel_,Ahmedabad,Gujarat,India,"401 Congress Avenue, Austin, Texas, United States, 78701",Austin,Texas,United States,'+1 512-957-0150,"Salesforce, Route 53, Amazon SES, Gmail, Outlook, Google Apps, Microsoft Office 365, Zendesk, MailChimp SPF, Amazon AWS, WP Engine, Atlassian Cloud, React, Python, Google Tag Manager, Vimeo, Mobile Friendly, Bootstrap Framework, Varnish, WordPress.org, Nginx, Hubspot, Google Font API, Circle, Remote, Avaya",2111000,49200000,Series C,14600000,2016-04-06T00:00:00+00:00,TelcoDR (telcodr.com),true,false,false,false,false,"",6909f8033c9ad800018120f2,6909f8043c9ad8000181214f,"","","","","","","",""
Sagar,Prasad,Solutions Architect,Abjayon Inc.,Abjayon,sagar.prasad@abjayon.com,User Managed,User Managed,User Managed,"",Not Catch-all,"",Entry,Information Technology,vsk13@byon.in,"","","",'+1 510-824-3260,"",Cold,s,"","",370,information technology & services,"digital engineering, utilities, digital transformation, healthcare, customer experience, software development, utility industry innovation, managed services, oracle customer cloud platform, api development, oracle utilities iot solutions, innovation in utilities, predictive maintenance, oracle energy disaggregation, business process re-engineering, oracle utilities customer experience, oracle asset health management, oracle utilities, oracle utilities integration, smart metering, data analytics, oracle c2m/ccb solutions, iot integration, system migration, smart grid integration, oracle grid edge analytics, b2c, cloud enablement, technical support services, customer support, computer systems design and related services, oracle wam/wacs upgrades, oracle utilities asset optimization, oracle utilities data management, b2b, oracle utilities performance tuning, energy and water utilities, implementation support, oracle hospitality solutions, oracle wacs implementation, customer lifecycle management, process automation, customer engagement, smart metering technologies, real-time analytics, oracle gold partner, asset management, api integration, oracle smart grid solutions, grid modernization, utilities industry solutions, customer cloud solutions, product engineering, data-driven insights, customer satisfaction, oracle utilities consulting, system performance tuning, customer portal development, oracle outage management, government, oracle mdm for utilities, oracle utilities data lake, utility asset health, d2c, performance optimization, oracle utilities system support, edge analytics, critical situation management, energy data analytics, performance monitoring, system integration, oracle utilities managed services, global delivery, energy disaggregation, energy efficiency, hospitality, technical architecture, sustainable growth, solution engineering, oracle fault detection, oracle utilities implementation, remote monitoring, ai-driven platforms, oracle utilities product suite, customer relationship management, oracle utilities ai/ml applications, oracle utilities outage management, operational efficiency, ai/ml solutions, it services, oracle utilities cloud solutions, business continuity, oracle utilities digital platform, oracle utilities asset management, system monitoring, oracle utilities project delivery, oracle utilities smart metering, remote system management, grid resilience, process optimization, oracle utilities customer cloud, cloud implementation, oracle utilities integration services, services, oracle utilities grid management, oracle utilities cloud migration, fault detection, oracle utilities system re-engineering, solutioning, consulting, oracle utilities system upgrade, oracle energy and water solutions, impresa cx, impresa insights, impresa field service, impresa prepaid, utilities consulting, customer engagement platform, advanced metering infrastructure, smart metering integrations, meter data management, energy management system, customer information system, billing solutions, distributed energy resources, self-service portal, customer experience management, cloud integration, scalability solutions, integration services, data monetization, real-time monitoring, predictive analysis, demand side management, resource planning, remote field services, mobile workforce management, enterprise resource planning, business process automation, microservices architecture, modular application design, configurability, reporting and analytics, cost reduction strategies, cloud mastery, user experience design, customer retention solutions, flexible payment systems, prepaid billing solutions, digital engineering solutions, finance, distribution, health care, health, wellness & fitness, hospital & health care, information technology & services, environmental services, renewables & environment, leisure, travel & tourism, crm, sales, enterprise software, enterprises, computer software, design, financial services",http://www.linkedin.com/in/sagarprasad1,https://abjayon.com,http://www.linkedin.com/company/abjayon,https://www.facebook.com/abjayon,https://twitter.com/abjayon,Old Ziro,Arunachal Pradesh,India,"42808 Christy St, Fremont, California, United States, 94538",Fremont,California,United States,'+1 510-824-3260,"Amazon CloudFront, Route 53, Outlook, Microsoft Office 365, Amazon AWS, reCAPTCHA, Google Font API, Mobile Friendly, Apache, Google Analytics, Google Tag Manager, YouTube, Gravity Forms, WordPress.org, AI","","","","","","",true,false,false,false,false,"",6909f8043c9ad800018120f9,6909f8043c9ad80001812148,"","","","","","","",""
Engelbert,Gonsalves,Solutions Architect,ReBIT | Reserve Bank Information Technology Pvt. Ltd.,ReBIT,engelbert.gonsalves@rebit.org.in,User Managed,User Managed,User Managed,"",Not Catch-all,"",Entry,Information Technology,vsk13@byon.in,"","","",'+91 22 5023 3100,"",Cold,s,"","",870,information technology & services,"cyber security, project management, research, innovation, systems audit, fintech, regtech, rebit, reserve bank, policy research, rbi, blockchain, risk based supervision rbs, big data, machine learning ml, soc, it services & it consulting, security audit standards, security compliance, it project management, security architecture design, financial technology, threat intelligence, machine learning, risk assessment, ai/ml, financial services, data analytics, application development, incident response, security incident management, cloud enablement, cyber resilience, digital forensic readiness, cyber risk advisory, vulnerability assessment, cyber threat intelligence, computer systems design and related services, cybersecurity policy development, information technology and services, digital forensic research, b2b, it audit, security risk advisory, digital forensic, incident analysis, cyber incident response, cyber attack prevention, digital forensics, software development, security operations center, cybersecurity best practices, regulatory technology, digital banking, cyber resilience frameworks, data security, cybersecurity threat landscape, software engineering, security policy, government, penetration testing, cloud computing, cloud security, security solutions, regulatory compliance, endpoint security, security audit, cybersecurity research, it governance, banking, security frameworks, cyber threat monitoring, cloud solutions, enterprise software, cybersecurity, it services, digital payments, user experience, cyber threat detection, cybersecurity standards development, cyber fraud analysis, services, digital transformation, cybersecurity innovation, risk management, cybersecurity awareness, industry standards, cyber threat mitigation, consulting, cybersecurity training, system audit, ai, security audits, forensic engineering, business analysis, grc, security infrastructure, performance engineering, vulnerability assessments, digital payment security, robust authentication, it infrastructure, software lifecycle, security research, innovative technology, collaboration, mobile banking, api standards, best practices, technology training, employee development, hackathons, learning series, workshops, business continuity, vendor risk management, financial fraud prevention, identity and access management, system resilience, remote work protections, data governance, finance, computer & network security, information technology & services, productivity, finance technology, enterprises, computer software, artificial intelligence, app development, apps, ux",http://www.linkedin.com/in/engelbert-gonsalves-696a2a17,https://rebit.org.in,http://www.linkedin.com/company/reserve-bank-information-technology-pvt-ltd,"",https://twitter.com/reservebankit,Mumbai,Maharashtra,India,"Navi Mumbai, Maharashtra, India, 400706",Navi Mumbai,Maharashtra,India,'+91 22 5023 3100,"Route 53, Amazon AWS","","","","","","",true,false,false,false,false,"",6909f8033c9ad800018120d2,6909f8043c9ad80001812138,"","","","","","","",""
Ayush,Singh,Solutions Architect,CloudKeeper,CloudKeeper,ayush.singh2@cloudkeeper.com,User Managed,User Managed,User Managed,"",Not Catch-all,"",Entry,Information Technology,vsk13@byon.in,"","","",'+1 201-633-2314,'+91 99900 30362,Cold,s,"","",250,information technology & services,"cloud, aws, cloud cost optimization, cloud cost management, cloud consulting, finops support, services, guaranteed savings on aws, google cloud, devops consulting, aws enterprise discount program, google cloud experts, aws experts, save cloud costs, cloud optimization, gcp well architected framework reviews, aws well architected reviews, aws migration, gcp migration, 24x7 cloud support, cloud cost analytics, cloud usage optimization, ai based cloud optimization, certified cloud experts, technology, information & internet, cloud cost governance, cloud cost management platform, cloud cost visibility platform, multi-cloud management, cloud spend visibility, cloud cost recommendations, cloud cost solutions, multi-cloud cost management, cloud spend forecasting, cloud spend analytics, cloud resource tagging and chargeback, cloud cost analytics platform, cloud resource tagging, aws cost savings, cloud spend analysis, cloud cost anomaly detection, computer systems design and related services, cloud resource utilization, information technology and services, cloud cost visibility, b2b, cloud resource utilization optimization, cloud cost control solutions, cloud migration planning, cloud modernization strategies, cloud cost control, cloud financial governance, cost anomaly detection, reserved instance management, ai-powered cloud cost optimization, cloud cost transparency, cloud cost management for retail, cloud migration support, cloud cost management for education, cloud cost control tools, cloud cost intelligence platform, cloud cost savings automation, cloud resource right-sizing, cloud support services, finops, automated resource scheduling, cloud cost reduction automation, cloud cost optimization tools, cloud cost management for saas, cloud computing, cloud cost monitoring, cloud savings, cloud cost reduction strategies, cloud cost intelligence, cloud spend optimization, cloud resource optimization, cloud cost efficiency, cloud cost management solutions, cloud cost platform, cloud cost management for enterprise, cloud cost management for fintech, cloud cost reporting tools, cloud cost automation, software as a service, cloud visibility, cloud modernization, cloud cost tools, cloud migration cost optimization, cloud cost automation tools, cloud cost management for media, cloud cost recommendations platform, cloud spend analytics dashboard, cloud spend management, cloud cost reduction, cloud cost management for healthcare, cloud cost reporting, cloud cost monitoring tools, cloud cost management services, cloud financial management, consulting, cloud cost strategies, ai-driven optimization, retail, cloud cost visibility tools, finops consulting, cloud management, ai-based reservation management, cloud migration services, devops expertise, resource optimization, custom pricing models, aws edp enhancements, cost allocation solutions, expert cloud guidance, multi-cloud strategies, cloud performance monitoring, savings plans management, aws ri management, usage optimization recommendations, tagging and chargeback, cloud cost forecasting, data transfer optimization, continuous cost auditing, tailored cloud solutions, optimized usage policies, comprehensive cloud analytics, saas and isv support, 24/7 personalized support, cloud visibility tools, well-architected reviews, seamless cloud migration, technology-savvy leadership, automated cost recommendations, group buying benefits, budget monitoring and alerts, cloud resource governance, integrated cost management, predictive cost analysis, automated reporting dashboards, cloud billing partner support, client-centric cost strategies, dynamic resource allocation, cost effective architecture planning, cloud partnership alliances, expert consulting services, e-commerce, healthcare, finance, education, information technology & services, enterprise software, enterprises, computer software, saas, consumer internet, consumers, internet, health care, health, wellness & fitness, hospital & health care, financial services",http://www.linkedin.com/in/ayushps,https://cloudkeeper.com,http://www.linkedin.com/company/cloudkeeper,"",https://twitter.com/cloud_keeper,Noida,Uttar Pradesh,India,"3 Shenton Way, Singapore, Singapore, Singapore, 068805",Singapore,Singapore,Singapore,'+1 201-633-2314,"Amazon CloudFront, Route 53, Amazon SES, Gmail, Google Apps, Microsoft Office 365, Zendesk, Amazon AWS",200000000,"","","","","",true,false,false,false,false,"",6909f8033c9ad800018120e0,6909f8043c9ad80001812144,"","","","","","","",""
Jigar,Bhavsar,Solutions Architect- Passive Infra,Microlink Solutions Pvt. Ltd.,Microlink Solutions Pvt,jigarb@microlink.co.in,User Managed,User Managed,User Managed,"",Catch-all,"",Entry,Information Technology,vsk13@byon.in,"","","",'+91 79410 69000,"",Cold,s,"","",590,information technology & services,"enterprise network, system infrastructure, security, safety solution, collaboration, datacenter solution, facility management, helpdesk, intelligent bms, cyber security, it services & it consulting, it modernization solutions, enterprise it, technology stack integration, custom software solutions, cloud-based it solutions, consulting, modern it infrastructure, it deployment services, it modernization projects, project execution, system integration, it deployment, enterprise technology, technology consulting, technology solutions, it project implementation, it operations optimization, it infrastructure services, project management, enterprise it consulting, it implementation, business digital support, cloud platform integration, digital initiatives, it support, it consulting projects, enterprise software, it infrastructure management, it project delivery, it system integration services, it support for corporate clients, it architecture planning, it deployment strategies, digital transformation, digital initiative acceleration, corporate it, it support and maintenance, digital initiatives support, corporate it support, it system design, modern it approach, it project consulting, it project management services, it solutions provider, automattic tools, it solutions from major platforms, enterprise system design, it consulting firm, cloud services, cloud computing, it consulting expertise, it solutions architecture, it infrastructure consulting, software development, it support for institutions, it modernization, b2b, technical architecture, it support services, digital strategy, it solutions, it consulting services, medium and large enterprises, it consulting, enterprise system integration, digital transformation support, business technology solutions, it architecture design, it infrastructure development, it operations, business it solutions, it solutions for digital age, system integration for enterprises, it infrastructure, computer systems design and related services, it services, google platforms, it support for large companies, technology platforms, enterprise it support, system integration tools, cloud infrastructure design, it infrastructure optimization, business growth support, corporate technology support, technology stack, it support systems, custom it solutions, it infrastructure setup, enterprise it architecture, information technology and services, services, it solutions for business growth, it architecture, it infrastructure design, it service provider, it support solutions, it project execution, it service management, customized it solutions, business support services, software engineering, it strategy, it project management, it consulting solutions, computer & network security, information technology & services, management consulting, productivity, enterprises, computer software, marketing, marketing & advertising, information architecture",http://www.linkedin.com/in/jigar-bhavsar-88917525b,https://microlink.co.in,http://www.linkedin.com/company/microlinksolutionpvtltd,https://facebook.com/microlinksolutions,"",Ahmedabad,Gujarat,India,"Iskcon Cross Road, Ahmedabad, Gujarat, India, 380015",Ahmedabad,Gujarat,India,'+91 79410 69000,"Sendgrid, Outlook, Microsoft Office 365, Remote","","","","","","",true,false,false,false,false,"",6909f8043c9ad80001812101,6909f8043c9ad80001812147,"","","","","","","",""
Dushyant,Dave,Solutions Architect,Skyvera,Skyvera,dushyant.dave@skyvera.com,User Managed,User Managed,User Managed,"",Catch-all,"",Entry,Information Technology,vsk13@byon.in,"","",'+91 97129 03828,'+1 512-957-0150,"",Cold,s,"","",85,telecommunications,"mobile content transfer, mobile device diagnostics, mobile data wipe, solutions for operators & retailers, transparent caching, internet content delivery optimization, streaming video delivery, network optimization, contact center solutions, virtual contact center, multichannel contact center, telecommunications, multiaccess edge computing, customer experience, interworking networks, cloud deployment, multi-cloud support, telecom agility, telecom cloud platform, cost-effective solutions, data analytics, cloud bss/oss stack, cloud-native telco, cloud migration, oss solutions, innovation, telecom digital platform, cloud bss, scalable telecom platforms, cloud platform, edge computing, telco cloud support services, software as a service, cloud membership system, microservices architecture, ran software solutions, charging systems, telecom digital services, public cloud, api-driven, content delivery acceleration, cloud support, cost-effective telecom solutions, cloud-based subscriber management, subscriber retention, telecom software solutions, scalable platforms, subscriber analytics, charging system, policy control, content delivery platform, telecom api ecosystem, support services, software, data lake, operational efficiency, cloud integration, telco software, network management, cloud-native development, content delivery optimization, telecom software, digital transformation, mobile management, api-driven integration, multi-channel contact center, cloud-native software, cloud cost optimization, telco enterprise software, open api architecture, service orchestration, consulting, telco saas, telecom network modernization, open api, content delivery network, centralized campaign management, ran software, telecom support services, saas, telco bss/oss, mobile lifecycle management, real-time analytics, telco cloud-native architecture, digital services, api integration, enterprise software, customer engagement, analytics, multi-tenant telecom platform, digital telco transformation, bss/oss, convergent billing, telecom modernization, cloud infrastructure, telecom cloud migration, cloud-native, cloud architecture, cloud-based bss, cloud security, telco software acquisition, content optimization, software publishers, contact center, telecom apis, b2b, network performance, data-driven insights, subscriber experience, membership system, telecom operational efficiency, oss, telecom product innovation, product innovation, services, content delivery, telecom automation, cloud-based solutions, public cloud migration, telco software innovation, bss/oss stack, cloud-native technology, customer experience enhancement, ai-driven solutions, cost optimization, automated billing systems, subscriber management, order management, configure price quote (cpq), cloud optimization services, telecom operators, telecommunications industry, data lake solutions, campaign management, legacy software modernization, service delivery enhancement, cloud infrastructure management, telecom product portfolio, multi-channel integration, revenue stream creation, flexible product offerings, business process automation, telecommunication service providers, customer support services, telecom digital strategy, cloud credits, membership programs, vendor acquisition, cloud service providers, software as a service (saas), telecom analytics, subscriber experience improvement, cost-saving opportunities, cloud-native solutions, b2b sales processes, market shares, customer loyalty initiatives, business performance analysis, technology integration, mobile service management, computer software, information technology & services, enterprises, internet infrastructure, internet",http://www.linkedin.com/in/dushyantmdave,https://skyvera.com,http://www.linkedin.com/company/skyvera,"",https://twitter.com/zephyrtel_,New Delhi,Delhi,India,"401 Congress Avenue, Austin, Texas, United States, 78701",Austin,Texas,United States,'+1 512-957-0150,"Salesforce, Route 53, Amazon SES, Gmail, Outlook, Google Apps, Microsoft Office 365, Zendesk, MailChimp SPF, Amazon AWS, WP Engine, Atlassian Cloud, React, Python, Google Tag Manager, Vimeo, Mobile Friendly, Bootstrap Framework, Varnish, WordPress.org, Nginx, Hubspot, Google Font API, Circle, Remote, Avaya",2111000,49200000,Series C,14600000,2016-04-06T00:00:00+00:00,TelcoDR (telcodr.com),true,false,false,false,false,"",6909f8033c9ad800018120f6,6909f8043c9ad8000181214f,"","","","","","","",""
Adinath,Dhavale,Associate Project Manager | Solutions Architect | Java Full Stack | AWS,Fidel Softech Limited,Fidel Softech,adinath.dhavale@fidelsoftech.com,User Managed,User Managed,User Managed,"","","",Manager,"Engineering & Technical, Information Technology",vsk13@byon.in,"","","",'+91 20490 07800,"",Cold,s,"","",340,information technology & services,"it resources on contract, software developer, java developer, servicenow developer, data analyst, remote it resources on contract, langtech, it services & it consulting, project management, multilingual chatbot localization, ai for knowledge discovery, multilingual seo services, i18n code health check, consulting, multilingual localization, bilingual japanese staffing, language technology, qa engineering, ai for business automation, localization services, bilingual staffing, ai-enabled web development, llm development for ai-ml, i18n code scans, ai-driven content pipelines, services, digital transformation, ai for customer engagement, ai-ml development, data collection for ai, data analytics support, japanese language training, software gui & content localization, ai-based content audits, content simplification & summarization, computer systems design and related services, digital marketing, custom ai/ml development, enterprise software, ai content creation and maintenance, software localization, ai-powered translation qa, fintech solutions, automation services, servicenow support, game localization, ai for content personalization, website localization, ai and data services, ai-enabled custom tool development, localization and language services, sap s/4hana migration, localization engineering, cloud infrastructure, interpretation services, linguistic testing services, linguistic testing, multilingual dtp services, multilingual content creation, servicenow development, localization qa engineering, ai voiceover & subtitle generation, custom software development, infor syteline support, ai engine data creation, cloud infrastructure support, ai-enabled content development, e-learning localization, ai automation & integration, ai-powered localization, enterprise solutions, cloud services, innovation, multimedia localization, multilingual content optimization, ai for market insights, information technology and services, data analytics, multilingual voice & video localization, b2b, multilingual testing & maintenance, multilingual chatbot, ai chatbot development, language solutions, translation services, software development, internationalization (i18n), localization testing, software gui localization, content localization, document translation, language data collection, large language model (llm), it infrastructure support, digital transformation services, multilingual dtp, remote it support, info security services, infor syteline, video localization, transcription services, annotation services, user manual translation, ad and marketing material translation, machine translation, data collection services, chatbot data creation, internationalization issue remediation, l10n qa engineering, continuous localization automation, nlp for ai solutions, automation of workflow, global capability center (gcc), l1 l2 support services, multi-language implementation, finance, education, manufacturing, information technology & services, productivity, marketing & advertising, enterprises, computer software, internet infrastructure, internet, cloud computing, financial services, mechanical or industrial engineering",http://www.linkedin.com/in/adinath-dhavale-05b4a95b,https://fidelsoftech.com,http://www.linkedin.com/company/fidel-softech,https://www.facebook.com/profile.php,https://twitter.com/fidel_softech,Pune,Maharashtra,India,"3, Pune, Maharashtra, India, 411006",Pune,Maharashtra,India,'+91 20490 07800,"Cloudflare DNS, Outlook, Microsoft Office 365, GoDaddy Hosting, Gmail, Google Apps, Apache, WordPress.org, Google Font API, reCAPTCHA, Adobe Media Optimizer, StatCounter, Cedexis Radar, Vimeo, Mobile Friendly, Google Tag Manager, Remote, AI, Xamarin, IoT, Uipath, Automation Anywhere, Scala, React Native, Data Analytics, Render, Android, Laravel, Tableau","","","","","","",true,false,false,false,false,"",6909f8043c9ad800018120f8,6909f8043c9ad80001812154,"","","","","","","",""
Bharat,Gupta,Solutions Architect,Tech Mahindra,Tech Mahindra,bharat.gupta@techmahindra.com,User Managed,User Managed,User Managed,"","","",Entry,Information Technology,vsk13@byon.in,"","","",'+91 20 4225 0000,'+91 99719 89375,Cold,s,"","",149000,information technology & services,"telecom, it consulting, telecom security consulting, bss, oss, network technology solutions, services, network design, engineering, next generation networks, mobility solutions, consulting, solution integration, ims, bsg, blockchain, artificial intelligence, metaverse, it services & it consulting, telecommunications, ai integration, data analytics, iot security, digital business models, iot analytics, big data analytics, blockchain development, sustainability, edge computing, retail & consumer goods, iot for manufacturing, enterprise cloud, ai for predictive maintenance, blockchain in healthcare, automation, it services, digital platforms, financial services, manufacturing, blockchain technology, ai in financial services, digital ecosystems, cybersecurity, operational efficiency, iot, blockchain for real estate, cloud migration, cybersecurity for banking, global presence, cloud security solutions, healthcare, it strategy, innovation, iot solutions, blockchain for finance, digital consulting, digital asset management, ai for fraud detection, iot in transportation, cybersecurity threat detection, digital agility, aerospace, digital enterprise solutions, digital marketing, automation tools, smart city solutions, blockchain for logistics, blockchain for supply chain, iot platforms, retail, software development, it outsourcing services, consulting services, customer engagement platforms, ai-powered automation, digital solutions, blockchain in insurance, cloud-native applications, information technology and services, digital supply chain, ai in retail, blockchain for identity management, enterprise saas, automation platforms, cloud transformation, ai in customer service, banking and financial services, cloud deployment, travel, transportation, logistics & hospitality, industry-specific solutions, digital identity solutions, digital transformation consulting, bpo, salesforce, digital innovation, digital twin technology, sustainable it, ai in manufacturing, cloud infrastructure management, emerging tech, analytics platforms, blockchain applications, iot in agriculture, industry verticals, it service management, healthcare technology, customer experience enhancement, client support, smart grid solutions, network services, cloud for big data, cloud infrastructure, digital experience, digital enterprise applications, technology solutions, software engineering, business consulting, industry 4.0 solutions, analytics, client support services, customer experience, energy & utilities, b2b, cybersecurity frameworks, technology leadership, customer engagement, digital health platforms, ai solutions, enterprise mobility, cybersecurity services, technology consulting, enterprise software, global it leader, cloud for ai workloads, insurance, sap, business process outsourcing, digital strategy consulting, ai integration services, business process services, ai-driven analytics, iot in energy, government, it outsourcing, sustainability initiatives, supply chain management, cybersecurity for iot, cloud for telecom, cloud consulting, digital factory automation, digital supply chain management, digital enterprise, it infrastructure, cybersecurity solutions, it modernization, ai in healthcare, cloud-based erp, digital strategy, cloud security, application development, cloud solutions, ai-powered solutions, digital workplace, digital transformation, digital innovation labs, iot security solutions, cybersecurity monitoring, cloud computing, cloud services, network management, iot for smart homes, cyber security, computer systems design and related services, emerging technologies, industry solutions, experience services, engineering services, performance engineering, intelligent automation, oracle, pega, testing services, next-gen services, sustainability solutions, corporate social responsibility, innovation and r&d, telecom solutions, retail technology, logistics technology, media and entertainment, manufacturing solutions, energy and utilities technology, insurance technology, private equity solutions, partner ecosystem, agile solutions, enterprise applications, metaverse solutions, ai-powered analytics, scalability and agility, customer-centric solutions, technology partnerships, finance, education, distribution, consumer products & retail, transportation & logistics, construction & real estate, information technology & services, management consulting, enterprises, computer software, environmental services, renewables & environment, mechanical or industrial engineering, health care, health, wellness & fitness, hospital & health care, marketing & advertising, internet infrastructure, internet, outsourcing/offshoring, logistics & supply chain, marketing, app development, apps, computer & network security",http://www.linkedin.com/in/imbharatgupta,https://techmahindra.com,http://www.linkedin.com/company/tech-mahindra,https://www.facebook.com/TechMahindra,https://twitter.com/Tech_Mahindra,New Delhi,Delhi,India,"Karve Road, Pune, Maharashtra, India, 411004",Pune,Maharashtra,India,'+91 20 4225 0000,"Gmail, Outlook, Google Apps, Amazon AWS, Sendgrid, Microsoft Office 365, OneTrust, MongoDB, Mobile Friendly, Google Analytics, Nginx, Google Font API, Google Tag Manager, WordPress.org, Remote",6202797000,"","","","",Mahindra Group (mahindra.com),true,false,false,false,false,"",6909f8033c9ad800018120d3,6909f8043c9ad80001812139,"","","","","","","",""
Brijesh,Jaiswar,Technical Solutions Architect,Sarvatra Technologies,Sarvatra,"",Unavailable,"","","","","",Entry,"Engineering & Technical, Information Technology",vsk13@byon.in,"","","",'+91 20272 90097,'+91 96658 50469,Cold,s,"","",750,information technology & services,"eft switching, immediate payment systems, bank on move, mobile banking, atm, pos, micro atms, it services & it consulting, micro atm deployment india, payment security, micro atm, iso 27001, payment switch, shared infrastructure, payment gateway, banking system security, banking infrastructure management, pos terminals, rural banking solutions, mobile banking app, digital banking, banking technology solutions, banking software, rural banking technology, payment transaction management, atm network sharing, upi platform, banking customer experience, rupay card issuance, banking technology innovation, interoperable payment platforms, micro atm business model, banking technology for underbanked, india cbdc platform, payment industry standards, banking, cooperative bank solutions, payment platform as a service, customer engagement, bank-led rewards program, banking system scalability, financial services, rural payment solutions, micro atm network india, digital payment infrastructure, rural financial inclusion, payment ecosystem development, payment gateway integration, financial technology innovation, npci certified partner, cloud payment solutions, financial inclusion solutions, banking digital ecosystem, banking automation for co-ops, banking infrastructure, b2b, banking system certification, financial transactions processing, reserve, and clearinghouse activities, payment data security, micro atm switch, payment system integration, payment system for co-ops, banking software provider, government, cbdc platform, payment system monitoring, payment transaction security, pci dss, banking digital transformation, e-kyc, aeps platform, financial inclusion technology, india payment ecosystem, id-less payments platform, rural payment infrastructure, banking system integration, banking digital inclusion, banking software development, cbdc management system, payment network support, banking system reliability, banking infrastructure for rural areas, e-commerce, sub-member bank, banking automation, payment network connectivity, services, bharat bill pay, banking system support services, payment processing, micro atm solutions, eft platform, banking digital payments, cooperative bank payment solutions, information technology, cloud deployment, payment platform deployment, payment system security, imps platform, npci payment solutions, integrated payments platform, switching services, imps switching, upi switching, bbps switching, aeps switching, card security app, aadhaar payment app, daily deposit collection app, merchant pos, customer loyalty program, core banking system, automation solutions, user-friendly applications, transaction monitoring, customer service desk, data privacy policy, disaster recovery solutions, payment risk management, digital payment solutions, debit card issuance, pos-based banking, transaction fee calculation, acquiring solutions, seim solutions, infosec solutions, business continuity management, iso certified services, user support services, low-cost banking solutions, payment network integration, flexible payment systems, legacy system integration, embedded software solutions, mobile applications, biometric applications, web applications, technical support services, sales & marketing support, data centre management, innovative banking products, finance, distribution, information technology & services, point of sale, payments, enterprise software, enterprises, computer software, consumer internet, consumers, internet, mobile apps",http://www.linkedin.com/in/bjaiswar,https://sarvatra.tech,http://www.linkedin.com/company/sarvatra-technologies,"","",Mumbai,Maharashtra,India,"1, Pune, Maharashtra, India, 411045",Pune,Maharashtra,India,'+91 20272 90097,"Wordpress.com, Cloudflare DNS, Outlook, Microsoft Office 365, WordPress.org, Google Font API, Mobile Friendly, YouTube, Woo Commerce, Nginx, Google Tag Manager, React Native, IoT, Android, Phoenix, AI",12000000,"","","","","",true,false,false,false,false,"",6909f8033c9ad800018120ec,6909f8043c9ad8000181214d,"","","","","","","",""
Prakash,Kuva,Solutions Architect,Nividous,Nividous,prakash.kuva@nividous.com,User Managed,User Managed,User Managed,"",Not Catch-all,"",Entry,Information Technology,vsk13@byon.in,"","","",'+1 442-444-2767,"",Cold,s,"","",270,information technology & services,"intelligent automation, business process automation, artificial intelligence, sap automaiton, citrix automation, rpa, ai, hyper automation, machine learning, natural language processing, intelligent document processing, computer vision, predictive analysis, business rules management, revenue cycle management automation, accounts payable automation, service desk automation, intelligent ocr, lowcode process automation, agentic ai, generative ai, software development, human-in-the-loop, workflow automation, role-based dashboards, insurance, predictive analytics, finance & banking, robotic process automation, process orchestration, consulting, rpa and ai integration, computer systems design and related services, rapid development, b2b, manufacturing, mobile automation, extensible architecture, life sciences, workflow management, intelligent automation platform, process standardization, low-code process automation, healthcare, end-to-end automation, cognitive capabilities, logistics and supply chain, services, finance, distribution, information technology & services, enterprise software, enterprises, computer software, mechanical or industrial engineering, health care, health, wellness & fitness, hospital & health care, logistics & supply chain, financial services",http://www.linkedin.com/in/prakashkuva,https://nividous.com,http://www.linkedin.com/company/nividous,https://facebook.com/Nividous-Software-Solutions-Pvt-Ltd-154402791319120/,https://twitter.com/nividous,Ahmedabad,Gujarat,India,"309 Fellowship Rd, Mount Laurel, New Jersey, United States, 08054-1234",Mount Laurel,New Jersey,United States,'+1 442-444-2767,"Salesforce, Cloudflare DNS, Sendgrid, Gmail, Google Apps, CloudFlare Hosting, CloudFlare, MemberPress, WP Engine",1800000,"","","","","",true,false,false,false,false,"",6909f8033c9ad800018120f4,6909f8043c9ad80001812151,"","","","","","","",""
Dhillon,A.,Solutions Architect,Scry AI,Scry AI,"",Unavailable,"","","","","",Entry,Information Technology,vsk13@byon.in,"","","",'+1 408-740-8017,"",Cold,s,"","",210,information technology & services,"artificial intelligence, machine learning, automation, data analytics, big data, intelligent document processing, straight through processing, enterprise application, b2b software, ai software, cognitive computing, predictive analytics, erp, prescriptive analytics, deep learning, data analysis, algorithms, enterprise software, enterprise ai, data science, digital transformation, ai based data engineering, internet of things, smart city, pervasive computing, metaverse, analytics, information technology, software, software development, kyc/kyb extraction, ai deployment, data visualization, enterprise integration, ai for manufacturing, ai for complex diagram analysis, supply chain ai, ai for public infrastructure, ai automation, financial data analysis, iot platform, fraud detection, financial services, ai for enterprise knowledge, on-premises ai, construction site ai, ai for government services, predictive alerts, infra monitoring drones, construction safety ai, financial technology, edge computing ai, ai dashboards, ai for healthcare diagnostics, real-time insights, semantic search, fraud detection ai, ai compliance, regulatory compliance, services, customer support ai, ai monitoring, ai for fraud prevention, ai scalability, drone infrared monitoring, data security, iso 27001, supply chain management, ai for industrial safety, predictive maintenance ai, healthcare technology, data privacy, ai workflows, enterprise ai solutions, ai document processing, ai for energy management, information technology and services, audit-ready ai, ai for insurance underwriting, ai for regulatory reporting, financial analysis, ai for environmental monitoring, data reconciliation, engineering diagram conversion, loan processing, business intelligence, unstructured data analysis, financial spreading automation, ai for smart cities, digital twin, ai feedback loop, ai for manufacturing automation, utilities, ai inference, smart utilities ai, healthcare, ai for financial risk, smart city ai, explainable ai, computer systems design and related services, ai explainability, insurance automation, natural language processing, edge ai, ai for city infrastructure, operational ai, supply chain optimization, cloud deployment, workflow automation, ai security standards, b2b, operational efficiency ai, multilingual ai interface, ai for healthcare records, ai for public safety, ai model validation, digital archive digitization, risk management, data validation, automated decision-making, data security soc2, smart utilities management, unstructured data, ai model training, multilingual ai, government, drone monitoring, digital twin modeling, ai for public sector, complex diagram understanding, big data analytics, ai for asset management, document reconciliation, engineering diagram processing, insurance claims automation, ai for healthcare, predictive maintenance, manufacturing, data tagging, conversational ai, operational efficiency, supply chain ai models, loan document processing, industry-specific ai, ai pipelines, ai training data, data enrichment, ai-powered document processing, real-time market intelligence, api connectivity, customer support automation, ai customization, industrial iot integration, document extraction, intelligent automation, data extraction, anomaly detection, financial fraud detection, document processing, iot solutions, user-friendly interface, data integration, cloud-based solutions, customizable ai, data relationship extraction, entity profiling, operational risk, customer insights, data governance, machine learning algorithms, sentiment analysis, supplier risk prediction, financial spreading, technical support automation, contract analysis, behavioral analysis, financial analytics, data quality control, performance benchmarking, real-time alerts, social media monitoring, kyc automation, document classification, data lineage, business process automation, compliance automation, predictive modelling, finance, legal, construction, information technology & services, enterprises, computer software, computer & network security, finance technology, logistics & supply chain, health care, health, wellness & fitness, hospital & health care, mechanical or industrial engineering, social media, consumer internet, consumers, internet",http://www.linkedin.com/in/engineeramansingh,https://scryai.com,http://www.linkedin.com/company/scryai,https://www.facebook.com/scryai,https://twitter.com/scryai,Old Ziro,Arunachal Pradesh,India,"2635 N 1st St, San Jose, California, United States, 95134-2000",San Jose,California,United States,'+1 408-740-8017,"Amazon SES, Gmail, Google Apps, Microsoft Office 365, GoDaddy Hosting, MailChimp SPF, Amazon AWS, MongoDB, Hotjar, WordPress.org, Varnish, Google Tag Manager, Nginx, Bootstrap Framework, reCAPTCHA, DoubleClick, Mobile Friendly, Hubspot, Data Analytics, Remote, AI",5000000,"","","","","",true,false,false,false,false,"",6909f8033c9ad800018120ed,6909f8043c9ad8000181213e,"","","","","","","",""
Fareeduddin,Mohammed,Associate Director-Technology (Principal/Solutions Architect/CLSA),EvonSys,EvonSys,fareeduddin.mohammed@evonsys.com,User Managed,User Managed,User Managed,"",Not Catch-all,"",Director,Information Technology,vsk13@byon.in,"","","",'+1 844-386-6797,"",Cold,s,"","",660,information technology & services,"pegasystems, robotics, customer service, banking & finance, kyc, customer life cycle management, software development, mechanical or industrial engineering, information technology & services",http://www.linkedin.com/in/fareeduddin-mohammed-75125b29,https://evonsys.com,http://www.linkedin.com/company/evonsys,https://www.facebook.com/evonsys,https://twitter.com/evonsys,Hyderabad,Telangana,India,"4550 New Linden Hill Rd, Wilmington, Delaware, United States, 19808",Wilmington,Delaware,United States,'+1 844-386-6797,"Salesforce, Outlook, Microsoft Office 365, Amazon AWS, Zoho SalesIQ, React Redux, Microsoft Azure, Webflow, Disqus, Google Font API, Linkedin Marketing Solutions, Bing Ads, Facebook Login (Connect), Google Dynamic Remarketing, Visual Website Optimizer, Facebook Widget, Mobile Friendly, Google Maps, Hubspot, Amadesa, DoubleClick Conversion, Google Tag Manager, DoubleClick, Facebook Custom Audiences, Google Analytics",92100000,"","","","","",true,false,false,false,false,"",6909f8043c9ad800018120ff,6909f8043c9ad80001812156,"","","","","","","",""
Vishrut,Shah,Solutions Architect,Nividous,Nividous,vishrut.shah@nividous.com,User Managed,User Managed,User Managed,"",Not Catch-all,"",Entry,Information Technology,vsk13@byon.in,"","","",'+1 442-444-2767,"",Cold,s,"","",270,information technology & services,"intelligent automation, business process automation, artificial intelligence, sap automaiton, citrix automation, rpa, ai, hyper automation, machine learning, natural language processing, intelligent document processing, computer vision, predictive analysis, business rules management, revenue cycle management automation, accounts payable automation, service desk automation, intelligent ocr, lowcode process automation, agentic ai, generative ai, software development, human-in-the-loop, workflow automation, role-based dashboards, insurance, predictive analytics, finance & banking, robotic process automation, process orchestration, consulting, rpa and ai integration, computer systems design and related services, rapid development, b2b, manufacturing, mobile automation, extensible architecture, life sciences, workflow management, intelligent automation platform, process standardization, low-code process automation, healthcare, end-to-end automation, cognitive capabilities, logistics and supply chain, services, finance, distribution, information technology & services, enterprise software, enterprises, computer software, mechanical or industrial engineering, health care, health, wellness & fitness, hospital & health care, logistics & supply chain, financial services",http://www.linkedin.com/in/vishrut-shah-71420b31,https://nividous.com,http://www.linkedin.com/company/nividous,https://facebook.com/Nividous-Software-Solutions-Pvt-Ltd-154402791319120/,https://twitter.com/nividous,Ahmedabad,Gujarat,India,"309 Fellowship Rd, Mount Laurel, New Jersey, United States, 08054-1234",Mount Laurel,New Jersey,United States,'+1 442-444-2767,"Salesforce, Cloudflare DNS, Sendgrid, Gmail, Google Apps, CloudFlare Hosting, CloudFlare, MemberPress, WP Engine",1800000,"","","","","",true,false,false,false,false,"",6909f8043c9ad800018120fa,6909f8043c9ad80001812151,"","","","","","","",""
Ch,Yagnesh,Solutions Architect,Pelatro,Pelatro,"",Unavailable,"","","","","",Entry,Information Technology,vsk13@byon.in,"","","",'+91 80653 49800,"",Cold,s,"","",270,information technology & services,"customer centricity platform, telecommunications, customer value management, contextual marketing, telecom marketing, loyalty marketing, bfsi, customer engagement, customer journey orchestration, lead management, banking marketing, software development, subscriber engagement, subscriber segmentation, campaign automation, ai/ml capabilities, ai/ml analytics, location-based loyalty, multi-channel messaging, customer engagement ai agents, campaign management, personalized offers, ai-powered campaign triggers, predictive analytics, telecom customer analytics, customer lifecycle management, data-driven marketing, hyper-personalisation, customer experience enhancement, real-time campaigns, computer systems design and related services, services, customer journey mapping, customer insights platform, loyalty management, omnichannel communication, omnichannel marketing, customer insights dashboard, telecom marketing solutions, data monetisation, personalization engine, b2b, data integration, customer data platform, customer acquisition, next-gen customer engagement, customer experience management, customer analytics, ai-driven marketing, customer lifecycle analytics, data analytics, real-time personalization, real-time triggered campaigns, subscriber insights, multi-channel campaigns, agentic ai, customer profiling, customer loyalty solutions, marketing automation, customer retention, customer loyalty platforms, behavioral analytics, data privacy & consent management, customer segmentation, subscriber behavior analysis, campaign optimization, real-time data processing, information technology, customer engagement platform, information technology & services, enterprise software, enterprises, computer software, marketing & advertising, saas",http://www.linkedin.com/in/ch-yagnesh-957b7b204,https://pelatro.com,http://www.linkedin.com/company/pelatro,https://facebook.com/pelatro/,https://twitter.com/pelatro,Bengaluru,Karnataka,India,"407 4th A Main Road, Bengaluru, Karnataka, India, 560043",Bengaluru,Karnataka,India,'+91 80653 49800,"Outlook, Microsoft Office 365, YouTube, Google Tag Manager, WordPress.org, Apache, Linkedin Marketing Solutions, Google Font API, Bootstrap Framework, Gravity Forms, Mobile Friendly, reCAPTCHA",5382000,"","","","","",true,false,false,false,false,"",6909f8033c9ad800018120f5,6909f8043c9ad80001812152,"","","","","","","",""
Ankit,Chourasiya,Solutions Architect,Esyasoft Holding,Esyasoft Holding,ankit.chourasiya@esyasoft.com,User Managed,User Managed,User Managed,"","","",Entry,Information Technology,vsk13@byon.in,"","","","","",Cold,s,"","",660,utilities,"smart grid, smart city solutions, big data, scada analytics, system integration, metering, billing, collection solutions, revenue maximization, energy forecasting, predictive analytics, energy insights, meter data management, demand response, big data analytics, energy management, smart cities, enterprise software, energy, clean technology, software, information technology, environmental impact analytics, data analytics, carbon footprint reduction, utility data interoperability, utility network digital twin, sustainability, utility automation, smart meters, v2g technology, renewable energy storage optimization, renewable energy optimization, utility asset lifecycle management, utility data platforms, smart meter retrofit solutions, digital carbon registry, energy demand forecasting, digital carbon infrastructure, smart city integration, smart grid data governance, real-time monitoring, iot for utility asset monitoring, iot sensors, iot products, ai-powered analytics, operational efficiency, energy data security, blockchain for climate tech, environmental technology, iot, climate action technologies, energy efficiency technologies, services, utility network resilience, energy mobility, utility operations automation, smart grid suite, smart grid connectivity, smart meter hardware, energy network resilience, ev charging infrastructure, predictive maintenance, end-to-end energy solutions, cloud-edge computing, data-driven decision making, utility network optimization, gis utilities management, iot device management, utility network monitoring, climate change mitigation tech, renewable energy, distributed energy management, carbon credit market platforms, predictive maintenance tools, energy data compliance tools, ai for leak detection, smart city energy solutions, environmental sustainability, emissions trading systems, global utility solutions, renewable energy forecasting, carbon registry platforms, renewable energy integration, smart grid cybersecurity, energy technology, grid simulation software, smart water and gas meters, smart grid solutions, utility asset optimization, energy transition, ev charging solutions, climate tech, analytics, grid optimization, energy analytics, energy storage management, iot device security, environmental monitoring, distributed energy resources, b2b, utility data analytics, iot devices, utilities, electric power generation, grid stability solutions, energy load forecasting, advanced metering infrastructure, v2g vehicle integration, iot gateway devices, analytics & ai, utility software development, grid modernization, ai, government, ai-driven demand response, energy efficiency, load forecasting, blockchain in climate tech, battery storage systems, grid stability, data analytics platforms, energy asset management, carbon emissions reduction, grid fault detection, energy data visualization, ai and iot integration, gis for utilities, smart city technologies, utility asset management, energy transition project management, end-to-end grid solutions, ai analytics platforms, energy management systems, smart grid integration, ai algorithms, energy transition technologies, digital utility solutions, global utility deployment, environmental monitoring devices, grid simulation and modelling, digital transformation, ai for peak load management, utility business intelligence, climate technology, cloud-edge platform, ami, electric vehicle infrastructure, ev charging stations, energy audit, data-driven insights, decarbonization, vehicle-to-grid, blockchain technology, carbon emissions monitoring, leak detection, renewable energy sources, digital substation monitoring, smart utility solutions, metering solutions, electric grid modernization, telemetry systems, data quality management, real-time data monitoring, interoperability, energy consumption patterns, advanced sensors, consumer engagement, smart meter rollout, infrastructure development, operational optimization, carbon credit exchange, finance, distribution, transportation & logistics, clean energy & technology, environmental services, renewables & environment, enterprises, computer software, information technology & services, oil & energy, financial services",http://www.linkedin.com/in/ankit-chourasiya-30176211b,https://esyasoft.com,http://www.linkedin.com/company/esyasoft,"","",Bengaluru,Karnataka,India,"311 ممر أورشيد, Dubai, Dubai, United Arab Emirates",Dubai,Dubai,United Arab Emirates,"","ElasticEmail, Outlook, Microsoft Office 365, Microsoft Azure Hosting, Microsoft Azure, Mobile Friendly, Remote, AI","","","","","","",true,false,false,false,false,"",6909f8033c9ad800018120de,6909f8043c9ad80001812142,"","","","","","","",""
Pratik,Harde,AWS Architect,Intellipaat,Intellipaat,"",Unavailable,"","","","","",Entry,"Engineering & Technical, Information Technology",vsk13@byon.in,"","","",'+91 70223 74614,"",Cold,s,"","",1500,e-learning,"corporate & online training, business intelligence tools, online training, big data hadoop, data science, education technology, online education, higher education, elearning, machine learning, digital marketing, software development, blockchain, big data, artificial intelligence, education, career services, full stack web development, cloud computing, aws, testing, ethical hacking, cyber security, selenium, e-learning providers, technology certifications, python, b2c, information technology, e-learning, career upskilling, robotics, power bi, business analytics, customized learning paths, career transition support, virtual classrooms, live instructor-led training, blended learning model, hadoop, corporate training, global learners, technology skill gap, technical skills, devops, home improvement, training for senior citizens, professional training, b2b, industry-driven courses, data analytics, top university partnerships, job readiness, sql, art and humanities, self-paced learning, international expansion, industry collaboration, services, certification programs, azure, professional courses, ai & ml, cybersecurity, investment banking, iot, practical exercises, learning support services, computer training, powerpoint, e-learning platform, product management, industry-relevant case studies, job placement assistance, corporate training solutions, collaborations with microsoft, global education outreach, project management, ui ux design, hands-on projects, online training courses, salesforce certification, advanced certifications, live interactive sessions, expert instructors, job assistance, career transition, professional development, ai and ml courses, big data analytics, programming courses, devops training, financial management, leadership programs, executive certification, full stack development, data engineering, python programming, sql training, microsoft azure, aws training, certificate programs, global universities, industry partnerships, tech jobs, 24/7 support, mentorship programs, mock interviews, learner testimonials, career guidance, enterprise training solutions, learning management system, real-time projects, capstone projects, saas, finance, internet, information technology & services, computer software, education management, marketing & advertising, enterprise software, enterprises, computer & network security, mechanical or industrial engineering, professional training & coaching, capital markets, financial services, productivity",http://www.linkedin.com/in/pratik-harde-ab5397198,https://intellipaat.com,http://www.linkedin.com/company/intellipaat-software-solutions,https://www.facebook.com/intellipaatonline/,https://twitter.com/Intellipaat,Old Ziro,"",India,"Bannerghatta Main Road, Bengaluru, Karnataka, India, 560076",Bengaluru,Karnataka,India,'+91 70223 74614,"Cloudflare DNS, Gmail, Google Apps, Microsoft Office 365, CloudFlare Hosting, Amazon AWS, Facebook Login (Connect), Google Analytics, Woo Commerce, YouTube, Vimeo, PicReel, Cedexis Radar, Bootstrap Framework, Bing Ads, New Relic, DoubleClick Conversion, Adobe Media Optimizer, reCAPTCHA, Facebook Custom Audiences, Mobile Friendly, Yahoo Ad Manager Plus, Facebook Widget, WordPress.org, Google AdWords Conversion, Google Font API, Pingdom, Zopim, Twitter Advertising, Linkedin Marketing Solutions, DoubleClick, Google Dynamic Remarketing, AdRoll, Yahoo Analytics, Taboola, Google Play, BuddyPress, Google Tag Manager, DoubleClick Floodlight, AI, Data Analytics",292100000,"","","","","",true,false,false,false,false,"",6909f8033c9ad800018120d9,6909f8043c9ad8000181213f,"","","","","","","",""
Bhaskar,Vanapalli,Solutions Architect,Fission Labs,Fission Labs,bhaskar@fissionlabs.com,User Managed,User Managed,User Managed,"",Not Catch-all,"",Entry,Information Technology,vsk13@byon.in,"","","",'+91 40658 96167,"",Cold,s,"","",410,information technology & services,"artificial intelligence, machine learning, big data, responsive ui, visualization, mobile, cloud, scale, automation, iot, bots, product development, mobile apps, custom application development, testing, web application development, cloud computing, information technology, enterprise software, deep information technology, software, software development, agile development, ai in healthcare diagnostics, ai for autonomous systems, data quality, generative ai, b2b, customer relationship management, ai in retail personalization, ci/cd pipelines, cloud infrastructure, continuous deployment, real-time data processing, ai-powered systems, aws cloud, consulting, big data analytics, ai solutions, services, healthcare technology, healthtech, data lake, cloud-native architecture, ai workflow, devsecops, generative ai applications, data governance, ai for automation, ai for predictive maintenance, business intelligence, devops automation, continuous integration, ai/ml for healthcare, serverless computing, ai for object detection, api development, ai for smart cities, automation tools, predictive analytics, custom software development, containerization, serverless architecture, data management, custom software, cloud solutions, data integration, azure cloud, data engineering, information technology and services, ai in life sciences, security and compliance, data visualization, artificial intelligence and machine learning, dataops, data analytics, ai model deployment, data migration, ml engineering, ai for regulatory compliance, ai workflow automation, logistics, open-source tools, cloud-native solutions, microservices, ai-powered analytics, devops services, ai for customer engagement, digital transformation, fintech, data pipeline, ai in iot, ai in telehealth, open-source technology, mobile app development, azure partner, ai automation, ai for supply chain optimization, data-driven insights, ai in logistics, microservices architecture, cloud consulting, data warehouse, project management, aws partner, ai/ml frameworks, scalable applications, computer systems design and related services, gcp partner, api integration, gcp cloud, ai/ml model, data security, ai model optimization, ai/ml services, ai for financial modeling, edge ai solutions, web app development, quality assurance services, salesforce consulting, enterprise solutions, process automation, ui/ux design, api integrations, cloud application development, big data solutions, iot platforms, enterprise resource planning, digital product development, agile methodology, end-to-end development, technical consulting, scalable solutions, software architecture, compliance management, real-time analytics, cloud migration, infrastructure management, remote monitoring, data processing, virtual assistants, testing automation, client-focused solutions, technology integration, business process optimization, multi-tenant applications, performance tuning, change management, healthcare, finance, transportation_logistics, information technology & services, enterprises, computer software, internet, web development, crm, sales, internet infrastructure, analytics, finance technology, financial services, productivity, computer & network security, health care, health, wellness & fitness, hospital & health care",http://www.linkedin.com/in/bhaskar-vanapalli-7997a615,https://fissionlabs.com,http://www.linkedin.com/company/fission-labs,https://www.facebook.com/FissionLabs,https://twitter.com/Fission_Labs,Hyderabad,Telangana,India,"830 Stewart Dr, Sunnyvale, California, United States, 94085",Sunnyvale,California,United States,'+91 40658 96167,"Sendgrid, Gmail, Google Apps, Amazon AWS, Cloudflare DNS, reCAPTCHA, DoubleClick Conversion, DoubleClick, Mobile Friendly, Google Font API, Google Tag Manager, Google Dynamic Remarketing, Android, Remote, AI, Google Workspace",19064000,"","","","","",true,false,false,false,false,"",6909f8033c9ad800018120ea,6909f8043c9ad8000181214b,"","","","","","","",""
Pinkal,Patel,Solutions Architect,Nividous,Nividous,pinkal.patel@nividous.com,User Managed,User Managed,User Managed,"",Not Catch-all,"",Entry,Information Technology,vsk13@byon.in,"","","",'+1 442-444-2767,"",Cold,s,"","",270,information technology & services,"intelligent automation, business process automation, artificial intelligence, sap automaiton, citrix automation, rpa, ai, hyper automation, machine learning, natural language processing, intelligent document processing, computer vision, predictive analysis, business rules management, revenue cycle management automation, accounts payable automation, service desk automation, intelligent ocr, lowcode process automation, agentic ai, generative ai, software development, human-in-the-loop, workflow automation, role-based dashboards, insurance, predictive analytics, finance & banking, robotic process automation, process orchestration, consulting, rpa and ai integration, computer systems design and related services, rapid development, b2b, manufacturing, mobile automation, extensible architecture, life sciences, workflow management, intelligent automation platform, process standardization, low-code process automation, healthcare, end-to-end automation, cognitive capabilities, logistics and supply chain, services, finance, distribution, information technology & services, enterprise software, enterprises, computer software, mechanical or industrial engineering, health care, health, wellness & fitness, hospital & health care, logistics & supply chain, financial services",http://www.linkedin.com/in/pinkal-patel-b93384338,https://nividous.com,http://www.linkedin.com/company/nividous,https://facebook.com/Nividous-Software-Solutions-Pvt-Ltd-154402791319120/,https://twitter.com/nividous,Ahmedabad,Gujarat,India,"309 Fellowship Rd, Mount Laurel, New Jersey, United States, 08054-1234",Mount Laurel,New Jersey,United States,'+1 442-444-2767,"Salesforce, Cloudflare DNS, Sendgrid, Gmail, Google Apps, CloudFlare Hosting, CloudFlare, MemberPress, WP Engine",1800000,"","","","","",true,false,false,false,false,"",6909f8043c9ad800018120fd,6909f8043c9ad80001812151,"","","","","","","",""
Shirish,Meshram,Solutions Architect,ReBIT | Reserve Bank Information Technology Pvt. Ltd.,ReBIT,shirish.meshram@rebit.org.in,User Managed,User Managed,User Managed,"",Not Catch-all,"",Entry,Information Technology,vsk13@byon.in,"","",'+91 98210 06582,'+91 22 5023 3100,"",Cold,s,"","",870,information technology & services,"cyber security, project management, research, innovation, systems audit, fintech, regtech, rebit, reserve bank, policy research, rbi, blockchain, risk based supervision rbs, big data, machine learning ml, soc, it services & it consulting, security audit standards, security compliance, it project management, security architecture design, financial technology, threat intelligence, machine learning, risk assessment, ai/ml, financial services, data analytics, application development, incident response, security incident management, cloud enablement, cyber resilience, digital forensic readiness, cyber risk advisory, vulnerability assessment, cyber threat intelligence, computer systems design and related services, cybersecurity policy development, information technology and services, digital forensic research, b2b, it audit, security risk advisory, digital forensic, incident analysis, cyber incident response, cyber attack prevention, digital forensics, software development, security operations center, cybersecurity best practices, regulatory technology, digital banking, cyber resilience frameworks, data security, cybersecurity threat landscape, software engineering, security policy, government, penetration testing, cloud computing, cloud security, security solutions, regulatory compliance, endpoint security, security audit, cybersecurity research, it governance, banking, security frameworks, cyber threat monitoring, cloud solutions, enterprise software, cybersecurity, it services, digital payments, user experience, cyber threat detection, cybersecurity standards development, cyber fraud analysis, services, digital transformation, cybersecurity innovation, risk management, cybersecurity awareness, industry standards, cyber threat mitigation, consulting, cybersecurity training, system audit, ai, security audits, forensic engineering, business analysis, grc, security infrastructure, performance engineering, vulnerability assessments, digital payment security, robust authentication, it infrastructure, software lifecycle, security research, innovative technology, collaboration, mobile banking, api standards, best practices, technology training, employee development, hackathons, learning series, workshops, business continuity, vendor risk management, financial fraud prevention, identity and access management, system resilience, remote work protections, data governance, finance, computer & network security, information technology & services, productivity, finance technology, enterprises, computer software, artificial intelligence, app development, apps, ux",http://www.linkedin.com/in/shirish-meshram-26774138,https://rebit.org.in,http://www.linkedin.com/company/reserve-bank-information-technology-pvt-ltd,"",https://twitter.com/reservebankit,Mumbai,Maharashtra,India,"Navi Mumbai, Maharashtra, India, 400706",Navi Mumbai,Maharashtra,India,'+91 22 5023 3100,"Route 53, Amazon AWS","","","","","","",true,false,false,false,false,"",6909f8033c9ad800018120da,6909f8043c9ad80001812138,"","","","","","","",""
Bharti,Shukla,Solutions Architect,The George Institute for Global Health,The George Institute for Global Health,bshukla@georgeinstitute.org,User Managed,User Managed,User Managed,"","","",Entry,Information Technology,vsk13@byon.in,"","","",'+61 2 9657 0300,"",Cold,s,"","",690,research,"medical research, health care policy & advocacy, late phase clinical trials, commercialisation of healthcare technology, global health, public health, healthcare access, mental health, healthcare research, health and social care services, health systems research, community-based health interventions, healthcare solutions, healthcare advocacy, healthcare innovation for chronic diseases, healthcare quality improvement, healthcare systems strengthening, digital health for rural areas, healthcare systems reform, healthcare technology, healthcare systems, digital health, health research, health disparities, healthcare delivery, community health, healthcare research impact, health equity, healthcare collaboration, healthcare system resilience, healthcare funding, healthcare technology adoption, medical research and development, health policy, ncds, healthcare innovation in underserved areas, healthcare innovation, healthcare infrastructure, healthcare digital transformation, digital health tools, healthcare workforce, digital health ai tools, research and development in the physical, engineering, and life sciences, services, healthcare in underserved populations, health systems, preventive health, healthcare improvement, clinical research, healthcare policy, healthcare policy influence, ai in healthcare, health innovation, healthcare disparities, preventive medicine, health systems strengthening, health policy in low-resource settings, non-communicable diseases, healthcare policy development, healthcare policy advocacy in lmics, digital health solutions, healthcare data, public health policy, global health equity, clinical trials, ncd prevention, health policy advocacy, primary health care, diabetes, advocacy, thought leadership, healthier societies, community health workers, cardiovascular diseases, kidney disease, respiratory diseases, road safety, social entrepreneurship, sustainability in health, access to healthcare, research innovation, chronic disease management, health education, patient outcomes, epidemiology, quality of care, intervention strategies, health promotion, evidence-based practice, health risk assessment, patient safety, gender equity in health, health communication, nutrition policy, obesity prevention, child health, maternal health, disease prevention, aggregated health data, cross-country health initiatives, health informatics, partner collaboration, community engagement, fundraising for health research, capacity building in health, healthcare, non-profit, health, wellness & fitness, hospital & health care, information technology & services, health care, medical, social enterprise, nonprofit organization management",http://www.linkedin.com/in/bharti-shukla-758979120,https://georgeinstitute.org,http://www.linkedin.com/school/george-institute,https://facebook.com/thegeorgeinstitute,https://twitter.com/georgeinstitute,Old Ziro,"",India,"1 King St, Sydney, New South Wales, Australia, 2042",Sydney,New South Wales,Australia,'+61 2 9657 0300,"Salesforce, Outlook, Remote",3000000,"","","","","",true,false,false,false,false,"",6909f8033c9ad800018120f7,6909f8043c9ad80001812153,"","","","","","","",""
Santosh,Kumar,Solutions Architect,Ribbon Communications,Ribbon Communications,skumar@ribboncommunications.com,User Managed,User Managed,User Managed,"","","",Entry,Information Technology,vsk13@byon.in,"","",'+91 98209 88303,'+1 866-750-5040,"",Cold,s,"","",3100,telecommunications,"5g, analytics, mobile, security, uc, sbc, cloud, ip optical, web hosting, communications hardware, voip, hardware, information technology, edp services, technology, analytics and insights, patent portfolio in networking, education, analytics platform, healthcare, carrier-class media gateways, innovation, cloud migration, automation tools, network monitoring, cloud migration strategies, multi-tenant solutions, d2c, network management tools, cloud security compliance, 5g backhaul, carrier-class solutions, enterprise solutions, high capacity optical networks, network automation platforms, security services, network optimization, tdm to ip transition, network analytics, cloud security solutions, carrier-grade sbc, multi-cloud solutions, webrtc communication, carrier-grade security protocols, ucaas, multi-cloud orchestration, enterprise security, ip routing, operational efficiency, optical networking, cloud-native sbc, network management, patented technology, 5g backhaul solutions, network automation, secure voip solutions, cloud communications, media gateways, network analytics and insights, transportation & logistics, webrtc integration, session border controllers, critical infrastructure, network security, multi-tenant cloud solutions, critical infrastructure security, security solutions, optical networks, enterprise networking, secure cloud communications, real-time network monitoring, service assurance, secure cloud communication services, carrier-grade reliability, cloud-based ucaas, global network coverage, cloud-based services, network orchestration platforms, cloud communication apis, ip optical networks, cloud-native ims, network automation tools, utilities, service provider solutions, real-time analytics, network performance management, cloud-native communication platforms, voip security, cloud-native architecture, multi-sector network support, enterprise security solutions, network performance analytics, patent portfolio, unified communications, cloud infrastructure, network transformation, network scalability solutions, cloud security, network orchestration, patented network security, financial services, data center interconnect, tdm to ip migration, secure cloud solutions, government, security threat mitigation, network security protocols, b2b, network modernization, multi-sector support, network performance, network reliability, cloud communications platform, security threat detection, finance, security automation, network scalability, services, telecommunications, ip optical networking, 5g xhaul, real-time data, voice security, identity assurance, analytics & insights, metaswitch migrations, contact center solutions, cpaas, high density otn/dwdm, voice over lte (volte), voice over ip (voip), webrtc gateway, analytics platform ramp, access routers, aggregation routers, sbc software edition, diameter signaling controller, cross-platform compatibility, network management and insights, monetization applications, security applications, cloud-native solutions, voice threat prevention, fraud management, interoperability solutions, telecom infrastructure, wholesale network providers, edge computing, intelligent routing engines, virtual edge sbc, multi-service architecture, network design and planning, service quality assurance, customer experience improvement, call controller management, energy & utilities, information technology & services, internet, health care, health, wellness & fitness, hospital & health care, enterprise software, enterprises, computer software, internet infrastructure",http://www.linkedin.com/in/santoshkumar07,https://ribboncommunications.com,http://www.linkedin.com/company/ribbon-communications,https://www.facebook.com/ribboncomm,https://twitter.com/ribboncomm,Mumbai,Maharashtra,India,"6500 Chase Oaks Blvd, Plano, Texas, United States, 75023-4664",Plano,Texas,United States,'+1 866-750-5040,"Mimecast, Microsoft Office 365, Salesforce, Outlook, CSC Corporate Domains, Amazon AWS, Microsoft Azure Hosting, Drupal, Pantheon, OneTrust, Workday, Amplitude, Bluekai, DemandBase, Backbone JS Library, Jira, React, Google Font API, Nginx, Hubspot, DoubleClick Conversion, Google AdSense, Google Analytics, Google Dynamic Remarketing, DoubleClick, YouTube, Cloudinary, CrazyEgg, Bing Ads, Workday Recruit, ON24, New Relic, The Trade Desk, ShareThis, Walkme, Wistia, Google Tag Manager, Mobile Friendly, Linkedin Marketing Solutions, Adobe Media Optimizer, Varnish, Multilingual, Remote, Avaya, Vonage, 8x8, Data Analytics, Toast, AI",833881000,"","","","",Sonus,true,false,false,false,false,"",6909f8033c9ad800018120e4,6909f8043c9ad80001812146,"","","","","","","",""
Rajendra,Nalluri,Solutions Architect,Abjayon Inc.,Abjayon,"",Unavailable,"","","","","",Entry,Information Technology,vsk13@byon.in,"","","",'+1 510-824-3260,"",Cold,s,"","",370,information technology & services,"digital engineering, utilities, digital transformation, healthcare, customer experience, software development, utility industry innovation, managed services, oracle customer cloud platform, api development, oracle utilities iot solutions, innovation in utilities, predictive maintenance, oracle energy disaggregation, business process re-engineering, oracle utilities customer experience, oracle asset health management, oracle utilities, oracle utilities integration, smart metering, data analytics, oracle c2m/ccb solutions, iot integration, system migration, smart grid integration, oracle grid edge analytics, b2c, cloud enablement, technical support services, customer support, computer systems design and related services, oracle wam/wacs upgrades, oracle utilities asset optimization, oracle utilities data management, b2b, oracle utilities performance tuning, energy and water utilities, implementation support, oracle hospitality solutions, oracle wacs implementation, customer lifecycle management, process automation, customer engagement, smart metering technologies, real-time analytics, oracle gold partner, asset management, api integration, oracle smart grid solutions, grid modernization, utilities industry solutions, customer cloud solutions, product engineering, data-driven insights, customer satisfaction, oracle utilities consulting, system performance tuning, customer portal development, oracle outage management, government, oracle mdm for utilities, oracle utilities data lake, utility asset health, d2c, performance optimization, oracle utilities system support, edge analytics, critical situation management, energy data analytics, performance monitoring, system integration, oracle utilities managed services, global delivery, energy disaggregation, energy efficiency, hospitality, technical architecture, sustainable growth, solution engineering, oracle fault detection, oracle utilities implementation, remote monitoring, ai-driven platforms, oracle utilities product suite, customer relationship management, oracle utilities ai/ml applications, oracle utilities outage management, operational efficiency, ai/ml solutions, it services, oracle utilities cloud solutions, business continuity, oracle utilities digital platform, oracle utilities asset management, system monitoring, oracle utilities project delivery, oracle utilities smart metering, remote system management, grid resilience, process optimization, oracle utilities customer cloud, cloud implementation, oracle utilities integration services, services, oracle utilities grid management, oracle utilities cloud migration, fault detection, oracle utilities system re-engineering, solutioning, consulting, oracle utilities system upgrade, oracle energy and water solutions, impresa cx, impresa insights, impresa field service, impresa prepaid, utilities consulting, customer engagement platform, advanced metering infrastructure, smart metering integrations, meter data management, energy management system, customer information system, billing solutions, distributed energy resources, self-service portal, customer experience management, cloud integration, scalability solutions, integration services, data monetization, real-time monitoring, predictive analysis, demand side management, resource planning, remote field services, mobile workforce management, enterprise resource planning, business process automation, microservices architecture, modular application design, configurability, reporting and analytics, cost reduction strategies, cloud mastery, user experience design, customer retention solutions, flexible payment systems, prepaid billing solutions, digital engineering solutions, finance, distribution, health care, health, wellness & fitness, hospital & health care, information technology & services, environmental services, renewables & environment, leisure, travel & tourism, crm, sales, enterprise software, enterprises, computer software, design, financial services",http://www.linkedin.com/in/rajendra-nalluri-a9a36935,https://abjayon.com,http://www.linkedin.com/company/abjayon,https://www.facebook.com/abjayon,https://twitter.com/abjayon,Hyderabad,Telangana,India,"42808 Christy St, Fremont, California, United States, 94538",Fremont,California,United States,'+1 510-824-3260,"Amazon CloudFront, Route 53, Outlook, Microsoft Office 365, Amazon AWS, reCAPTCHA, Google Font API, Mobile Friendly, Apache, Google Analytics, Google Tag Manager, YouTube, Gravity Forms, WordPress.org, AI","","","","","","",true,false,false,false,false,"",6909f8033c9ad800018120e7,6909f8043c9ad80001812148,"","","","","","","",""
Shaila,Charantimath,Customer Solutions Architect,Spinny,Spinny,shaila.charantimath@spinny.com,User Managed,User Managed,User Managed,"",Catch-all,"",Entry,"Information Technology, Marketing",vsk13@byon.in,"","",'+91 97409 81675,'+91 96190 22022,"",Cold,s,"","",4100,automotive,"preowned cars, used cars, full stack ecommerce, e-commerce, marketplaces, information technology, consumer internet, internet, retail motor vehicles, used car certification process, automotive retail, used car expansion, used car certification, certified cars, car refurbishment process, b2c, used car expansion strategy, used car inventory in india, used car financing options, certified used cars, no-haggle car prices, no-haggle policy, used car buyer platform india, used car quality control, used car expansion plans, car market india, car financing, used car sales growth india, used car inspection reports, used car trust building, transparent car sales, car return policy, used car trust building strategies, car warranty, used car brand reputation, car inspection, used car inspection, used car seller services, used car quality control measures, used car quality, digital marketing, second-hand car marketplace, used car market leader, used car market india, used car seller platform, digital car marketplace, used car refurbishment process, used car return policy india, quality assurance, used car quality assurance india, used car market trends india, used car return policy, refurbished vehicle quality, used car buying made easy, used car inventory, refurbished cars, used car quality assurance process, second-hand cars, pre-owned vehicles, semi-urban car buyers, used car market growth, no-haggle pricing, used car quality standards, used car industry expansion india, digital used car marketplace india, used car buying convenience, used car trust initiatives india, car buyer services, used car platform india, customer trust, urban car buyers, financial services, end-to-end used car sales, used car sales growth, retail, used car buyer services india, car certification, used car seller platform india, used car quality checks, used car warranty programs, used car buyer services, certified pre-owned cars, used car financing, used car platform features india, used car seller, used car inventory management, used car inventory management system, used car market growth india, refurbished used cars, car buying convenience, used car inspection reports online, online used car platform, car inspection reports, transparent car buying, used car trust initiatives, used car dealers, digital used car platform, car seller services, car buying experience, services, end-to-end car buying, used car warranty, used car trust, used car industry india, used car customer experience, digital car platform, used car seller services india, used car quality assurance, used car customer satisfaction, used car customer trust building, car quality assurance, car marketplace, online car buying, used car customer trust, refurbished vehicles, used car certification standards, used car buyer, used car platform features, car refurbishment, car sales platform, fixed pricing, automotive retail india, used car buyer platform, online car buying process, used car quality standards india, car warranty services, buy used cars, sell used cars, spinny assured, car valuation, no questions asked refund, 5-day money back guarantee, car finance, online test drive, same day payment, hassle-free service, comprehensive service warranty, vehicle inspection, auto loans, used car loan, low interest rates, home delivery, spinny care, fixed price assurance, car hub, vehicle evaluation, borrow against vehicle, multi-city operations, personalized recommendations, transparent pricing, home test drive, smooth ownership experience, customer reviews, status tracking, online payment, financing options, car selection process, referral program, rto support, turnkey solutions, trusted car retailer, seamless process, multiple payment options, automobile hub, automotive shopping, licensed used car dealer, affordable vehicles, easy paperwork, quick documentation, customer satisfaction, zero down payment options, rpm guarantees, mobile app convenience, finance, distribution, consumers, information technology & services, automotive, marketing & advertising",http://www.linkedin.com/in/shaila-charantimath,https://spinny.com,http://www.linkedin.com/company/spinny,https://www.facebook.com/mySpinny.Cars,https://twitter.com/myspinny,Bengaluru,Karnataka,India,"Sushant Lok Main Road, Gurugram, Haryana, India, 122009",Gurugram,Haryana,India,'+91 96190 22022,"Cloudflare DNS, Sendgrid, Gmail, Google Apps, CloudFlare Hosting, Atlassian Cloud, React Redux, Facebook Login (Connect), WebEngage, Varnish, Mobile Friendly, Google Analytics, Google Tag Manager, Google Dynamic Remarketing, Twitter Advertising, Linkedin Marketing Solutions, DoubleClick, DoubleClick Conversion, Facebook Custom Audiences, Facebook Widget, AI",4428000000,647470045,Series F,30000000,2025-06-01T00:00:00+00:00,"",true,false,false,false,false,"",6909f8033c9ad800018120eb,6909f8043c9ad8000181214c,"","","","","","","",""
Sai,K,Solutions Architect,Wilco Source,Wilco Source,sasidhark@wilcosource.com,User Managed,User Managed,User Managed,"","","",Entry,Information Technology,vsk13@byon.in,"","","",'+1 855-945-2676,"",Cold,s,"","",440,information technology & services,"saas, cloud computing, technology staffing, integrations, project management, sales cloud, cpq, salesforce, healthit, service cloud, leadtocash, contactresolution, health cloud, agentforce, lifesciences cloud, payer, medtech, provider, mulesoft, it services & it consulting, healthcare provider systems, life sciences cloud, data migration services, pharmaceutical solutions, ai in healthcare, patient outcome analytics, healthcare digital transformation, customer relationship management, healthcare compliance tools, patient engagement, healthcare software development, healthcare workflow automation, consulting, cloud-based healthcare apps, mobile app development, healthcare process optimization, healthcare communication systems, healthcare industry solutions, healthcare digital health, regulatory compliance, healthcare regulatory standards, healthcare patient journey mapping, clinical trial management systems, patient data privacy, healthcare industry digitalization, healthcare cloud solutions, managed services, healthcare cloud computing, healthcare digital engagement, patient engagement platforms, services, healthcare data visualization, healthcare workflow optimization, pharma sales automation, patient data management, healthcare compliance management, healthcare data migration, clinical trial diversity, patient portal development, clinical trial management, salesforce implementation, healthcare data analytics, data analytics, healthcare, healthcare data security, medical data security, healthcare provider portals, healthcare crm systems, clinical trial software, healthcare provider solutions, mulesoft integration, healthcare industry expertise, healthcare operational efficiency, medical device data management, staff augmentation, medical device compliance solutions, healthcare process automation, salesforce health cloud, healthcare supply chain management, digital transformation, predictive analytics, medical device integration, patient experience management, medical device data integration, healthcare industry focus, healthcare provider collaboration tools, patient-centric healthcare solutions, healthcare workflows, salesforce consulting, b2b, clinical data integration, healthcare digital health platforms, pharmaceutical crm solutions, medical device sales automation, medical technology solutions, custom software development, healthcare workflow management, healthcare customer support, healthcare compliance reporting, healthcare analytics dashboards, healthcare interoperability standards, healthcare operational analytics, healthcare industry innovation, healthcare crm customization, data-driven healthcare, healthcare platform integration, marketing automation, ai-driven insights, healthcare software solutions, healthcare data security standards, regulatory compliant solutions, clinical data analytics, salesforce life sciences cloud, medical device lifecycle management, healthcare it staffing, healthcare analytics tools, patient engagement ai tools, medical technology integration, healthcare communication platforms, salesforce manufacturing cloud, healthcare it consulting, computer systems design and related services, pharmaceutical industry solutions, system integration, salesforce marketing cloud, healthcare automation tools, healthcare data management, healthcare it services, healthcare digital platforms, healthcare data integration, custom salesforce solutions, healthcare ai applications, operational efficiency, healthcare customer engagement, salesforce implementations, salesforce sales cloud, salesforce service cloud, salesforce cpq, salesforce field service, salesforce experience cloud, marketing cloud, tableau, salesforce data cloud, healthcare solutions, life sciences solutions, digital engagement, pharmacy services, medical device solutions, operational excellence, consulting services, custom development, data migration, enterprise integration, field service optimization, sales process automation, patient services, pre-built apis, unified data platform, performance improvement, automation solutions, interaction management, virtual care solutions, enhanced communication, technical support services, sales optimization, custom crm solutions, cross-vendor collaboration, client-centric solutions, non-profit, manufacturing, computer software, information technology & services, enterprise software, enterprises, productivity, crm, sales, software development, health care, health, wellness & fitness, hospital & health care, marketing & advertising, management consulting, analytics, nonprofit organization management, mechanical or industrial engineering",http://www.linkedin.com/in/sai-sasidhar-k-253aa285,https://wilcosource.com,http://www.linkedin.com/company/wilco-source,https://facebook.com/wilcosource,https://twitter.com/wilcosource,Hyderabad,Telangana,India,"4677 Old Ironsides Drive, Santa Clara, California, United States, 95054",Santa Clara,California,United States,'+1 855-945-2676,"Outlook, Pardot",30000000,"","","","",CitiusTech (citiustech.com),true,false,false,false,false,"",6909f8033c9ad800018120d1,6909f8043c9ad80001812137,"","","","","","","",""
Amit,Pal,Solutions Architect,Coral Telecom Limited,Coral Telecom,amit.pal@coraltele.com,User Managed,User Managed,User Managed,"",Not Catch-all,"",Entry,Information Technology,vsk13@byon.in,"","","",'+91 1800 572 2499,"",Cold,s,"","",88,telecommunications,"",http://www.linkedin.com/in/amit-pal-25ba3b4,https://coraltele.com,http://www.linkedin.com/company/coral-telecom-limited,https://www.facebook.com/CoralTeleSuite/,https://twitter.com/CoralTeleSuite,New Delhi,Delhi,India,"E-2, Noida, Uttar Pradesh, India, 201301",Noida,Uttar Pradesh,India,'+91 1800 572 2499,"Nginx, YouTube, Mobile Friendly, Google Font API, Google Tag Manager, reCAPTCHA, Gravity Forms, WordPress.org, Woo Commerce, IoT, Remote",10000000,"","","","","",true,false,false,false,false,"",6909f8033c9ad800018120dc,6909f8043c9ad80001812141,"","","","","","","",""
Akash,Bannsal,Solutions Architect,Tech Mahindra,Tech Mahindra,akash.b@techmahindra.com,User Managed,User Managed,User Managed,"","","",Entry,Information Technology,vsk13@byon.in,"","","",'+91 20 4225 0000,"",Cold,s,"","",149000,information technology & services,"telecom, it consulting, telecom security consulting, bss, oss, network technology solutions, services, network design, engineering, next generation networks, mobility solutions, consulting, solution integration, ims, bsg, blockchain, artificial intelligence, metaverse, it services & it consulting, telecommunications, ai integration, data analytics, iot security, digital business models, iot analytics, big data analytics, blockchain development, sustainability, edge computing, retail & consumer goods, iot for manufacturing, enterprise cloud, ai for predictive maintenance, blockchain in healthcare, automation, it services, digital platforms, financial services, manufacturing, blockchain technology, ai in financial services, digital ecosystems, cybersecurity, operational efficiency, iot, blockchain for real estate, cloud migration, cybersecurity for banking, global presence, cloud security solutions, healthcare, it strategy, innovation, iot solutions, blockchain for finance, digital consulting, digital asset management, ai for fraud detection, iot in transportation, cybersecurity threat detection, digital agility, aerospace, digital enterprise solutions, digital marketing, automation tools, smart city solutions, blockchain for logistics, blockchain for supply chain, iot platforms, retail, software development, it outsourcing services, consulting services, customer engagement platforms, ai-powered automation, digital solutions, blockchain in insurance, cloud-native applications, information technology and services, digital supply chain, ai in retail, blockchain for identity management, enterprise saas, automation platforms, cloud transformation, ai in customer service, banking and financial services, cloud deployment, travel, transportation, logistics & hospitality, industry-specific solutions, digital identity solutions, digital transformation consulting, bpo, salesforce, digital innovation, digital twin technology, sustainable it, ai in manufacturing, cloud infrastructure management, emerging tech, analytics platforms, blockchain applications, iot in agriculture, industry verticals, it service management, healthcare technology, customer experience enhancement, client support, smart grid solutions, network services, cloud for big data, cloud infrastructure, digital experience, digital enterprise applications, technology solutions, software engineering, business consulting, industry 4.0 solutions, analytics, client support services, customer experience, energy & utilities, b2b, cybersecurity frameworks, technology leadership, customer engagement, digital health platforms, ai solutions, enterprise mobility, cybersecurity services, technology consulting, enterprise software, global it leader, cloud for ai workloads, insurance, sap, business process outsourcing, digital strategy consulting, ai integration services, business process services, ai-driven analytics, iot in energy, government, it outsourcing, sustainability initiatives, supply chain management, cybersecurity for iot, cloud for telecom, cloud consulting, digital factory automation, digital supply chain management, digital enterprise, it infrastructure, cybersecurity solutions, it modernization, ai in healthcare, cloud-based erp, digital strategy, cloud security, application development, cloud solutions, ai-powered solutions, digital workplace, digital transformation, digital innovation labs, iot security solutions, cybersecurity monitoring, cloud computing, cloud services, network management, iot for smart homes, cyber security, computer systems design and related services, emerging technologies, industry solutions, experience services, engineering services, performance engineering, intelligent automation, oracle, pega, testing services, next-gen services, sustainability solutions, corporate social responsibility, innovation and r&d, telecom solutions, retail technology, logistics technology, media and entertainment, manufacturing solutions, energy and utilities technology, insurance technology, private equity solutions, partner ecosystem, agile solutions, enterprise applications, metaverse solutions, ai-powered analytics, scalability and agility, customer-centric solutions, technology partnerships, finance, education, distribution, consumer products & retail, transportation & logistics, construction & real estate, information technology & services, management consulting, enterprises, computer software, environmental services, renewables & environment, mechanical or industrial engineering, health care, health, wellness & fitness, hospital & health care, marketing & advertising, internet infrastructure, internet, outsourcing/offshoring, logistics & supply chain, marketing, app development, apps, computer & network security",http://www.linkedin.com/in/akash-bannsal-7159362b,https://techmahindra.com,http://www.linkedin.com/company/tech-mahindra,https://www.facebook.com/TechMahindra,https://twitter.com/Tech_Mahindra,Noida,Uttar Pradesh,India,"Karve Road, Pune, Maharashtra, India, 411004",Pune,Maharashtra,India,'+91 20 4225 0000,"Gmail, Outlook, Google Apps, Amazon AWS, Sendgrid, Microsoft Office 365, OneTrust, MongoDB, Mobile Friendly, Google Analytics, Nginx, Google Font API, Google Tag Manager, WordPress.org, Remote",6202797000,"","","","",Mahindra Group (mahindra.com),true,false,false,false,false,"",6909f8033c9ad800018120e5,6909f8043c9ad80001812139,"","","","","","","",""
Veeresh,Joiner,AWS Architect,ADM,ADM,veeresh.joiner@adm.com,User Managed,User Managed,User Managed,"","","",Entry,"Engineering & Technical, Information Technology",vsk13@byon.in,"","","",'+1 312-634-8100,"",Cold,s,"","",43000,food production,"food ingredients, trading, oilseeds, soybean, corn, food, beverages, nutrition, animal nutrition, health & wellness, food science, logistics, innovation, sustainable materials, farmer services, plantbased protein, flavors, solutions, human nutrition, supply chain, packaged foods, consumer staples, food & beverage manufacturing, crop origination, food security, industrial bioproducts, industrial chemicals & materials, starch and vegetable fats and oils manufacturing, sustainable agriculture, microbiome supporting ingredients, biofuel feedstocks, agricultural supply chain resilience, crop supply logistics, global agricultural sustainability, pet food development, commodity trading, sustainable ingredient sourcing, commodity trading services, sustainable supply chain innovation, sustainability, food industry solutions, services, food ingredient innovation, plant-based ingredients, animal feed production, animal nutrition optimization, supply chain logistics, bio-based products, energy-efficient processing, agriculture, food & beverage, plant-based solutions, water conservation in farming, global supply chain, risk management, advanced crop origination, crop-to-product supply chain, microbiome science in pet food, agriculture processing, industrial products, agricultural innovation, advanced food processing, food safety and quality, plant-based bioeconomy, renewable bioenergy, biofuels, precision fermentation, agricultural technology, sustainable crop sourcing, government, pet nutrition, food ingredients manufacturing, food processing, supply chain management, bio-based industrial solutions, crop procurement, energy and fuels, animal feed & nutrition, microbiome health products, biofuel manufacturing, microbiome ingredients, industrial oils, industrial chemical manufacturing, customer engagement, food and beverage ingredients, regenerative agriculture, agricultural commodities, animal health ingredients, renewable energy solutions, carbon footprint reduction, b2b, plant-based food systems, pet food solutions, innovative food ingredients, commodity processing, bio-based consumer products, sustainable sourcing, animal welfare nutrition, pet nutrition science, animal feed, climate-smart agriculture, specialty food ingredients, renewable energy, sustainable farming practices, sustainable feed additives, sustainable protein sources, biofuels & renewable energy, nutrition solutions, sustainable practices, protein sources, microbiome solutions, specialty health, feed additives, alternative proteins, edible oils, food premix, industrial biosolutions, health supplements, taste modification, sugar reduction, clean label, flavors and colors, grain processing, transportation logistics, dietary supplements, functional foods, meat alternatives, plant-based nutrition, agricultural supply chain, consumer insights, nutrition science, aquaculture feed, livestock nutrition, nutritional supplements, food safety, nutritional innovations, sustainability reports, functional snacking, wellness products, market analysis, food technology, farm management, healthy snacks, consumer trends, environmental impact, trust and traceability, metabolic health, healthcare, finance, manufacturing, distribution, consumer products & retail, transportation & logistics, energy & utilities, consumer goods, consumers, health, wellness & fitness, food production, environmental services, renewables & environment, clean energy & technology, food & beverages, logistics & supply chain, health care, hospital & health care, financial services, mechanical or industrial engineering",http://www.linkedin.com/in/veeresh-moodi-immidiate-joiner-4a8760214,https://adm.com,http://www.linkedin.com/company/adm,https://facebook.com/admcares/,https://twitter.com/ADMupdates,Old Ziro,Arunachal Pradesh,India,"77 West Wacker Drive, Chicago, Illinois, United States, 60601",Chicago,Illinois,United States,'+1 312-634-8100,"AT&T DNS, Outlook, Pardot, CloudFlare Hosting, Microsoft Application Insights, Atlassian Cloud, OneTrust, Stripe, Optimizely, Facebook Custom Audiences, Google Font API, WordPress.org, Shutterstock, ON24, Google Analytics, Vimeo, DoubleClick, Facebook Login (Connect), The Trade Desk, Typekit, DoubleClick Conversion, SiteScout, YouTube, Adobe Media Optimizer, Cedexis Radar, Kenexa, DoubleClick Floodlight, Mobile Friendly, reCAPTCHA, Apache, Google Dynamic Remarketing, Google AdWords Conversion, Google Tag Manager, Linkedin Marketing Solutions, Facebook Widget, Oracle Webcenter, Bootstrap Framework, Constant Contact, Remote",83858000000,"","","","","",true,false,false,false,false,"",6909f8043c9ad800018120fb,6909f8043c9ad80001812155,"","","","","","","",""
Manoj,Ravichandran,Solutions Architect,Vserve Ebusiness Solutions,Vserve Ebusiness Solutions,manojravichandran@vservesolution.com,User Managed,User Managed,User Managed,"",Not Catch-all,"",Entry,Information Technology,vsk13@byon.in,"","","",'+1 332-223-8085,"",Cold,s,"","",300,information technology & services,"product catalog management, online store development, shopping cart solutions, emarketplace product listings, b2c, pricing strategy, product taxonomy development, data deduplication services, e-commerce, services, customer support, business intelligence, product listing optimization, product classification data, data analytics, b2b, computer systems design and related services, estore development, product listing services for shopify, data enrichment, product data for b2b platforms, catalog content management, customer satisfaction, supply chain logistics, seo services, product content optimization, product data management, online reputation management, product data quality assurance, workflow automation, map monitoring, data extraction, data conversion tools, d2c, product data for crm, product data for pim, product data for retailers, banner designing, image background removal, product data for erp, cgi and 3d modeling, catalog building & indexing, data cleansing & normalization, product data management software, product data optimization, product data for marketplaces, image management, data normalization, data validation tools, product image optimization, data deduplication, catalog optimization, product listing services for etsy, data conversion, business strategy, content writing, product content enhancement, consulting, photo color correction, order tracking, product content writing, product listing services for amazon, market entry strategy, data validation, seo copywriting, marketplace listing services, competitor price analysis, catalog management, marketplace solutions, product data for supply chain, product data enrichment services, product categorization, supply chain optimization, product rendering, product data validation, product listing services for ebay, data security, supply chain management, product listing services for walmart, data migration, competitor cross reference, order fulfillment, retail, information technology and services, digital marketing, data processing, product data migration, inventory management, store integration, iso 27001, social media marketing, press release writing, product data standardization, product classification, product description writing, marketplace management, online presence, customer engagement, data cleansing, fba inventory management, b2b ecommerce support, data standardization, ecommerce solutions, document management, digital marketing services, competitive pricing analysis, b2b ecommerce, graphic design services, e- marketplace integration, 3d modeling services, email support, chat support, call center services, cost-effective solutions, brand management, e-commerce bookkeeping, e-commerce strategy, content enhancement, color correction services, e-store integration, analytics and insights, website content writing, logo creation, photography editing, data intelligence, competitor analysis, automated processes, e-commerce platform development, online store creation, video content creation, web development services, performance monitoring, distribution, consumer internet, consumers, internet, information technology & services, analytics, search marketing, marketing, marketing & advertising, writing & editing, computer & network security, logistics & supply chain, seo, social media",http://www.linkedin.com/in/manoj-ravichandran07,https://vservesolution.com,http://www.linkedin.com/company/vservesolution,https://www.facebook.com/people/Vserve-Ebusiness-Solutions/100094301831777/,https://twitter.com/VserveEbusiness,Old Ziro,"",India,"99 Wall St, New York, New York, United States, 10005",New York,New York,United States,'+1 332-223-8085,"Gmail, Google Apps, Amazon AWS, Hotjar, Facebook Widget, Linkedin Marketing Solutions, Zoho CRM, Google AdSense, Google Dynamic Remarketing, Google Tag Manager, Zoho Recruit, Google AdWords Conversion, Bing Ads, Google Custom Search, reCAPTCHA, WordPress.org, DoubleClick Conversion, Mobile Friendly, DoubleClick, Facebook Login (Connect), Google Font API, YouTube, Visual Website Optimizer, Google Analytics, PicReel, Facebook Custom Audiences, Apache, Android, Rippling, Remote, Reviews, Discord, Toast, AI, Circle, Render",140900000,"","","","","",true,false,false,false,false,"",6909f8033c9ad800018120db,6909f8043c9ad80001812140,"","","","","","","",""
Rahul,Sharma,Solutions Architect,Lirik Inc.,Lirik,rahul.sharma@lirik.io,User Managed,User Managed,User Managed,"","","",Entry,Information Technology,vsk13@byon.in,"","",'+91 98598 29786,'+1 408-906-0382,"",Cold,s,"","",360,information technology & services,"salesforce, netsuite, hitech manufacturing, nonprofit, manufacturing, warehouse distribution, pace, data engineering, healthcare, databricks, snowflake, aws, cloud computing, data management, data architecture modernization, application integration connectors, computer systems design and related services, customer relationship management, ai and ml for business, data modernization, erp solutions, digital transformation, veeva to salesforce migration, data platform, ai-driven analytics, netsuite erp, data pipelines, platform modernization, data governance & security, data modernization services, data cloud, data stack modernization, data platform assessment, salesforce implementation, business transformation, bi stack modernization, application connectors, project management, customer engagement, high tech, data strategy, erp, business intelligence, platform migration, explainable ai, application integration, consulting, data security, data governance, it consulting, data engineering services, crm, industry expertise, migration services, data security & governance, global delivery, data integration, crm strategy, bi modernization, b2b, data migration & integration, data observability solutions, managed data services, data observability tools, salesforce platform excellence, mlops for ai deployment, workload migration, technology services, ai-powered insights, data observability, data privacy, workflow automation, genai / llms, operational excellence, data privacy & compliance, ai and ml, customer data platform, services, genai enterprise solutions, mlops, workload optimization, genai / llms for enterprise, data pipeline modernization, data science, data architecture design, data pipeline automation, data analytics, big data solutions, custom software development, life sciences cloud migration, machine learning, cloud integration, enterprise data platforms, application development, data-driven decision making, data strategy development, big data engineering, data architecture, analytics, client success, data automation, netsuite implementation, ai solutions, saas solutions, enterprise data strategy, agile development, etl processes, software consulting, service integration, data migration, user experience design, performance optimization, remote support services, salesforce integration, cloud architecture, continuous delivery, telecommunications solutions, healthcare it solutions, data lakes, financial services cloud, business process optimization, community development, collaboration tools, business outcomes, enterprise systems, data quality management, change management, scalability solutions, custom app development, advanced analytics, mechanical or industrial engineering, health care, health, wellness & fitness, hospital & health care, enterprise software, enterprises, computer software, information technology & services, sales, productivity, computer & network security, management consulting, artificial intelligence, app development, apps, software development, design",http://www.linkedin.com/in/rahul-sharma-49a5b8135,https://lirik.io,http://www.linkedin.com/company/lirik-inc,https://facebook.com/Lirik.io/,https://twitter.com/lirikinc?lang=en,Pune,Maharashtra,India,"1525 McCarthy Boulevard, Milpitas, California, United States, 95035",Milpitas,California,United States,'+1 408-906-0382,"Gmail, Outlook, Google Apps, Microsoft Office 365, GoDaddy Hosting, Leadfeeder, Angular JS v1, Varnish, reCAPTCHA, Mobile Friendly, Google Font API, Linkedin Marketing Solutions, Google Tag Manager, WordPress.org, Remote",75000000,"","","","",Tecnos Japan (tecnos.co.jp),true,false,false,false,false,"",6909f8033c9ad800018120e9,6909f8043c9ad8000181214a,"","","","","","","",""
Karthikeyan,Subramanian,Data Architect / Solutions Architect,NuWare,NuWare,karthik.subramanian@nuware.com,User Managed,User Managed,User Managed,"",Not Catch-all,"",Entry,Information Technology,vsk13@byon.in,"","","",'+1 732-494-0550,"",Cold,s,"","",530,information technology & services,"mobility, social media, big data analytics, remote infrastructure management, enterprise data management, ecommerce, digital, data sciences, application services, it managed services, cloud, ai, machine learning, software development, platform management, application modernization, ci/cd, retail, looker consulting partner, financial services, information technology and services, consulting, database infrastructure automation, infrastructure consulting, healthcare, risk management, services, managed services, aws partner, data science, performance management, automation, security & compliance, computer systems design and related services, data analytics, snowflake partner, cloud services, cloud solutions, b2b, digital transformation, devops, containerization, automation anywhere partner, cloud assurance, e-commerce, finance, consumer products & retail, consumer internet, consumers, internet, information technology & services, enterprise software, enterprises, computer software, artificial intelligence, health care, health, wellness & fitness, hospital & health care, cloud computing",http://www.linkedin.com/in/karthikeyan80,https://nuware.com,http://www.linkedin.com/company/nuware,https://www.facebook.com/NuWareCo/,https://twitter.com/NuwareCo,Bengaluru,Karnataka,India,"100 Wood Ave S, Woodbridge Township, New Jersey, United States, 08830",Woodbridge Township,New Jersey,United States,'+1 732-494-0550,"Route 53, Outlook, Pantheon, Leadfeeder, Varnish, Nginx, Google Tag Manager, Bootstrap Framework, WordPress.org, Mobile Friendly, Remote, AI",12000000,"","","","","",true,false,false,false,false,"",6909f8043c9ad80001812100,6909f8043c9ad8000181213d,"","","","","","","",""
Guhan,Palanisamy,AWS Architect,Intellipaat,Intellipaat,"",Unavailable,"","","","","",Entry,"Engineering & Technical, Information Technology",vsk13@byon.in,"","","",'+91 70223 74614,"",Cold,s,"","",1500,e-learning,"corporate & online training, business intelligence tools, online training, big data hadoop, data science, education technology, online education, higher education, elearning, machine learning, digital marketing, software development, blockchain, big data, artificial intelligence, education, career services, full stack web development, cloud computing, aws, testing, ethical hacking, cyber security, selenium, e-learning providers, technology certifications, python, b2c, information technology, e-learning, career upskilling, robotics, power bi, business analytics, customized learning paths, career transition support, virtual classrooms, live instructor-led training, blended learning model, hadoop, corporate training, global learners, technology skill gap, technical skills, devops, home improvement, training for senior citizens, professional training, b2b, industry-driven courses, data analytics, top university partnerships, job readiness, sql, art and humanities, self-paced learning, international expansion, industry collaboration, services, certification programs, azure, professional courses, ai & ml, cybersecurity, investment banking, iot, practical exercises, learning support services, computer training, powerpoint, e-learning platform, product management, industry-relevant case studies, job placement assistance, corporate training solutions, collaborations with microsoft, global education outreach, project management, ui ux design, hands-on projects, online training courses, salesforce certification, advanced certifications, live interactive sessions, expert instructors, job assistance, career transition, professional development, ai and ml courses, big data analytics, programming courses, devops training, financial management, leadership programs, executive certification, full stack development, data engineering, python programming, sql training, microsoft azure, aws training, certificate programs, global universities, industry partnerships, tech jobs, 24/7 support, mentorship programs, mock interviews, learner testimonials, career guidance, enterprise training solutions, learning management system, real-time projects, capstone projects, saas, finance, internet, information technology & services, computer software, education management, marketing & advertising, enterprise software, enterprises, computer & network security, mechanical or industrial engineering, professional training & coaching, capital markets, financial services, productivity",http://www.linkedin.com/in/guhan-palanisamy-85a859258,https://intellipaat.com,http://www.linkedin.com/company/intellipaat-software-solutions,https://www.facebook.com/intellipaatonline/,https://twitter.com/Intellipaat,Old Ziro,"",India,"Bannerghatta Main Road, Bengaluru, Karnataka, India, 560076",Bengaluru,Karnataka,India,'+91 70223 74614,"Cloudflare DNS, Gmail, Google Apps, Microsoft Office 365, CloudFlare Hosting, Amazon AWS, Facebook Login (Connect), Google Analytics, Woo Commerce, YouTube, Vimeo, PicReel, Cedexis Radar, Bootstrap Framework, Bing Ads, New Relic, DoubleClick Conversion, Adobe Media Optimizer, reCAPTCHA, Facebook Custom Audiences, Mobile Friendly, Yahoo Ad Manager Plus, Facebook Widget, WordPress.org, Google AdWords Conversion, Google Font API, Pingdom, Zopim, Twitter Advertising, Linkedin Marketing Solutions, DoubleClick, Google Dynamic Remarketing, AdRoll, Yahoo Analytics, Taboola, Google Play, BuddyPress, Google Tag Manager, DoubleClick Floodlight, AI, Data Analytics",292100000,"","","","","",true,false,false,false,false,"",6909f8033c9ad800018120e3,6909f8043c9ad8000181213f,"","","","","","","",""
Yogesh,Rajendiran,Solutions Architect,Congruent Solutions,Congruent Solutions,"",Unavailable,"","","","","",Entry,Information Technology,vsk13@byon.in,"","","",'+1 408-252-2187,"",Cold,s,"","",380,information technology & services,"bpo services for the retirement services industry, retirement plan admin services, retirement technology services, 401k, defined contributions, cloud, it services & it consulting, security certifications, participant portal, plan sponsor support, cloud platform, it infrastructure, predictive analytics, api-first platform, services, retirement plan digital transformation, metaverse, retirement compliance testing, user experience, recordkeeping, retirement plan recordkeeping, data analytics, retirement plan participant experience, retirement ecosystem, b2b, cloud-based platform, computer systems design and related services, integration services, android, manufacturing, plan lifecycle management, cost-effective solutions, it services, healthcare, participant reporting, apache, retirement plan data security, automation, custom software development, google marketing tools, hubspot, retirement plan outsourcing, data integrity, ai, investment management, workflow automation, iso 27001:2013, agile implementation, iso 9001:2015, insurance, cloud computing, retirement plan participant engagement, compliance testing, plan administration services, retirement plan administration, product development, outsourced plan services, api integration, retirement regulations, retirement plan management platform, outsourced plan administration, millions of participants, cloud saas, consulting, retirement plan compliance, retirement plan solutions, customer experience, customer retention, iso certifications, enterprise software, high customer retention, retirement plan technology, bpo services, software development, retirement industry, participant communication, financial data security, defined contribution plans, client relationship management, soc2 type ii, retirement industry innovation, soc1 type ii, wordpress, regulatory compliance, telecommunications, retirement plan automation, data security, retirement plan operational efficiency, digital transformation, retirement technology, operational efficiency, plan recordkeeping, retail, information technology and services, retirement plan software, seamless integration, banking, core suite, participant engagement, retirement plan integration, linkedin marketing, retirement industry solutions, risk management, bootstrap, financial services, data management, trustworthy partner, pension administration software, core platform, 401(k) management, payroll solutions, loan management, vesting services, cloud-based solutions, iso certified, third party administrators, operational strategy, retirement plan lifecycle, outsourcing solutions, hr-related services, modular implementation, revenue optimization, financial wellness, plan provider support, legacy systems modernization, employee benefits management, business process outsourcing, innovative solutions, service delivery, customer service excellence, engagement solutions, tech integration, retirement industry trends, deep domain expertise, employee retirement solutions, fund administration, technology partnerships, client satisfaction, customization services, finance, information technology & services, enterprises, computer software, ux, mobile, internet, mechanical or industrial engineering, health care, health, wellness & fitness, hospital & health care, computer & network security",http://www.linkedin.com/in/yogeshkumarr,https://congruentsolutions.com,http://www.linkedin.com/company/congruent-solutions,https://www.facebook.com/CongruentSolutionsInc/,https://twitter.com/CongruentInc,Chennai,Tamil Nadu,India,"19925 Stevens Creek Blvd, Cupertino, California, United States, 95014",Cupertino,California,United States,'+1 408-252-2187,"GoDaddy Hosting, Outlook, Hubspot, DoubleClick, Google Tag Manager, reCAPTCHA, YouTube, Google Dynamic Remarketing, Google AdWords Conversion, Apache, Mobile Friendly, Bootstrap Framework, Vimeo, DoubleClick Conversion, WordPress.org, Linkedin Marketing Solutions, Remote, Android, AI",45000000,"","","","","",true,false,false,false,false,"",6909f8033c9ad800018120f3,6909f8043c9ad80001812150,"","","","","","","",""
Apoorv,Garg,Solutions Architect Deep Learning,CCS COMPUTERS PVT. LTD.,CCS COMPUTERS PVT,"",Unavailable,"","","","","",Entry,"Human Resources, Information Technology",vsk13@byon.in,"","","",'+91 11264 63959,"",Cold,s,"","",240,information technology & services,"networking, security, software, turnkey projects, it services & it consulting, enterprise software, cyber security & forensic, iso certifications, ai for higher education & research, it process maturity frameworks, state-of-the-art data centers, enterprise security in physical & virtual environments, iot ecosystem development, nvidia dgx systems, energy & utilities, devops, security operations center, ai lab, gis-based solutions with analytics, it security, artificial intelligence, network operations center, healthcare, nvidia ai lab, ai and ml infrastructure, it security standards, erp development, innovation, hybrid cloud, services, enterprise security solutions, utilities, cloud computing, education, data analytics, it process consultancy, transportation & logistics, enterprise software development, data center design, b2b, data center services, cloud infrastructure, software development, it service management, information technology and services, custom software development, digital transformation, it consulting, gis solutions, custom enterprise solutions, cmmi level 5, risc & intel server farms, consulting, project management, professional it services, computer systems design and related services, nvidia partner, financial services, it services india, it services, professional services, risk management, managed it services, private cloud, cloud security, iso 27001 compliance, data center infrastructure, it infrastructure, hpc infrastructure, iso 27001:2013, cloud management platforms, iso 20000-1, iso 9001:2015, system integration, iso 20000-1 compliance, cloud services, public cloud, cloud solutions, managed services, cybersecurity solutions, cybersecurity, telecommunications, gis analytics, risc & intel server deployment, cloud management, hybrid cloud building with vmware, redhat, microsoft, citrix, managed noc & soc management, finance, information technology & services, enterprises, computer software, computer & network security, health care, health, wellness & fitness, hospital & health care, internet infrastructure, internet, management consulting, productivity, professional training & coaching",http://www.linkedin.com/in/apoorv-garg-a4543969,https://ccscomputers.co.in,http://www.linkedin.com/company/ccs-computers-pvt-ltd,"","",Old Ziro,"",India,"New Delhi, Delhi, India, 110019",New Delhi,Delhi,India,'+91 11264 63959,"ASP.NET, Google Analytics, Google Tag Manager, Remote",12000000,"","","","","",true,false,false,false,false,"",6909f8033c9ad800018120e8,6909f8043c9ad80001812149,"","","","","","","",""
Dinesh,Sonavale,Solutions Architect,VitalEdge Technologies,VitalEdge,dsonavale@e-emphasys.com,User Managed,User Managed,User Managed,"","","",Entry,Information Technology,vsk13@byon.in,"","","",'+1 919-657-6565,"",Cold,s,"","",800,information technology & services,"product development, consulting, it services, product engineering services, business process outsourcing, erp, business intelligence, software development, warranty management, complex inventory management, scalable architecture, equipment dealership solutions, inventory forecasting, field service management, cloud-based platform, data analytics, performance dashboards, inventory replenishment, innovation, customer portals, e-commerce, asset management, customer self-service portals, distribution, mining equipment tracking, fleet maintenance scheduling, parts procurement automation, sanitation resources, fleet tracking, workflow automation, oem integration, mobile inspection tools, agriculture equipment operations, predictive maintenance, inventory management, oem integrations, construction management, dynamic pricing, customizable dashboards, automated service dispatch, advanced telematics integration, demand forecasting, financial management, growth-driven technology, enterprise resource planning, fleet utilization, vendor management, aggregate equipment, dealer management system, operational efficiency, forestry, forestry fleet management, real-time inventory tracking, user-friendly interface, construction equipment management, real-time fleet monitoring, supply chain automation, rental fleet management, heavy truck, aggregate equipment inventory, digital transformation, construction, cloud erp, profitability analytics, proactive customer communication, fleet management, proactive maintenance, comprehensive operational control, supply chain management, scalable software, mobile inspection workflows, cybersecurity, data-driven decision making, equipment rental software, dealer performance analytics, remote diagnostics, equipment rental, industry-specific solutions, cloud hosting, rental asset tracking, digital signatures, integrated portals, automated procurement, equipment lifecycle management, industry-specific modules, heavy truck service management, predictive analytics, multi-location dealership support, data intelligence in equipment industry, enterprise software, ai analytics, customer engagement, digital document management, mining, erp software, iot integration, cloud software, automated parts ordering, digital transformation for dealers, cloud security, service scheduling, parts management, integrated warranty management, crm integration, business process automation, mobile field service, computer systems design and related services, customer experience enhancement, integrated dealer management system, data security, telematics platforms, b2b, automation, agriculture, automated reporting, parts inventory control, real-time reporting, customer relationship management, predictive analytics for dealerships, rental management software, iot-enabled equipment monitoring, oem warranty integration, financial reporting, dealer performance optimization, warranty claims processing, services, mobile workforce management, multi-channel communication, multi-industry solutions, automated workflows, multi-location support, sanitation fleet optimization, equipment dealer management software, erp solutions, integrated systems, data intelligence, cloud deployment, financial operations, sales management, rental management, supplier management, inspection applications, document management, data privacy, real-time insights, profitability improvement, market-leading technology, oem partnerships, customer satisfaction, service management, self-service portals, e-commerce functionality, disaster recovery, data backup solutions, decision-making tools, business growth strategies, performance monitoring, cross-functional collaboration, analytics and reporting, mobile access, technical support, client success teams, training and development, process standardization, heavy equipment, material handling, agriculture technology, financial forecasting, information technology & services, analytics, consumer internet, consumers, internet, enterprises, computer software, logistics & supply chain, cloud computing, computer & network security, crm, sales, training & development",http://www.linkedin.com/in/dineshsonavale,https://vitaledge.com,http://www.linkedin.com/company/vitaledge-technologies,https://www.facebook.com/vitaledgetechnologies/,"",Pune,Maharashtra,India,"2501 Weston Pkwy, Cary, North Carolina, United States, 27513-2327",Cary,North Carolina,United States,'+1 919-657-6565,"",60000000,"","","","","",true,false,false,false,false,"",6909f8033c9ad800018120d5,6909f8043c9ad8000181213b,"","","","","","","",""
