First Name,Last Name,Title,Company Name,Company Name for Emails,Email,Email Status,Primary Email Source,Primary Email Verification Source,Email Confidence,Primary Email Catch-all Status,Primary Email Last Verified At,Seniority,Departments,Contact Owner,Work Direct Phone,Home Phone,Mobile Phone,Corporate Phone,Other Phone,Stage,Lists,Last Contacted,Account Owner,# Employees,Industry,Keywords,Person Linkedin Url,Website,Company Linkedin Url,Facebook Url,Twitter Url,City,State,Country,Company Address,Company City,Company State,Company Country,Company Phone,Technologies,Annual Revenue,Total Funding,Latest Funding,Latest Funding Amount,Last Raised At,Subsidiary of,Email Sent,Email Open,Email Bounced,Replied,Demoed,Number of Retail Locations,Apollo Contact Id,Apollo Account Id,Secondary Email,Secondary Email Source,Secondary Email Status,Secondary Email Verification Source,Tertiary Email,Tertiary Email Source,Tertiary Email Status,Tertiary Email Verification Source,Qualify Contact
Greg,Gzik,"Director, Software Engineering, Agentic AI Platform",IFS Copperleaf,IFS Copperleaf,ggzik@copperleaf.com,Verified,Apollo,Apollo,"",Catch-all,2026-01-19T19:36:19+00:00,Director,"Engineering & Technical, Information Technology",mathildadanielsui0z@commeunpoissondanslevin.com,"","","",'+1 604-639-9700,"",Cold,sd,"",mathildadanielsui0z@commeunpoissondanslevin.com,430,information technology & services,"decision analytics, investment portfolio optimization, asset analytics, asset management, enterprise resource planning, enterprise asset management, enterprise project management, enterprise service management, asset investment planning, capital planning, capital allocation, software development, asset management decision tools, cloud enterprise software, long-term planning, asset performance analytics, electric utilities, enterprise software, financial planning, regulatory reporting automation, asset management lifecycle optimization, investment prioritization, multi-criteria decision analysis, asset management standards, asset management digital transformation, asset data visualization, oil and gas, services, sustainable asset investment, telecommunications, risk assessment, sustainability metrics, asset management best practices, esg integration in asset management, asset management standard compliance, ai and machine learning, industry standards, value framework customization, esg integration, asset management strategy, oil & gas, operational efficiency, asset performance management, multi-asset portfolio optimization, scenario analysis, decision support system, asset risk models, iso 55000 compliance, asset risk management, consulting, project management, asset performance optimization, asset performance benchmarking, chemicals, regulatory compliance, asset risk assessment, asset risk mitigation, government, ai decision support, scenario-based investment planning, innovation, decision optimization, critical infrastructure management, asset investment trade-off analysis, asset lifecycle optimization, esg metrics, asset portfolio management, financial data analysis, transportation & logistics, strategic asset planning, ai-powered decision-making, natural gas utilities, predictive maintenance analytics, investment analysis, manufacturing, asset management software, critical infrastructure, scenario planning, water & wastewater, iso 55000, operational data analysis, ai-driven risk mitigation, asset risk and opportunity assessment, integrated asset management systems, engineering services, asset investment optimization, b2b, enterprise decision making, digital twin for assets, asset health monitoring, risk management, value-based decision making, value framework, sustainability goals, asset performance tracking, asset risk and performance dashboards, strategic investment decisions, cloud decision analytics, risk-informed decision analytics, long-term asset planning, asset lifecycle management, asset planning solutions, asset management solutions, investment optimization, asset portfolio optimization, asset intervention modeling, infrastructure management, asset life cycle management, performance optimization, data-driven decision making, portfolio optimization, hydraulic engineering, operational performance, budget management, investment strategy, resource allocation, planning efficiency, operational excellence, financial risk assessment, optimal investment decisions, stakeholder engagement, capital efficiency, maintenance planning, long-term investment planning, industrial ai, capital portfolio management, utility management, environmental responsibility, sustainability reporting, customer service optimization, client collaboration, analytical modeling, quantitative risk analysis, market demand planning, investment performance metrics, change management, process automation, innovation in asset management, multi-sector asset planning, infrastructure sustainability, technical asset management, holistic planning approach, finance, energy & utilities, enterprises, computer software, information technology & services, oil & energy, productivity, mechanical or industrial engineering, financial services",http://www.linkedin.com/in/gregory-gzik,https://copperleaf.com,http://www.linkedin.com/company/ifs-copperleaf,"",https://twitter.com/copperleafgroup,Vancouver,British Columbia,Canada,"2920 Virtual Way, Vancouver, British Columbia, Canada, V5M 4X3",Vancouver,British Columbia,Canada,'+1 604-639-9700,"Outlook, Microsoft Office 365, Google Cloud Hosting, WP Engine, Atlassian Cloud, OneTrust, Barracuda Networks, Marketo, Salesforce, Slack, Google Tag Manager, Hotjar, Facebook Widget, Facebook Custom Audiences, YouTube, Google Dynamic Remarketing, Wistia, WordPress.org, Facebook Login (Connect), Nginx, Linkedin Marketing Solutions, Mobile Friendly, DoubleClick, DoubleClick Conversion, Remote",55666000,"","","","",IFS (ifs.com),"",false,false,false,false,"",698214a0554c770001938780,698214a0554c7700019387ad,"","","","","","","","",""
Alla,Mokhnachyov,Director of Software Engineering,Aquatic Informatics,Aquatic Informatics,alla.mokhnachyov@aquaticinformatics.com,Verified,Apollo,Apollo,"",Not Catch-all,2026-02-02T06:13:48+00:00,Director,"Engineering & Technical, Information Technology",mathildadanielsui0z@commeunpoissondanslevin.com,"","","",'+1 866-812-2233,'+1 778-372-3627,Cold,sd,"",mathildadanielsui0z@commeunpoissondanslevin.com,150,information technology & services,"environmental data management & analysis solution experts time series data, rating curve development, database, reporting, permitting, backflow, crossconnection control, fog, pretreatment, wastewater, drinking water, compliance, software development, hydrological modeling, operational efficiency, predictive analytics, consulting, environmental monitoring, services, water cycle management, water quality trends, water data auditing, government, water quality software, environmental services, water industry applications, b2b, cloud-based platform, data integration, water system optimization, utilities, water industry solutions, engineering services, data visualization, water data management, data consolidation, regulatory compliance, risk management, process optimization, water data analytics, real-time insights, automated reporting, water data security, non-profit, energy & utilities, information technology & services, enterprise software, enterprises, computer software, renewables & environment, nonprofit organization management",http://www.linkedin.com/in/alla-mokhnachyov-00b9a55,https://aquaticinformatics.com,http://www.linkedin.com/company/aquatic-informatics,"",https://twitter.com/watertrax,Coquitlam,British Columbia,Canada,"601 W Hastings St, Vancouver, British Columbia, Canada, V6B 1M8",Vancouver,British Columbia,Canada,'+1 866-812-2233,"Route 53, Amazon SES, Outlook, Microsoft Office 365, WP Engine, Atlassian Cloud, React Redux, Marketo, Slack, Zendesk, Apache, Google Tag Manager, WordPress.org, Mobile Friendly, ShareThis",3500000,8000000,Merger / Acquisition,0,2021-04-01T00:00:00+00:00,"","",false,false,false,false,"",698214098a21cb00019ee422,6982140a8a21cb00019ee452,"","","","","","","","",""
David,Muldoon,Director of Software Engineering,FreshBooks,FreshBooks,david.muldoon@freshbooks.com,Verified,Apollo,Apollo,"",Not Catch-all,2026-01-14T20:06:11+00:00,Director,"Engineering & Technical, Information Technology",mathildadanielsui0z@commeunpoissondanslevin.com,"","","",'+1 416-780-2700,"",Cold,sd,"",mathildadanielsui0z@commeunpoissondanslevin.com,450,information technology & services,"saas, web application, accounting, small business, invoicing, time tracking, expenses, freelance, service professionals, billing, bookkeeping, payroll, software development, project management, financial reports, support for contractors, receipt scanning, cloud accounting, team roles, automated tax reports, invoice software, customer support, growth support, financial reporting, automated billing, client retention tools, integrated time tracking, integrations, project profitability analysis, invoice and payment automation, double-entry accounting, retainer billing, accounting, tax preparation, bookkeeping, and payroll services, online payments, mobile receipt capture, business growth, mobile expense tracking, bank reconciliation, international small business support, client portal, services, accounting software, automated expense categorization, business cash flow management, financial services, invoice templates, tax time preparation, tax calculation, small team collaboration, user permissions, business automation, client communication, digital finance, secure data storage, real-time insights, contractor management, custom branding, multi-user support, industry-specific solutions, payment automation, client management, cloud security, performance analytics, collaborative accounting, digital invoicing solutions, small business software, integrated payroll, freelancers in creative industries, mobile apps, small business owners, saas platform, bank account import, expense tracking, project collaboration, api integration, freelancer tools, cloud financial management, self-employed professionals, recurring invoices, automated reminders, receipt scanning technology, invoice creation, payment processing, recurring billing, invoice customization, accountant access, b2b, automation, industry-specific financial tools, automated bank feeds, multi-currency support, cloud-based saas, retainer management, tax preparation, secure payments, mobile app, multi-user access control, multi-platform access, legal services, automated late fee charging, user experience, performance dashboards, expense management, estimates, proposals, mileage tracking, payroll integration, reporting tools, professional invoices, downloadable reports, analytics dashboards, client retainers, cash flow management, team collaboration tools, automatic receipt tracking, freelancers, small business tools, business intelligence, profitability reports, user-friendly interface, mobile access, secure transactions, recurring payments, client account portal, financial health tracking, service-based businesses, simply integrated solutions, data migration, award-winning support, customizable invoices, team member roles, affiliate marketing program, referral programs, integration with partners, finance, legal, computer software, information technology & services, productivity, ux, analytics",http://www.linkedin.com/in/muldoondavid,https://freshbooks.com,http://www.linkedin.com/company/freshbooks,https://www.facebook.com/FreshBooks,https://twitter.com/freshbooks,Ottawa,Ontario,Canada,"225 King St W, Toronto, Ontario, Canada, M5V 3M2",Toronto,Ontario,Canada,'+1 416-780-2700,"Fastly CDN, Gmail, Google Apps, Microsoft Office 365, Freshbooks, Zendesk, Slack, Salesforce, Facebook Login (Connect), Braintree, Stripe, Amadesa, Google Analytics, reCAPTCHA, Google Tag Manager, Simpli.fi, Varnish, Mobile Friendly, Google AdSense, Pardot, Visual Website Optimizer, Greenhouse.io, Vimeo, Ruby On Rails, Linkedin Marketing Solutions, WordPress.org, iTunes, Facebook Widget, DoubleClick Conversion, Adobe Media Optimizer, DoubleClick Floodlight, YouTube, Cedexis Radar, FullStory, Paypal, Disqus, DoubleClick, Google AdWords Conversion, Facebook Custom Audiences, Shutterstock, Optimizely, Google Dynamic Remarketing, Google Play, Nginx, New Relic, Bing Ads, Intuit, Remote, Figma, dbt, Git, SQL",78800000,403750000,Debt Financing,125000000,2025-03-01T00:00:00+00:00,"","",false,false,false,false,"",6982145fd00f7f000117144a,69821460d00f7f0001172046,"","","","","","","","",""
Victoria,Read,Director of Software Engineering,AEM,AEM,victoria.read@aem.eco,Verified,Apollo,Apollo,"","",2026-02-03T15:29:39+00:00,Director,"Engineering & Technical, Information Technology",mathildadanielsui0z@commeunpoissondanslevin.com,"","","",'+1 281-304-0759,"",Cold,sd,"",mathildadanielsui0z@commeunpoissondanslevin.com,240,information technology & services,"environmental sensing, flood risk management, wildfire risk management, severe weather risk management, lightning detection, precision agriculture, community weather, technology, information & internet, sensors, training, real-time weather cameras, manufacturing, government & public safety, engineering services, government, sferic maps, data integration, agriculture, transportation & logistics, risk assessment, maintenance, cameras, emergency response, services, lightning pulse detection, calibration, community weather platforms, precision agriculture monitoring, military, meteorological services, maritime, flood early warning system, professional services, weather stations, telemetry, dam safety systems, b2b, alerting systems, field services, aem elements 360, energy & utilities, hydromet services, mining, wildfire monitoring, consulting, ai smoke detection, network design, weather forecasting, hazard detection, information technology & services, hardware, mechanical or industrial engineering, enterprise software, enterprises, computer software, professional training & coaching",http://www.linkedin.com/in/victoria-read-0642182b,https://aem.eco,http://www.linkedin.com/company/advanced-environmental-monitoring,https://www.facebook.com/Advanced-Environmental-Monitoring-AEM-110375228108391,https://twitter.com/AEM_eco,Langford,British Columbia,Canada,"12410 Milestone Center Dr, Germantown, Maryland, United States, 20876",Germantown,Maryland,United States,'+1 281-304-0759,"NetSuite, Salesforce, Sendgrid, Outlook, Zendesk, Amazon AWS, Pagely, Hubspot, Google Maps (Non Paid Users), Facebook Custom Audiences, Facebook Login (Connect), Google Dynamic Remarketing, Google Analytics, Google Tag Manager, Mobile Friendly, Cedexis Radar, Facebook Widget, WordPress.org, YouTube, CrazyEgg, Vimeo, AdRoll, Adobe Media Optimizer, Linkedin Marketing Solutions, Google Maps, DoubleClick Conversion, Hotjar, CallRail, DoubleClick, Google AdWords Conversion, Remote, Render, Node.js, Android, AI, IoT",37000000,"","","","","","",false,false,false,false,"",6982145fd00f7f0001171451,69821460d00f7f000117204d,"","","","","","","","",""
Mark,Morrill,Director of Software Engineering,Opensignal,Opensignal,mark.morrill@opensignal.com,Verified,Apollo,Apollo,"",Catch-all,2026-01-28T15:11:11+00:00,Director,"Engineering & Technical, Information Technology",mathildadanielsui0z@commeunpoissondanslevin.com,"","","",'+44 845 834 0987,"",Cold,sd,"",mathildadanielsui0z@commeunpoissondanslevin.com,330,telecommunications,"mobile applications, cellular network analysis, telecommunications, mobile network, mobile analytics, wireless analytics, mobile network experience, telecom, big data, sensors, maps, information technology, enterprise software, embedded hardware and software, software, hardware, regulator benchmarking, market share analysis, user experience benchmarking, speed test analytics, network quality scoring, mobile network benchmarking, b2b, global network benchmarking, network experience insights, global coverage insights, latency analysis, performance analytics in telecom industry, 5g deployment analysis, network performance data collection, real-world network data, government, market performance benchmarking, user experience scoring models, consumer insights, 5g experience analysis, performance improvement strategies, competitive benchmarking, consumer experience analytics, user experience, crowdsourced measurement, mobile experience metrics, cloud-based solutions, video streaming quality, performance benchmarking in telecom markets, subscriber experience, mobile network trends, coverage analysis, user engagement metrics, market analysis tools, network reliability analysis, network deployment analytics, customer satisfaction metrics, telecom network quality analysis, telecom analytics tools, performance benchmarking in telecom, independent mobile network analytics, consulting, network performance improvement tools, telecom regulatory insights, video quality measurement, network quality improvement, telecom industry benchmarking, download speeds, performance analytics for mobile operators, mobile experience reports, telecom decision support, network quality reports, user experience analytics, network benchmarking, network experience benchmarking reports, network capacity planning, consumer experience, network quality and speed analysis, regulatory benchmarking, market performance insights, network performance metrics, engineering services, network infrastructure analysis, mobile network coverage, market insights, performance metrics, user experience scoring, network traffic analysis, market research, independent telecom analytics, consumer experience measurement, network optimization, crowdsourced data, market trend analysis, market performance analysis, network health and coverage analysis, network analytics solutions, independent insights, performance measurement for 5g networks, mobile user experience, performance analytics, services, consumer behavior analysis, telecom customer experience, consumer behavior insights in telecom, big data analytics, performance metrics for 4g/5g, network health monitoring, latency measurement, user-centric insights, telecom analytics platforms, performance benchmarking in emerging markets, performance measurement tools, network investment decisions, 5g experience benchmarking, 4g/5g availability, performance analytics for operators, consumer-centric network analysis, user experience insights, service quality metrics, network experience reports, telecom market analysis, real-world data collection, mobile network quality, performance optimization tools, network performance data, network performance optimization, b2c, telecom operator insights, performance analytics for telecom, global telecom insights, market trend analysis in telecom, performance measurement in 60+ countries, network coverage measurement, performance benchmarking, digital experience analytics, network quality metrics, data collection technology, network performance measurement, network experience measurement, network experience measurement tools, performance reporting tools, network insights, mobile connectivity, 5g experience, broadband analytics, user experience measurement, network performance, mobile network operators, competitive analysis, subscriber behavior, data-driven insights, real user experience, wireless communication, connectivity solutions, network reliability, consumer analytics, engineering analytics, telecom insights, public validation reports, market performance, consumer choice dynamics, operational metrics, mobile experience awards, segment analysis, coverage mapping, broadband networks, network improvements, commercial performance, regulatory benchmarks, mobile network speed, mobile data experience, subscriber choice analysis, 5g market analysis, telecom market trends, consumer preferences, service quality assessments, global connectivity, mobile performance metrics, mobile data analytics, mobile experience ratings, competitor benchmarking, telecommunication data insights, network engineering analytics, app analytics, video streaming experience, fixed wireless access, mobile app performance, mobile apps, enterprises, computer software, information technology & services, embedded hardware & software, ux",http://www.linkedin.com/in/mark-morrill-7971906,https://opensignal.com,http://www.linkedin.com/company/opensignal,https://www.facebook.com/Opensignal/,https://twitter.com/opensignal,Victoria,British Columbia,Canada,"211 Congress St, Boston, Massachusetts, United States, 02110-2400",Boston,Massachusetts,United States,'+44 845 834 0987,"Route 53, Amazon SES, Gmail, Google Apps, MailChimp SPF, Microsoft Office 365, Zendesk, GoDaddy Hosting, Chartbeat, Drupal, VueJS, Atlassian Cloud, Hubspot, Salesforce, Slack, Stripe, Pipedrive, Leadfeeder, Google Analytics, Vimeo, Google Tag Manager, Typekit, Mobile Friendly, IoT, Remote, AI, Sisense, Domo, Circle, KNIME, Spark, Python, Scala, SQL, Redshift, Athena, Airflow, Semrush, NetSuite, DocuSign, Linkedin Marketing Solutions, Microsoft Excel, Microsoft PowerPoint",75000000,14650000,Merger / Acquisition,0,2025-06-01T00:00:00+00:00,Comlinkdata (comlinkdata.com),"",false,false,false,false,"",6982145fd00f7f0001171454,69821460d00f7f0001172050,"","","","","","","","",""
Chris,Nickel,Director of Software Engineering,Woven Health Collective,Woven Health Collective,cnickel@clinicalmind.com,Verified,Apollo,Apollo,"",Catch-all,2026-01-29T17:55:13+00:00,Director,"Engineering & Technical, Information Technology",mathildadanielsui0z@commeunpoissondanslevin.com,"","","",'+1 646-979-5444,"",Cold,sd,"",mathildadanielsui0z@commeunpoissondanslevin.com,300,marketing & advertising,"strategic consulting, medical communications, speaker bureau, learning solutions, technology, artificial intelligence, patient advocacy, advertising, advertising services, publications, virtual advisory activities, healthcare services, digital analytics, analytics, integrated commercialization partner, therapeutic communications, healthcare professional engagement, consulting, services, publications and research, clinical communications, patient-centered communications, product lifecycle management, ai-driven virtual advisory, digital marketing, product development support, market expansion, demand-driven innovation, digital health, ai-driven marketing, biopharma strategy, life sciences, integrated agency solutions, medical education, digital studio, healthcare digital transformation, b2b, digital health solutions, scientific communications, digital and ai strategies, patient-centric narratives, translation and interpretation services, healthcare digital marketing, market access strategies, ai tools, product launch support, scalable healthcare platform, marketing and advertising, hcp engagement platform, demand-driven innovation™, biopharmaceutical marketing, collaborative solutions, launch strategy, healthcare, strategy consulting, digital strategy, patient engagement, medical education solutions, digital and ai solutions, pharmaceuticals, healthcare innovation, scientific storytelling, biotechnology, digital transformation, healthcare strategy, disease area expertise, scalable engagement platform, digital health platforms, healthcare marketing, technology and transformation, education, management consulting, information technology & services, marketing & advertising, health care, health, wellness & fitness, hospital & health care, marketing, medical",http://www.linkedin.com/in/cnckl,https://wovenhc.com,http://www.linkedin.com/company/wovenhc,https://facebook.com/ClinicalMindLLC,https://twitter.com/ClinicalMindLLC,Spruce Grove,Alberta,Canada,"40 Fulton St, New York, New York, United States, 10038-1811",New York,New York,United States,'+1 646-979-5444,"Salesforce, Sendgrid, Outlook, Microsoft Office 365, Amazon AWS, Gmail, Google Apps, Hubspot, Slack, HRMDirect, Mobile Friendly, Google Tag Manager, Squarespace ECommerce, Typekit, Shutterstock, Google Maps, Linkedin Marketing Solutions, WordPress.org, Google Font API, Remote, IoT, Microsoft Office, Microsoft PowerPoint, Workfront, Veeva Systems",123100000,"",Merger / Acquisition,0,2024-06-01T00:00:00+00:00,"","",false,false,false,false,"",6982145fd00f7f000117145a,69821460d00f7f0001172056,"","","","","","","","",""
Scott,Spencer,Senior Director of Software Engineering,Advantage Group International,Advantage Group International,sspencer@advantagegroup.com,Verified,Apollo,Apollo,"","",2026-01-12T09:23:32+00:00,Director,"Engineering & Technical, Information Technology",mathildadanielsui0z@commeunpoissondanslevin.com,"","","",'+1 416-863-0685,"",Cold,sd,"",mathildadanielsui0z@commeunpoissondanslevin.com,260,management consulting,"market research, benchmarking, business relationship management, industry performance, insights, collaboration, businesstobusiness engagement, research, fmcg, retail, business consulting & services, performance benchmarking, global b2b solutions, client feedback, management consulting, partner engagement analytics, partner feedback, consulting, relationship success metrics, business intelligence, customer-centric benchmarking, market analysis, supplier-retailer relationships, relationship building, digital insights, partner insights, client engagement, partner feedback systems, business growth, relationship management, business performance, relationship health monitoring, engagement measurement tools, advantage report™, feedback tools, services, relationship optimization, b2b relationship insights, feedback-driven improvement, b2b solutions, engagement analytics platform, mutual growth strategies, retailer relations, performance measurement, distributor engagement, performance improvement plans, global fmcg sector, customer-centric performance, competitor profiling, market intelligence, consultancy, customer insights, client success, business consulting, feedback platforms, performance analytics, distributor relationship management, data-driven insights, strategic consulting, collaborative performance tools, collaboration strategies, insights platform, relationship analysis, performance kpis, retailer performance, feedback analysis, relationship health assessment, engagement solutions, advantage engagement framework, feedback and insights, b2b relationship benchmarking, retail trade, engagement framework, transportation & logistics, feedback collection, partner perspectives, b2b engagement, collaboration tools, management consulting services, relationship benchmarking tools, customer engagement, business relationship diagnostics, mutual success, business relationship analytics, performance improvement, data analytics, b2b, relationship benchmarking, manufacturing, b2b data, supplier partnerships, partner view analysis, distribution, b2b engagement solutions, customer experience, supplier-retailer collaboration, strategy consulting, retailer performance reporting, software development, supplier-retailer collaboration tools, mutual success strategies, employee engagement, sales team support, advantage report, actioning feedback, client testimonials, custom solutions, business insights, mutual growth, feedback mechanisms, fmcg relationships, partnership frameworks, program benefits, strategic milestones, voice of customer, corporate values, advisory services, engagement advisors, action planning, retailer engagement, supplier engagement programs, business collaboration, distributor relationships, innovation in partnerships, client support, market strategies, business transformation, community engagement, client-centric approach, employee feedback, supplier collaboration, sales competency model, performance optimization, market insights, engagement metrics, global locations, customer engagement strategies, consumer products & retail, analytics, information technology & services, mechanical or industrial engineering",http://www.linkedin.com/in/scottspencer2,https://advantagegroup.com,http://www.linkedin.com/company/advantage-group-international,https://www.facebook.com/people/Advantage-Group-International/61565098629990/,"",Mississauga,Ontario,Canada,"40 University Ave, Toronto, Ontario, Canada, M5J 1T1",Toronto,Ontario,Canada,'+1 416-863-0685,"CloudFlare CDN, Salesforce, EasyDNS, Outlook, Microsoft Office 365, CloudFlare Hosting, Google Cloud Hosting, Cloudflare DNS, Gmail, Google Apps, Sendgrid, WP Engine, Hubspot, Slack, Amazon SES, Simpli.fi, Wistia, Google Font API, Google Tag Manager, WordPress.org, Mobile Friendly, Linkedin Marketing Solutions",50000000,"","","","","","",false,false,false,false,"",698214a0554c770001938773,698214a0554c7700019387a1,"","","","","","","","",""
Joanne,Cavan,Director Software Engineering,Shack Shine,Shack Shine,joanne.cavan@shackshine.com,Verified,Apollo,Apollo,"",Catch-all,2026-01-08T17:16:29+00:00,Director,"Engineering & Technical, Information Technology",mathildadanielsui0z@commeunpoissondanslevin.com,"","",'+1 408-706-1008,'+1 888-808-7751,"",Cold,sd,"",mathildadanielsui0z@commeunpoissondanslevin.com,170,facilities services,"gutter cleaning, window washing, house washing, pressure washing, christmas light installation, eavestrough cleaning, power washing, commercial, home maintenance, water-fed poles, safety equipment, property maintenance, window cleaning, biodegradable solutions, home exterior cleaning, minimal ladder use, commercial cleaning, gutter vacuums, professional technicians, solar panel cleaning, debris removal, janitorial services, high-powered vacuums, exterior house cleaning, skylight washing, cleaning services, customer service, one visit service, eco-friendly cleaning, home services, b2c, soft wash technology, organic debris composting, holiday lighting, roof washing, organized vans, services, consumer products & retail, facilities services",http://www.linkedin.com/in/jcavan,https://shackshine.com,http://www.linkedin.com/company/shack-shine,https://www.facebook.com/pages/Shack-Shine/737262092992659,https://twitter.com/shackshineco,Toronto,Ontario,Canada,"887 Great Northern Way, Vancouver, British Columbia, Canada, V5T 4T5",Vancouver,British Columbia,Canada,'+1 888-808-7751,"Cloudflare DNS, Slack, Salesforce, Drupal, Pantheon, Atlassian Cloud, The Trade Desk, Freshdesk, Pardot, Remote",41800000,"","","","","","",false,false,false,false,"",698214098a21cb00019ee41d,6982140a8a21cb00019ee44d,"","","","","","","","",""
Mario,Delgadinho,"Director, Software Engineering",Tree of Life Canada,Tree of Life Canada,mario.delgadinho@treeoflife.com,Verified,Apollo,Apollo,"","",2026-02-02T06:33:33+00:00,Director,"Engineering & Technical, Information Technology",mathildadanielsui0z@commeunpoissondanslevin.com,"","",'+1 416-473-9578,'+1 905-507-6161,"",Cold,sd,"",mathildadanielsui0z@commeunpoissondanslevin.com,430,food & beverages,"distribution, natural & organic food, specialty food, fresh products, sales service, marketing service, food & beverage services, local and global brands, sustainable sourcing, retail shelf management, canadian markets, natural foods, retail sales, organic certification, food safety standards, retail, warehousing, health-conscious products, keto-friendly foods, premium ingredients, consumer preferences, natural and organic, brand development, specialty foods, general line grocery merchant wholesalers, foodservice, plant-based products, product promotion, sales support, market intelligence, brand marketing, b2b, operational efficiency, supply chain analytics, food industry growth, gluten-free products, foodservice solutions, supply chain, sales growth, distribution efficiency, distribution network, market trend analysis, warehouse management, retail partners, distribution channels, consumer trends, product development, product portfolio, product innovation, specialty food importers, brand support, imported foods, logistics optimization, distribution logistics, market data, food trend forecasting, product branding, customized distribution, artisanal foods, services, market expansion, community engagement, premium food products, specialty cheese, market responsiveness, foodservice network, multicultural foods, food distribution, ethnic foods, health-conscious foods, retail execution, foodservice distribution, grocery industry, product assortment, food & beverage, grocery distribution, market analysis, distribution technology, food industry, non-gmo foods, inventory management, delivery speed, product diversification, customer service, product sourcing, organic products, order fulfillment, grocery retail, gourmet foods, customer engagement, retail coverage, e-commerce, gourmet groceries, customer demand, market insights, logistics, supply chain management, gourmet grocery, demand planning, beverage distribution, logistics management, coast-to-coast reach, distribution points, customized marketing strategies, nationwide coverage, market opportunity analysis, on-trend products, promotional planning, culinary partnerships, artisan cheeses, consumer insights, retail marketing, product placement, d2s sales, foodservice partners, premium products, food and beverage experience, inventory optimization, data-driven strategies, promotional spending, category management, planogram compliance, brand loyalty, gluten-free options, non-gmo products, culinary innovation, market forecasting, sales force effectiveness, home meal replacement options, culinary demonstrations, ecommerce, food & beverages, consumer goods, consumers, marketing & advertising, enterprise software, enterprises, computer software, information technology & services, consumer internet, internet, logistics & supply chain",http://www.linkedin.com/in/mario-delgadinho,https://treeoflife.ca,http://www.linkedin.com/company/tree-of-life-canada,https://facebook.com/treeoflifecan,https://twitter.com/treelifecan,Richmond Hill,Ontario,Canada,"6185 McLaughlin Rd, Mississauga, Ontario, Canada, L5R 3W7",Mississauga,Ontario,Canada,'+1 905-507-6161,"accessiBe, Ontraport, Google Tag Manager, Shutterstock, WordPress.org, Mobile Friendly, Remote, Nielsen NetRatings, Appier AIRIS (formerly Woopra)",145100000,"","","","","","",false,false,false,false,"",698214098a21cb00019ee428,6982140a8a21cb00019ee458,"","","","","","","","",""
Chris,Thomson,Director of Software Engineering,Ethoca,Ethoca,chris.thomson@ethoca.com,Verified,Apollo,Apollo,"",Catch-all,2026-01-06T05:25:54+00:00,Director,"Engineering & Technical, Information Technology",mathildadanielsui0z@commeunpoissondanslevin.com,"","","",'+1 416-849-6091,'+1 514-360-6981,Cold,sd,"",mathildadanielsui0z@commeunpoissondanslevin.com,190,financial services,"ecommerce fraud, ecommerce, online credit card fraud, payment fraud, card not present, fraud detection, chargeback fraud, fraud screening, ach fraud, ach payment processing, fraud prevention, fraud system, customer not present, retail fraud, fraud risk mitigation, b2c, issuer fraud detection, merchant risk scoring, e-commerce, services, business intelligence, merchant-issuer communication, chargeback prevention, fraud analytics software, issuer fraud alerts, merchant fraud prevention, b2b, payment security platform, computer systems design and related services, dispute alert system, chargeback avoidance, saas, online fraud support, payment dispute reduction, payment processing security, real-time fraud alerts, real-time data sharing, digital fraud intelligence, merchant network, merchant fraud detection, issuer risk management, dispute resolution, fraud detection in ecommerce, d2c, payment fraud analytics, dispute management saas, merchant fraud network, fintech, friendly fraud prevention, digital payment protection, merchant fraud tools, merchant-issuer data sharing, transaction intelligence, dispute resolution software, digital transaction verification, ecommerce fraud solutions, merchant fraud collaboration, card-not-present fraud, chargeback mitigation strategies, payment processing, fraud analytics, api integration, dispute management platform, transaction verification, online transaction security, financial technology, ecommerce security, dispute prevention tools, collaborative fraud management, digital transaction security, security platform, real-time fraud intelligence, payment dispute alerts, transaction monitoring, ai-powered fraud detection, chargeback reduction, transaction confirmation, cnp fraud solutions, merchant onboarding, dispute resolution platform, payment dispute automation, fraud detection api, payment gateway, ai fraud detection tools, fraud case management, dispute resolution automation, transaction authenticity verification, merchant fraud analytics, issuer network, digital fraud prevention, retail, customer experience enhancement, information technology and services, merchant risk management, merchant onboarding platform, fraud intelligence, customer dispute management, payment security, digital commerce security, merchant fraud support network, digital banking integration, issuer risk scoring, chargeback management, data sharing platform, fraud detection for fintech, dispute automation tools, financial services, customer engagement, financial institution collaboration, real-time transaction alerts, issuer fraud tools, ecommerce fraud prevention, cnp fraud reduction, first-party fraud protection, transaction dispute resolution, customer experience improvement, merchant-issuer collaboration, fraud insights reporting, clear purchase information, digital receipts, friendly fraud management, operational cost reduction, fraud data sharing, payment intelligence network, initiated chargebacks prevention, omnichannel payment solutions, consumer clarity, merchant branding, subscription management, dispute notification, purchase verification, payment fraud insights, consumer trust enhancement, financial performance improvement, customer satisfaction, transaction clarity, loss recovery, expedited fraud resolutions, risk mitigation, collaborative fraud prevention, payment processing efficiency, digital fraud strategy, consumer insights, transactional alerts, purchase journey intelligence, customer support integration, cardholder purchase recognition, real-time dispute alerts, fraud loss reduction, user-friendly banking solutions, cross-channel fraud detection, merchant dispute management, payment security enhancement, revenue protection, finance, consumer internet, consumers, internet, information technology & services, computer & network security, analytics, computer software, conflict resolution, finance technology",http://www.linkedin.com/in/cljthomson,https://ethoca.com,http://www.linkedin.com/company/ethoca-limited,https://facebook.com/ethoca,https://twitter.com/ethoca,Toronto,Ontario,Canada,"100 Sheppard Avenue East, Toronto, Ontario, Canada, M2N 6Z1",Toronto,Ontario,Canada,'+1 416-849-6091,"Salesforce, Route 53, Outlook, Microsoft Office 365, Drupal, Pantheon, Atlassian Cloud, Slack, Hubspot, Adobe Marketing Cloud, Stripe, Varnish, Mobile Friendly, YouTube, Nginx, Circle, AI, Salesforce Marketing Cloud, Salesforce Email Studio, Salesforce Journey Builder, QMetry Automation Studio, Adobe Experience Manager, Salesforce Sales Cloud, DynamicYield, Less, Outreach, ZoomInfo",41800000,52890000,Merger / Acquisition,0,2019-03-01T00:00:00+00:00,Mastercard (mastercard.com),"",false,false,false,false,"",698214098a21cb00019ee42a,6982140a8a21cb00019ee459,"","","","","","","","",""
Samy,Zarour,Director of Software Engineering,NPI,NPI,szarour@npifinancial.com,Verified,Apollo,Apollo,"","",2026-01-06T09:35:40+00:00,Director,"Engineering & Technical, Information Technology",mathildadanielsui0z@commeunpoissondanslevin.com,"","","",'+1 404-591-7500,"",Cold,sd,"",mathildadanielsui0z@commeunpoissondanslevin.com,350,information technology & services,"spend management, cost reduction, auditing, telecom auditing, procurement consulting, it cost reduction, telecommunications expense management, independent price benchmarking, it price benchmark analysis, it vendor negotiation intel, enterprise license agreement optimization, microsoft licensing & cost optimization, telecom cost optimization, software license audit defense, software license position assessment, divestiture & merger it asset rationalization, it sourcing transformation, digital transformation, software license optimization, saas optimization, it services & it consulting, it renewal optimization, it procurement best practices, cost reduction strategies, it renewal management, license optimization, it spend reduction, it spend management, java licensing cost mitigation, it spend visibility, pc refresh cost avoidance, it contract analysis, vendor analysis, it vendor management, software license audit, it spend benchmarking, it spend analysis, consulting, it contract negotiation, enterprise software licensing, it licensing compliance, vmware renewal cost management, it procurement platform, software publishing, risk assessment, it procurement services, management consulting services, b2b, vendor behavior analysis, market intelligence, it vendor market trends, vendor negotiation intel, sap s/4hana conversion savings, it purchase cycle acceleration, it spend risk management, it procurement workflows, it vendor landscape, it license optimization, broadcom vmware cost mitigation, information technology and services, ai-powered research, it cost savings, services, it procurement optimization, it negotiation guidance, it vendor negotiation, management consulting, it procurement analytics, it price benchmarking, enterprise it sourcing, oracle java licensing model, it licensing advice, finance, information technology & services, financial services",http://www.linkedin.com/in/samyzarour,https://npifinancial.com,http://www.linkedin.com/company/npi,https://facebook.com/NPI.SmartSpend,https://twitter.com/NPI_Spend_Mgmt,Montreal,Quebec,Canada,"3340 Peachtree Rd NE, Atlanta, Georgia, United States, 30326-1000",Atlanta,Georgia,United States,'+1 404-591-7500,"Salesforce, Postmark, Outlook, Pardot, Amazon AWS, WP Engine, Slack, Remote",24000000,67000,Venture (Round not Specified),0,2024-01-01T00:00:00+00:00,"","",false,false,false,false,"",6982145fd00f7f000117144b,69821460d00f7f0001172047,"","","","","","","","",""
Vladimir,Mylnikov,Director Software Engineering,Neumo,Neumo,vladimir.mylnikov@neumo.com,Verified,Apollo,Apollo,"","",2026-01-30T19:02:39+00:00,Director,"Engineering & Technical, Information Technology",mathildadanielsui0z@commeunpoissondanslevin.com,"","","","","",Cold,sd,"",mathildadanielsui0z@commeunpoissondanslevin.com,360,government administration,"",http://www.linkedin.com/in/vladimir-mylnikov-9b229026,https://neumo.com,http://www.linkedin.com/company/neumogov,https://www.facebook.com/p/Neumo-61578241258018/,"",Vancouver,British Columbia,Canada,United States,"","",United States,"","Outlook, Microsoft Office 365, Zendesk, Slack, DotNetNuke, Gem, AWS SDK for JavaScript, PL/SQL, Salesforce CRM Analytics, ServiceNow, Visio, Microsoft Excel, Microsoft PowerPoint, Google AdWords Conversion, OpenProject, Microsoft Office","","","","","","","",false,false,false,false,"",6982145fd00f7f000117144d,69821460d00f7f0001172049,"","","","","","","","",""
Vladimir,Stupavsky,Director of Software Engineering,NoFraud,NoFraud,v.stupavsky@nofraud.com,Verified,Apollo,Apollo,"",Catch-all,2026-01-13T07:39:17+00:00,Director,"Engineering & Technical, Information Technology",mathildadanielsui0z@commeunpoissondanslevin.com,"","","",'+1 888-773-3669,'+1 514-291-1807,Cold,sd,"",mathildadanielsui0z@commeunpoissondanslevin.com,120,information technology & services,"fraud prevention, ecommerce, fraud solution, fraud detection, chargeback management, software development, non-fraud chargeback handling, risk assessment, blacklist/whitelist management, order approval, phone order fraud, ai models, subscription fraud gaps, retail, managed services, merchant-specific data, ecommerce fraud detection, real-time fraud screening, services, computer systems design and related services, payment processing, subscription fraud protection, b2b, ecommerce integration, velocity detection, e-commerce, dynamic review settings, identity verification, b2c, geolocation analysis, d2c, international fraud detection, automated decision engine, high-risk order review, proactive human oversight, chargeback dispute handling, fraud analytics, device fingerprinting, api integration, financial technology, consumer products & retail, consumer internet, consumers, internet, information technology & services, computer & network security, finance technology, financial services",http://www.linkedin.com/in/vladimir-stupavsky-203ab26a,https://nofraud.com,http://www.linkedin.com/company/no-fraud,https://www.facebook.com/NoFraud-819290568193018/,https://twitter.com/NoFraudOnline,Montreal,Quebec,Canada,"World Trade Center, New York, New York, United States, 10007",New York,New York,United States,'+1 888-773-3669,"Salesforce, Route 53, Gmail, Google Apps, Microsoft Office 365, CloudFlare Hosting, Cloudflare DNS, Flywheel, Zoho Books, StackAdapt, BambooHR, Salesforce Live Agent, Hubspot, Slack, Google Maps (Non Paid Users), Wistia, Typekit, Mobile Friendly, Facebook Login (Connect), Google Maps, AdRoll, Facebook Widget, DoubleClick Conversion, Google Tag Manager, Vimeo, Google Font API, Bing Ads, Linkedin Marketing Solutions, DoubleClick, Zopim, Google Analytics, WordPress.org, Hotjar, Ruby On Rails, Google Dynamic Remarketing, Stripe, Facebook Custom Audiences, Reviews, AI, Node.js, Nestjs, TypeScript, React, Tailwind, MySQL, Apache Kafka, Figma",10300000,"",Private Equity,"",2020-12-01T00:00:00+00:00,"","",false,false,false,false,"",698214098a21cb00019ee419,6982140a8a21cb00019ee449,"","","","","","","","",""
Lauranne,Sins,Director of Software Engineering,Dialogue,Dialogue,lauranne.sins@dialogue.co,Verified,Apollo,Apollo,"",Catch-all,2026-01-09T08:31:09+00:00,Director,"Engineering & Technical, Information Technology",mathildadanielsui0z@commeunpoissondanslevin.com,"","","","","",Cold,sd,"",mathildadanielsui0z@commeunpoissondanslevin.com,240,"health, wellness & fitness","healthcare, soins de sante, telemedicine, telemedecine, employee benefits, avantages sociaux, eap, pae, health & wellness, sante et bienetre, mental health, sante mentale, employee wellbeing, bienetre des employes, integrated health platform, platforme de sante integree, technology, health care information technology, mobile health, health care, health & human services, employee mental health support, virtual healthcare, virtual care technology, offices of physicians, employee wellness, virtual healthcare services, healthcare safety standards, healthcare analytics, well-being programs, digital health safety, healthcare interoperability, remote healthcare, virtual healthcare scalability, secure health data, virtual healthcare platform, virtual health innovation, employee assistance program, healthcare safety validation, healthcare safety compliance, healthcare safety accreditation, services, healthcare innovation, healthcare quality assurance, telemedicine platform, virtual health services, canada healthcare technology, virtual health management, virtual care, on-demand healthcare, information technology, healthcare user experience, health outcomes, healthcare safety assurance, patient engagement tools, digital health services, employee wellness programs, healthcare risk management, healthcare data security, mental health support, healthcare service delivery, digital health, virtual primary care, digital health safety standards, healthcare safety certification, health and wellness programs, healthcare accessibility canada, healthcare compliance tools, telehealth, healthcare safety, healthcare digital transformation, digital health platform, virtual care for organizations, healthcare safety monitoring, virtual healthcare accreditation, cloud-based healthcare, healthcare provider canada, healthcare platform, patient safety, healthcare accessibility, healthcare for organizations, d2c, scalable healthcare, accreditation canada, primary care, healthcare safety leadership, integrated health services, healthcare platform integration, healthcare management, healthcare technology, b2c, healthcare scalability, b2b, virtual health solutions, virtual health platform, employee health outcomes, healthcare safety protocols, digital health innovation, healthcare delivery technology, mental health services, wellness programs, cost savings calculator, well-being score, organizational well-being, cognitive behavioral therapy, icbt, clinical audits, health and wellness, humanized healthcare, absenteeism reduction, mental health awareness, single sign-on, digital health solutions, mental health resources, care coordination, patient engagement, proactive healthcare, self-help toolkits, stress management, crisis support, roi measurement, personalized care plans, multidisciplinary care team, online consultations, patient satisfaction, health insights, employee productivity, work-life balance, fast access to care, preventative health programs, healthcare integration, health screenings, health education programs, support services, smartphone health apps, real-time health tracking, health, wellness & fitness, hospital & health care, internet, information technology & services",http://www.linkedin.com/in/laurannesins,https://dialogue.co,http://www.linkedin.com/company/dialogue-md,https://facebook.com/godialogue,https://twitter.com/tictrac,Montreal,Quebec,Canada,"2200 Rue Stanley, Montreal, Quebec, Canada, H3A 1R6",Montreal,Quebec,Canada,"","Salesforce, Route 53, Amazon SES, Gmail, Google Apps, Microsoft Office 365, Zendesk, Amazon AWS, Outlook, Mailchimp Mandrill, MailChimp SPF, Stripe, Atlassian Cloud, StackAdapt, Sprig, Hubspot, Slack, CloudFlare, React Redux, Freshdesk, Bing Ads, Linkedin Marketing Solutions, Google Dynamic Remarketing, Facebook Login (Connect), Greenhouse.io, Intercom, Google Tag Manager, Google Font API, DoubleClick Conversion, Vimeo, Google Play, Mobile Friendly, Facebook Widget, WordPress.org, Google Analytics, BugHerd, Hotjar, Linkedin Widget, Facebook Custom Audiences, Linkedin Login, DoubleClick, Unbounce, Vidyard, New Relic, Cedexis Radar, Adobe Media Optimizer, Remote, AI, Temporal Cloud, React, React Native, Langchain, Claude, Python, Sourcepoint Dialogue, Coursera, dbt, Airflow, SQL, Kubernetes, Terraform, Google Cloud Machine Learning Engine, Snowflake, Zoomdata, TypeScript, Ant Design React",64211000,"","","","",Sun Life (sunlife.com),"",false,false,false,false,"",6982145fd00f7f0001171460,69821460d00f7f0001172052,"","","","","","","","",""
Ankur,Garg,Director of Software Engineering,TripArc,TripArc,ankur.garg@trip-arc.com,Verified,Apollo,Apollo,"","",2026-01-19T12:16:48+00:00,Director,"Engineering & Technical, Information Technology",mathildadanielsui0z@commeunpoissondanslevin.com,"","",'+91 98055 26876,'+1 416-317-0495,"",Cold,sd,"",mathildadanielsui0z@commeunpoissondanslevin.com,140,"leisure, travel & tourism","travel arrangements, travel industry growth strategies, travel booking optimization, custom travel itineraries, services, net rate contracts, travel industry compliance tools, travel booking analytics, industry-leading booking system, travel platform integration, travel agency tools, travel industry support, travel booking management, procurement system, luxury travel booking, travel booking efficiency, commission optimization, user-friendly travel platform, hotel inventory management, travel booking security, automated booking, travel industry innovation, travel industry data, travel industry digitalization, travel industry analytics, dmc booking platform, multi-source inventory, travel supplier connections, platform integration, travel advisor empowerment, travel technology leadership, 24/7 support, travel revenue growth, air, hotel, cruise bookings, supplier connections, hotel inventory, customer service, travel industry solutions, travel industry digital transformation, direct net rate contracts, travel booking process, travel partner collaboration, booking engine, booking volume support, booking automation, commission management, travel industry compliance, supplier negotiations, information technology, booking platform, travel industry challenges, tour operator software, travel booking customization, travel supplier network, travel industry connectivity, tourism, b2b, ecosystem connectivity, travel experience enhancement, exclusive hotel inventory, rate management, travel industry growth tools, travel partner network, user-friendly interface, travel industry digital tools, platform customization, travel supplier negotiations, customer experience, travel agency automation, consolidated booking, travel industry profitability, operational efficiency, payment processing, travel platform scalability, travel booking dashboard, travel and tourism, air hotel cruise bookings, travel industry growth, travel industry automation, distribution platform, travel advisor tools, travel product distribution, hotel perks, dmc platform, 24/7 support for travel, e-commerce, booking efficiency, hotel perks and amenities, travel business efficiency, travel booking support, travel booking platform, revenue growth tools, travel platform customization, global hotel partnerships, api integration, travel booking system, travel booking solutions, travel booking software, travel booking transparency, travel industry ecosystem, partner network, travel industry support services, travel industry network, product management, product distribution, industry innovation, destination management companies, travel agency software, industry-specific booking system, travel industry network expansion, customer support, travel booking reports, travel technology, advisor tools, travel procurement platform, travel booking api, business efficiency, software development, industry solutions, travel partner integration, commissionable rates, computer systems design and related services, procurement solutions, profitability tools, inventory management, tour operator platform, booking solution, comprehensive platform, revenue generation, travel experts, client support, itinerary customization, air booking, comparison tools, commissions management, visa assistance, luxury travel, branding solutions, client engagement, travel planning, itinerary management, trip advisor, support services, trip organization, global travel access, travel commissions, marketing support, travel professionals, service fees, automation tools, dashboard reporting, destination support, data transparency, supplier management, notification system, agent collaboration, travel logistics, market competitiveness, efficiency tools, resource management, client retention, business growth, travel experiences, client communication, end-to-end support, technology innovation, distribution, leisure, travel & tourism, consumer internet, consumers, internet, information technology & services",http://www.linkedin.com/in/ag-1993,https://trip-arc.com,http://www.linkedin.com/company/triparc,"","",Toronto,Ontario,Canada,"2 Queen St E, Toronto, Ontario, Canada, M5C 3G7",Toronto,Ontario,Canada,'+1 416-317-0495,"Mailchimp Mandrill, Campaigner, Outlook, MailChimp SPF, Microsoft Office 365, Amazon AWS, Greenhouse.io, Hubspot, Slack, Active Campaign, Mobile Friendly, Squarespace ECommerce, Shutterstock",46800000,"","","","","","",false,false,false,false,"",698214098a21cb00019ee421,6982140a8a21cb00019ee451,"","","","","","","","",""
Rick,Chern,Director Software Engineering - Algorithms,EarthDaily,EarthDaily,rick.chern@earthdaily.com,Verified,Apollo,Apollo,"","",2026-01-24T00:01:32+00:00,Director,"Engineering & Technical, Information Technology",mathildadanielsui0z@commeunpoissondanslevin.com,"","","",'+1 505-257-2109,"",Cold,sd,"",mathildadanielsui0z@commeunpoissondanslevin.com,240,aviation & aerospace,"space technology, analytics, earth observation, internet, imaging, geospatial analytics, ai, technology, space research & technology, ai analytics, satellite data for defense applications, predictive insights, satellite data acquisition, satellite constellation management, environmental monitoring, wildfire detection, patented technology, satellite data for environmental impact, high-resolution satellite data, satellite data security, data security, satellite data for biodiversity monitoring, earth monitoring solutions, defense & security, satellite imaging technology, satellite data for urban planning, operational efficiency, ai-powered insights, real-time monitoring, satellite data analytics tools, satellite data for carbon tracking, services, predictive analytics, satellite insar monitoring, resource exploration, data integration apis, b2b, consulting, satellite data for disaster response, satellite payload integration, enterprise data solutions, daily satellite data, predictive modeling, information technology and services, satellite payload technology, data science platform, renewable energy, analysis-ready satellite data, industry-specific insights, ai & machine learning, satellite data for land use change, real-time change detection, risk management, agriculture, government, satellite data for agriculture, satellite data for water management, insurance, data analytics, satellite data processing, satellite data delivery, satellite data for marine surveillance, global coverage, satellite data for deforestation tracking, satellite data for risk assessment, earth observation data, data processing platform, agriculture technology, high-resolution data, operational scalability, climate change monitoring, satellite launch services, scalable cloud infrastructure, remote sensing applications, satellite data for resource management, satellite data for drought monitoring, change detection, earth observation platform, satellite data for climate change, remote sensing, satellite constellation, remote sensing technology, sustainability, geospatial data management, satellite data visualization, surveying and mapping (except geophysical) services, satellite imagery, earth data analytics, geospatial intelligence, satellite-based wildfire detection, ai-driven geospatial analytics, agriculture monitoring, analysis-ready data, cloud data infrastructure, satellite data for infrastructure monitoring, data integration, data processing pipeline, ai-driven processing, risk mitigation, agriculture insights, climate change, geospatial data, natural resource management, custom analytics, data as a service, analytics as a service, scientific quality data, broad coverage, high revisit frequency, environmental sustainability, policy analysis, financial risk assessment, infrastructure planning, disaster management, biomass estimation, land use changes, agricultural optimization, oil and gas monitoring, marine situational awareness, geohazard prediction, urban heat mapping, thermal infrared, shortwave infrared, visible spectrum analysis, drought assessment, crop health monitoring, ecosystem modeling, ai integration, data refinement, image mosaicing, cloud services in gis, subsided land mapping, agricultural yield prediction, climate resilience solutions, custom processing services, historical data analysis, spatial data services, machine learning models, real-time analytics, ecosystem services assessment, saas, information technology & services, aviation & aerospace, computer & network security, enterprise software, enterprises, computer software, clean energy & technology, environmental services, renewables & environment",http://www.linkedin.com/in/rick-chern-703510a,https://earthdaily.com,http://www.linkedin.com/company/earthdailyanalytics,https://facebook.com/DescartesLabs/,https://twitter.com/DescartesLabs,Vancouver,British Columbia,Canada,"1055 Canada Pl, Vancouver, British Columbia, Canada, V6C 0C3",Vancouver,British Columbia,Canada,'+1 505-257-2109,"Route 53, Amazon SES, Outlook, Microsoft Office 365, Amazon AWS, Gmail, Google Apps, WP Engine, Atlassian Cloud, React Redux, Mapbox, Hubspot, Slack, Grafana, React, The Trade Desk, Lever, DoubleClick, WordPress.org, DoubleClick Conversion, Mobile Friendly, Facebook Login (Connect), Google Font API, Facebook Custom Audiences, Google Tag Manager, Twitter Advertising, Facebook Widget, Google Dynamic Remarketing, Linkedin Marketing Solutions, Remote, AI, Reviews, Sailthru by Marigold, Microsoft Excel, NetSuite",37200000,221077800,Venture (Round not Specified),0,2025-07-01T00:00:00+00:00,"","",false,false,false,false,"",698214a0554c770001938784,698214a0554c7700019387ab,"","","","","","","","",""
David,Wigg,Director of Software Engineering,Enlighted,Enlighted,david.wigg@enlightedinc.com,Verified,Apollo,Apollo,"","",2026-01-27T12:51:44+00:00,Director,"Engineering & Technical, Information Technology",mathildadanielsui0z@commeunpoissondanslevin.com,"","",'+1 226-972-7437,'+1 650-964-1094,"",Cold,sd,"",mathildadanielsui0z@commeunpoissondanslevin.com,130,information technology & services,"enterprise iot, building management systems, building automation systems, energy efficiency, smart buildings, advanced lighting controls, sensors, environmental, occupancy, building analytics, iot, healthcare iot, brilliant buildings, industrial iot, workplace experience apps, clean technology, semiconductors, lighting, hardware, information technology, it services & it consulting, cloud computing, asset management, cost reduction, smart building iot platform, building performance, long-term sustainability, building sensor analytics, energy management system, sustainability solutions, iot platform, energy savings, computer systems design and related services, occupant comfort, occupancy detection, energy analytics for buildings, carbon net-zero, building automation system, energy optimization, smart infrastructure, building optimization, industrial, data analytics platform, iot-enabled building management, iot in buildings, occupant experience, building efficiency, iot sensor deployment, smart city energy solutions, sensor technology, grid utility solutions, grid energy solutions, building management, energy consumption monitoring, smart city infrastructure, energy reduction strategies, building automation iot, autonomous building adaptation, healthcare, autonomous building systems, data security, smart city solutions, iot integration, granular environmental sensors, granular environmental data, building intelligence, building performance monitoring, building automation platform, iot-based energy management, proptech, enterprise energy management, predictive maintenance, smart building platform, energy consumption reduction, environmental monitoring, building automation innovation, workspace management, smart building solutions, sustainability, granular occupancy data, b2b, iot sensors, predictive analytics, iot building management, building sensors, building management system, sustainability initiatives, building automation software, building automation, occupancy sensors, sustainable buildings, iot-driven building optimization, building control systems, building automation iot platform, building performance analytics, occupancy analytics, iot in smart cities, real-time monitoring, commercial real estate, services, workspace optimization, occupant experience enhancement, energy & utilities, analytics platform, smart grid integration, real-time data, building control, building sensor network, environmental sensors, smart city infrastructure iot, data analytics, education, building environmental sensors, energy management, data-driven decision making, advanced building analytics, energy efficiency iot, construction & real estate, iot infrastructure, space intelligence, lighting solutions, smart sensors, occupancy insights, hvac integration, real-time location services, environmental controls, space optimization, workplace productivity, corporate amenities, flexible workspaces, integration & implementation, data services, asset tracking, business intelligence, touchless workplace, location intelligence, lighting control management, energy usage monitoring, esg reporting, occupant well-being, wireless mesh network, cloud computing solutions, smart building technology, building modernization, environmental sustainability, data-driven insights, user experience, energy savings dashboard, lighting retrofit solutions, software applications, occupancy-based controls, remote configuration, occupant comfort management, temperature control systems, wireless control systems, multi-layer insights, efficiency insights, sustainable building practices, smart workplace solutions, environmental services, renewables & environment, clean energy & technology, information technology & services, enterprise software, enterprises, computer software, health care, health, wellness & fitness, hospital & health care, computer & network security, oil & energy, analytics, ux",http://www.linkedin.com/in/david-wigg-3baa0a1,https://enlightedinc.com,http://www.linkedin.com/company/enlighted-inc,https://www.facebook.com/pages/Enlighted-Inc/335506113140788,http://twitter.com/enlightedinc,Kitchener,Ontario,Canada,"3979 Freedom Cir, Santa Clara, California, United States, 95054-1209",Santa Clara,California,United States,'+1 650-964-1094,"Salesforce, Outlook, Pardot, Microsoft Office 365, Amazon AWS, Route 53, Gmail, Google Apps, Atlassian Cloud, Salesforce Service Cloud, Salesforce Live Agent, Zendesk, Slack, Mixpanel, WP Engine, Linkedin Marketing Solutions, Gravity Forms, Google Tag Manager, Mobile Friendly, Intercom, Google Dynamic Remarketing, Google Play, Apache, Wistia, Google Analytics, DoubleClick, Stripe, Vimeo, DoubleClick Conversion, WordPress.org, IoT, AI",60000000,100470000,Merger / Acquisition,0,2018-06-01T00:00:00+00:00,Siemens (siemens.com),"",false,false,false,false,"",698214098a21cb00019ee420,6982140a8a21cb00019ee450,"","","","","","","","",""
Vihor,Djordjevic,Director of Software Engineering,Great Gulf,Great Gulf,vihor.djordjevic@greatgulf.com,Verified,Apollo,Apollo,"","",2026-02-03T15:29:39+00:00,Director,"Engineering & Technical, Information Technology",mathildadanielsui0z@commeunpoissondanslevin.com,"","","",'+1 416-499-8883,"",Cold,sd,"",mathildadanielsui0z@commeunpoissondanslevin.com,280,construction,"sustainable homes, community development, commercial, services, h+me technology division, prefabrication technology, property management, industrialized building, high-rise construction, collaborations with educational institutions, residential portfolios, community lifestyle, architectural design, customer experience, energy efficiency, community planning, prefabrication, active house alliance, commercial real estate, project management, sustainable building, prefabricated housing, luxury homes, industrial, urban living, industrial projects, home builder, award-winning builder, custom homes, residential building construction, residential building, development, real estate investment, building quality, industry awards, residential, innovative construction methods, high-rise condominiums, master-planned communities, b2b, customer care, north american markets, real estate development, design excellence, construction management, building faster and cheaper, healthier homes, sustainability, eco-friendly construction, real estate, commercial development, sustainable development practices, market expansion, residential development, home design, residential construction, award-winning projects, urban development, residential real estate, resort properties, toronto real estate, customer service, construction, townhomes, community parks, home buying guidance, innovation in construction, mortgage guidance, customer satisfaction, communities development, real estate award, builder of the year, suburban living, ownership opportunities, affordable housing, modern architecture, family-friendly communities, green building practices, first-time home buyers, real estate trends, market analysis, client testimonials, boutique condos, community amenities, rural living, home sales counseling, home financing assistance, mixed-use properties, urban amenities, neighborhood design, real estate branding, b2c, education, consumer products & retail, construction & real estate, enterprise software, enterprises, computer software, information technology & services, environmental services, renewables & environment, productivity",http://www.linkedin.com/in/vihor-djordjevic-agile-leader-csm-itil-85b4481,https://greatgulf.com,http://www.linkedin.com/company/great-gulf-homes,https://www.facebook.com/greatgulf,https://twitter.com/greatgulf,Mississauga,Ontario,Canada,"351 King St E, Toronto, Ontario, Canada, M5A 0L6",Toronto,Ontario,Canada,'+1 416-499-8883,"Outlook, Microsoft Azure Hosting, React, Slack, Hubspot, Mobile Friendly, Google Tag Manager, Facebook Login (Connect), Facebook Widget, Facebook Custom Audiences, Hotjar, Remote, Tor, ConvertCart, 1Password, Windows 11, Star, Cradlepoint, CAT, .NET, Canon Printers, Git, Microsoft Azure Monitor, Zoom Phone, Cisco VoIP, Building Engines, Adobe Captivate",162000000,"","","","",Great Gulf Group (greatgulfgroup.com),"",false,false,false,false,"",6982145fd00f7f000117145c,69821460d00f7f0001172058,"","","","","","","","",""
Julius,Cheung,Sr. Director of Software Engineering,EarthDaily,EarthDaily,julius.cheung@earthdaily.com,Verified,Apollo,Apollo,"","",2026-01-20T15:59:39+00:00,Director,"Engineering & Technical, Information Technology",mathildadanielsui0z@commeunpoissondanslevin.com,"","","",'+1 505-257-2109,"",Cold,sd,"",mathildadanielsui0z@commeunpoissondanslevin.com,240,aviation & aerospace,"space technology, analytics, earth observation, internet, imaging, geospatial analytics, ai, technology, space research & technology, ai analytics, satellite data for defense applications, predictive insights, satellite data acquisition, satellite constellation management, environmental monitoring, wildfire detection, patented technology, satellite data for environmental impact, high-resolution satellite data, satellite data security, data security, satellite data for biodiversity monitoring, earth monitoring solutions, defense & security, satellite imaging technology, satellite data for urban planning, operational efficiency, ai-powered insights, real-time monitoring, satellite data analytics tools, satellite data for carbon tracking, services, predictive analytics, satellite insar monitoring, resource exploration, data integration apis, b2b, consulting, satellite data for disaster response, satellite payload integration, enterprise data solutions, daily satellite data, predictive modeling, information technology and services, satellite payload technology, data science platform, renewable energy, analysis-ready satellite data, industry-specific insights, ai & machine learning, satellite data for land use change, real-time change detection, risk management, agriculture, government, satellite data for agriculture, satellite data for water management, insurance, data analytics, satellite data processing, satellite data delivery, satellite data for marine surveillance, global coverage, satellite data for deforestation tracking, satellite data for risk assessment, earth observation data, data processing platform, agriculture technology, high-resolution data, operational scalability, climate change monitoring, satellite launch services, scalable cloud infrastructure, remote sensing applications, satellite data for resource management, satellite data for drought monitoring, change detection, earth observation platform, satellite data for climate change, remote sensing, satellite constellation, remote sensing technology, sustainability, geospatial data management, satellite data visualization, surveying and mapping (except geophysical) services, satellite imagery, earth data analytics, geospatial intelligence, satellite-based wildfire detection, ai-driven geospatial analytics, agriculture monitoring, analysis-ready data, cloud data infrastructure, satellite data for infrastructure monitoring, data integration, data processing pipeline, ai-driven processing, risk mitigation, agriculture insights, climate change, geospatial data, natural resource management, custom analytics, data as a service, analytics as a service, scientific quality data, broad coverage, high revisit frequency, environmental sustainability, policy analysis, financial risk assessment, infrastructure planning, disaster management, biomass estimation, land use changes, agricultural optimization, oil and gas monitoring, marine situational awareness, geohazard prediction, urban heat mapping, thermal infrared, shortwave infrared, visible spectrum analysis, drought assessment, crop health monitoring, ecosystem modeling, ai integration, data refinement, image mosaicing, cloud services in gis, subsided land mapping, agricultural yield prediction, climate resilience solutions, custom processing services, historical data analysis, spatial data services, machine learning models, real-time analytics, ecosystem services assessment, saas, information technology & services, aviation & aerospace, computer & network security, enterprise software, enterprises, computer software, clean energy & technology, environmental services, renewables & environment",http://www.linkedin.com/in/julius-cheung-43378234,https://earthdaily.com,http://www.linkedin.com/company/earthdailyanalytics,https://facebook.com/DescartesLabs/,https://twitter.com/DescartesLabs,Vancouver,British Columbia,Canada,"1055 Canada Pl, Vancouver, British Columbia, Canada, V6C 0C3",Vancouver,British Columbia,Canada,'+1 505-257-2109,"Route 53, Amazon SES, Outlook, Microsoft Office 365, Amazon AWS, Gmail, Google Apps, WP Engine, Atlassian Cloud, React Redux, Mapbox, Hubspot, Slack, Grafana, React, The Trade Desk, Lever, DoubleClick, WordPress.org, DoubleClick Conversion, Mobile Friendly, Facebook Login (Connect), Google Font API, Facebook Custom Audiences, Google Tag Manager, Twitter Advertising, Facebook Widget, Google Dynamic Remarketing, Linkedin Marketing Solutions, Remote, AI, Reviews, Sailthru by Marigold, Microsoft Excel, NetSuite",37200000,221077800,Venture (Round not Specified),0,2025-07-01T00:00:00+00:00,"","",false,false,false,false,"",698214a0554c77000193877e,698214a0554c7700019387ab,"","","","","","","","",""
Len,Payne,Senior Director of Software Engineering,Radicle Health,Radicle Health,lpayne@radicle-health.com,Verified,Apollo,Apollo,"","",2026-02-03T15:30:41+00:00,Director,"Engineering & Technical, Information Technology",mathildadanielsui0z@commeunpoissondanslevin.com,"","","","","",Cold,sd,"",mathildadanielsui0z@commeunpoissondanslevin.com,120,information technology & services,"software development, child welfare software, behavioral health workflow, integrated care solutions, remote monitoring, client outcome tracking, child welfare case management, community support case management, healthcare analytics, social determinants of health analytics, healthcare claims processing, engineering services, data visualization, healthcare data exchange, mobile health solutions, behavioral health data, compliance reporting, mental health case management, api integration, behavioral health crisis management, healthcare, mental health software, claims processing software, social services case management, healthcare data analytics, food insecurity data management, child welfare data management, behavioral health care tools, real-time reporting, healthcare analytics tools, compliance management, social determinants of health, patient engagement, behavioral health case management, food bank management software, b2b, social services case analytics, data sharing, client communication, healthcare compliance software, behavioral health risk assessment, workflow automation, healthcare provider software, operational efficiency, data security, social determinants of health reporting, client support systems, ehr software, healthcare reporting tools, nonprofit software, behavioral health telehealth solutions, services, agency support tools, digital transformation, social care platform, healthcare automation, digital health solutions, mental health outcome tracking, cloud computing in health, outcomes measurement tools, case management, non-profit, agency workflow automation, food security program management, social services technology, digital case management, behavioral health data integration, behavioral health ehr, electronic health records, care management, behavioral health telehealth, community support software, care coordination platform, social services data sharing, telehealth integration, healthcare workflow solutions, healthcare software solutions, data analytics in health, agency efficiency tools, data management, automated billing, behavioral health compliance tools, social care data analytics, integrated care management, social services software, data security in health, community health outcome tracking, care coordination, healthcare interoperability, client communication platform, agency productivity tools, behavioral health management, mental health, agency operations software, behavioral health outcome improvement, behavioral health software, scalable health software, healthcare workflow, behavioral health care coordination, regulatory compliance, patient data management, social services client portal, child welfare outcome measurement, health data security, community health software, client engagement tools, patient portal, social services case tracking, outcomes measurement, food security management, community health data, social services data management, behavioral health data security, cloud-based health software, client outcome improvement, interoperability, behavioral health, healthcare security, data analytics, healthcare compliance, scalable health it, healthcare cloud solutions, mobile health apps, client interaction platform, healthcare technology, ehr, case management system, healthcare data integration, agency support solutions, client engagement in social services, healthcare it solutions, human services software, social services workflow automation, ehr solutions, client tracking, treatment planning, behavioral health technology, community support, social service software, workforce management, automated workflows, food insecurity solutions, poverty relief software, digital assistant for agencies, remote video conferencing, document management, saas for nonprofits, data-driven decision making, real-time inventory tracking, hipaa compliant solutions, software for child welfare, system automation, integrated technology, user-friendly interface, remote client engagement, claims processing, powerful reporting tools, software for mental health, nonprofit client management, fundraising software, evidence-based programming, cross-team collaboration, staff efficiency tools, administrative burden reduction, software for homeless services, service delivery improvement, impact measurement tools, complaint tracking, community empowerment, web-based case management, affordable software solutions, regulatory compliance tools, software for family services, intuitive ehr system, information technology & services, health care, health, wellness & fitness, hospital & health care, computer & network security, nonprofit organization management, health care information technology",http://www.linkedin.com/in/len-payne-sarnia,https://radicle-health.com,http://www.linkedin.com/company/radiclehealth,"","",Sarnia,Ontario,Canada,"Walnut Creek, California, United States",Walnut Creek,California,United States,"","Cloudflare DNS, Rackspace MailGun, Outlook, Microsoft Office 365, Zendesk, CloudFlare Hosting, Greenhouse.io, Slack, Typekit, WordPress.org, Mobile Friendly, Hubspot, Android, Deel, Remote, AI, Gong, Salesforce, Salesforce CPQ, Chili Piper","","","","","","","",false,false,false,false,"",698214a0554c77000193877f,698214a0554c7700019387ac,"","","","","","","","",""
Tristen,Georgiou,"Director, Software Engineering",Photonic Inc.,Photonic,tgeorgiou@photonic.com,Verified,Apollo,Apollo,"","",2026-01-07T20:21:31+00:00,Director,"Engineering & Technical, Information Technology",mathildadanielsui0z@commeunpoissondanslevin.com,"","",'+1 604-782-6734,'+1 804-337-2569,"",Cold,sd,"",mathildadanielsui0z@commeunpoissondanslevin.com,160,computer hardware,"computer hardware manufacturing, fault-tolerant quantum architecture, quantum hardware manufacturability, quantum industry collaboration, silicon-based quantum processors, quantum networking platforms, fiber-optic quantum networks, manufacturing, quantum hardware development, quantum research collaborations, quantum computing roadmap, fiber-based quantum communication, quantum system integration, high connectivity quantum architecture, high-fidelity quantum operations, silicon t centres, quantum error correction codes, silicon quantum chip fabrication, quantum module interconnects, quantum network scalability, distributed quantum networks, quantum communication networks, distributed quantum computing, quantum information processing, quantum network modules, silicon quantum chip manufacturing, quantum system efficiency, optically linked silicon qubits, transportation & logistics, distributed quantum computing architecture, quantum system design, quantum industry growth, quantum communication, silicon spin qubits, quantum hardware scalability, quantum networking infrastructure, b2b, modular quantum systems, research and development in the physical, engineering, and life sciences, information technology, quantum communication infrastructure, quantum module networking, quantum industry partnerships, silicon spin-photon interface, quantum system scalability, quantum error correction, education, t centres in silicon, scalable quantum error correction, distribution, fault-tolerant quantum networks, high-fidelity quantum transfer, finance, scalable quantum processors, quantum research and development, quantum network nodes, quantum error correction techniques, quantum hardware manufacturing, telecom photonic interface, scalable quantum modules, quantum technology investment, government, fault-tolerant quantum computing, telecom-band optical photons, distributed quantum computing clusters, quantum entanglement, telecom-band quantum communication, quantum fault tolerance, quantum communication over fiber, services, distributed entanglement in silicon, silicon quantum technology, t centre quantum bits, quantum network infrastructure, distributed entanglement, quantum computing industry, telecom fiber quantum links, silicon spin-photon qubits, distributed quantum clusters, quantum error correction performance, fault-tolerant quantum systems, quantum entanglement distribution, quantum module entanglement, digital marketing, quantum information transfer, distributed quantum modules, quantum computing, fault-tolerant computing, quantum networking, photonic interconnects, scalable quantum systems, quantum key distribution, telecom photons, quantum encryption, modular quantum computing, quantum internet, quantum technologies, photon-spin interface, quantum infrastructure, error correction codes, telecommunications networking, quantum algorithms, quantum data transfer, quantum memory, quantum modular architecture, publications on quantum technology, quantum computing breakthrough, quantum fidelity, networked quantum clusters, quantum research, quantum ecosystems, cloud quantum computing, silicon-based quantum systems, quantum scalability, quantum computing partnerships, quantum hardware, quantum computing demonstrations, quantum innovation, photonic quantum systems, advanced quantum research, quantum industry milestones, quantum commercialization, quantum stack, distributed systems, quantum protocols, quantum resource efficiency, quantum investment, quantum simulations, quantum applications, transportation_logistics, mechanical or industrial engineering, financial services, marketing & advertising",http://www.linkedin.com/in/tristen-georgiou,https://photonic.com,http://www.linkedin.com/company/teamphotonic,"",https://twitter.com/TeamPhotonic,Port Moody,British Columbia,Canada,"169 Golden Dr, Coquitlam, British Columbia, Canada, V3K 6T1",Coquitlam,British Columbia,Canada,'+1 804-337-2569,"EasyDNS, Outlook, WP Engine, Atlassian Cloud, Salesforce, Hubspot, Slack, Active Campaign, WordPress.org, YouTube, Google Font API, Google Tag Manager, Mobile Friendly, Remote, Electron, Umbel",77400000,108530000,Other,730000,2025-08-01T00:00:00+00:00,"","",false,false,false,false,"",698214098a21cb00019ee430,6982140a8a21cb00019ee45f,"","","","","","","","",""
Pierre-Luc,Turgeon,Director of Software Engineering,Dialogue,Dialogue,pierre-luc.turgeon@dialogue.co,Verified,Apollo,Apollo,"",Catch-all,2026-01-29T21:22:53+00:00,Director,"Engineering & Technical, Information Technology",mathildadanielsui0z@commeunpoissondanslevin.com,"","","","","",Cold,sd,"",mathildadanielsui0z@commeunpoissondanslevin.com,240,"health, wellness & fitness","healthcare, soins de sante, telemedicine, telemedecine, employee benefits, avantages sociaux, eap, pae, health & wellness, sante et bienetre, mental health, sante mentale, employee wellbeing, bienetre des employes, integrated health platform, platforme de sante integree, technology, health care information technology, mobile health, health care, health & human services, employee mental health support, virtual healthcare, virtual care technology, offices of physicians, employee wellness, virtual healthcare services, healthcare safety standards, healthcare analytics, well-being programs, digital health safety, healthcare interoperability, remote healthcare, virtual healthcare scalability, secure health data, virtual healthcare platform, virtual health innovation, employee assistance program, healthcare safety validation, healthcare safety compliance, healthcare safety accreditation, services, healthcare innovation, healthcare quality assurance, telemedicine platform, virtual health services, canada healthcare technology, virtual health management, virtual care, on-demand healthcare, information technology, healthcare user experience, health outcomes, healthcare safety assurance, patient engagement tools, digital health services, employee wellness programs, healthcare risk management, healthcare data security, mental health support, healthcare service delivery, digital health, virtual primary care, digital health safety standards, healthcare safety certification, health and wellness programs, healthcare accessibility canada, healthcare compliance tools, telehealth, healthcare safety, healthcare digital transformation, digital health platform, virtual care for organizations, healthcare safety monitoring, virtual healthcare accreditation, cloud-based healthcare, healthcare provider canada, healthcare platform, patient safety, healthcare accessibility, healthcare for organizations, d2c, scalable healthcare, accreditation canada, primary care, healthcare safety leadership, integrated health services, healthcare platform integration, healthcare management, healthcare technology, b2c, healthcare scalability, b2b, virtual health solutions, virtual health platform, employee health outcomes, healthcare safety protocols, digital health innovation, healthcare delivery technology, mental health services, wellness programs, cost savings calculator, well-being score, organizational well-being, cognitive behavioral therapy, icbt, clinical audits, health and wellness, humanized healthcare, absenteeism reduction, mental health awareness, single sign-on, digital health solutions, mental health resources, care coordination, patient engagement, proactive healthcare, self-help toolkits, stress management, crisis support, roi measurement, personalized care plans, multidisciplinary care team, online consultations, patient satisfaction, health insights, employee productivity, work-life balance, fast access to care, preventative health programs, healthcare integration, health screenings, health education programs, support services, smartphone health apps, real-time health tracking, health, wellness & fitness, hospital & health care, internet, information technology & services",http://www.linkedin.com/in/pierre-luc-turgeon-63019924,https://dialogue.co,http://www.linkedin.com/company/dialogue-md,https://facebook.com/godialogue,https://twitter.com/tictrac,Montreal,Quebec,Canada,"2200 Rue Stanley, Montreal, Quebec, Canada, H3A 1R6",Montreal,Quebec,Canada,"","Salesforce, Route 53, Amazon SES, Gmail, Google Apps, Microsoft Office 365, Zendesk, Amazon AWS, Outlook, Mailchimp Mandrill, MailChimp SPF, Stripe, Atlassian Cloud, StackAdapt, Sprig, Hubspot, Slack, CloudFlare, React Redux, Freshdesk, Bing Ads, Linkedin Marketing Solutions, Google Dynamic Remarketing, Facebook Login (Connect), Greenhouse.io, Intercom, Google Tag Manager, Google Font API, DoubleClick Conversion, Vimeo, Google Play, Mobile Friendly, Facebook Widget, WordPress.org, Google Analytics, BugHerd, Hotjar, Linkedin Widget, Facebook Custom Audiences, Linkedin Login, DoubleClick, Unbounce, Vidyard, New Relic, Cedexis Radar, Adobe Media Optimizer, Remote, AI, Temporal Cloud, React, React Native, Langchain, Claude, Python, Sourcepoint Dialogue, Coursera, dbt, Airflow, SQL, Kubernetes, Terraform, Google Cloud Machine Learning Engine, Snowflake, Zoomdata, TypeScript, Ant Design React",64211000,"","","","",Sun Life (sunlife.com),"",false,false,false,false,"",6982145fd00f7f0001171456,69821460d00f7f0001172052,"","","","","","","","",""
Mark,Kilfoil,Director of Software Engineering,Innovasea,Innovasea,mark.kilfoil@innovasea.com,Verified,Apollo,Apollo,"",Not Catch-all,2026-01-19T14:45:23+00:00,Director,"Engineering & Technical, Information Technology",mathildadanielsui0z@commeunpoissondanslevin.com,"","","",'+1 888-540-5554,"",Cold,sd,"",mathildadanielsui0z@commeunpoissondanslevin.com,330,fishery,"fisheries, aquaculture platform development, offshore aquaculture, aquaculture equipment manufacturing, end-to-end aquaculture solutions, aquaculture data analytics, supply chain management, aquatic monitoring, marine environment, acoustic fish tracking, marine ecology monitoring systems, marine fish tracking patents, environmentally focused technology, aquaculture innovation, fish tracking, aquatic research, aquaculture technology innovation, fish farm data analytics, aquaculture consulting, aquaculture environmental impact, fish tracking technology, offshore fish pens, advanced fish farm engineering, aquaculture platform engineering, marine ecosystem sustainability, aquaculture industry, fish research technology, services, image processing in aquaculture, aquaculture research, fish movement tracking, offshore aquaculture research tools, patented underwater acoustic sensors, fish farm management, marine ecosystem health monitoring, data analytics, deep-sea aquaculture technology, fish movement pattern analysis, aquaculture consulting services, patented aquaculture technology, sustainable seafood production, marine environment technology, offshore aquaculture platforms, patented acoustic tracking, regulatory compliance, aquaculture research and development, b2b, aquaculture services, fish farming systems, sustainable open-ocean aquaculture, fish monitoring systems, aquaculture technology solutions, offshore aquaculture sustainability, offshore fish farming, fish farm solutions, aquaculture data collection, fish movement analysis, aquaculture platform solutions, marine species research tools, ship and boat building, fish tracking systems, aquatic ecosystem management, aquaculture engineering, consulting, marine aquaculture, patented marine monitoring solutions, marine ecosystem data analytics, neural network fish analysis, fish containment, aquaculture data, offshore fish farm design, ocean farming, offshore fish farm technology, ocean farming platforms, deep ocean aquaculture platforms, aquaculture platforms, aquaculture technology, fish farm management systems, marine monitoring technology, aquaculture solutions, fish tracking patents, marine ecosystem monitoring, aquaculture research tools, fish movement detection systems, offshore platform design, aquatic species tracking technology, fish farm automation, aquaculture platform integration, image-based aquatic monitoring, environmental services, aquaculture equipment, marine technology, aquaculture environmental responsibility, fish movement detection, aquatic species research, fish monitoring, marine ecosystem, fish containment systems, aquaculture sustainability, fish tracking and monitoring patents, sustainable aquaculture practices, marine environment impact assessment, offshore aquaculture innovation, neural network analysis, sustainable seafood, advanced fish containment systems, fish farming equipment, marine species behavior analysis, fish farm monitoring systems, aquaculture environmental solutions, aquaculture, environmental monitoring, sustainable fishing, data collection, wildlife conservation, ocean ecosystem, activity sensing, fish behavior analysis, real-time monitoring, aquatic biodiversity, sensor technology, remote monitoring, automated tracking, fish farming solutions, marine research, habitat mapping, fisheries management, health assessment, tracking devices, water quality management, species identification, aquatic habitat, telemetry systems, analytics platforms, biological research, spatial data, community engagement, research methodologies, data visualization, resource management, ecological impact, fishing efficiency, breeding programs, aquatic automation, environmental assessment, technological innovation, wildlife tracking, mobile applications, oceanographic studies, integrated systems, demand forecasting, equipment optimization, stakeholder collaboration, fish conservation initiatives, fishery, logistics & supply chain, renewables & environment, information technology & services, mobile apps",http://www.linkedin.com/in/markkilfoil,https://innovasea.com,http://www.linkedin.com/company/innovasea,"",https://twitter.com/Innovasea,"",Nova Scotia,Canada,"266 Summer St, Boston, Massachusetts, United States, 02210",Boston,Massachusetts,United States,'+1 888-540-5554,"Salesforce, Route 53, Mailchimp Mandrill, Outlook, Pardot, Microsoft Office 365, Cloudflare DNS, CloudFlare Hosting, Amazon AWS, VueJS, Pantheon, Grafana, Flywheel, Atlassian Cloud, Salesforce Service Cloud, BambooHR, Slack, Nginx, Shutterstock, Mobile Friendly, Google Dynamic Remarketing, New Relic, WordPress.org, DoubleClick, Vimeo, Varnish, Google Tag Manager, DoubleClick Conversion, Google AdWords Conversion, Google Analytics, YouTube, IoT, Remote, AI, SYSPRO, Emburse",10000000,22200000,Other,7000000,2023-04-01T00:00:00+00:00,"","",false,false,false,false,"",698214a0554c770001938772,698214a0554c7700019387a0,"","","","","","","","",""
Robert,Plavins,Senior Director of Software Engineering,Broadridge Financial Services,Broadridge Financial Services,robert.plavins@broadridge.com,Verified,Apollo,Apollo,"",Catch-all,2026-02-03T15:30:41+00:00,Director,"Engineering & Technical, Information Technology",mathildadanielsui0z@commeunpoissondanslevin.com,"","","","","",Cold,sd,"",mathildadanielsui0z@commeunpoissondanslevin.com,260,financial services,"communications, technology, data, analytics, finance, operations optimization, capital markets, banking, brokerdealer, wealth management, consumer markets, asset management, corporate issuer, customer engagement, customer experience, advisor tools, financial reporting, agent solutions, compliance & risk management, innovation & insights, shareholder management, information technology & services, financial services, investment management",http://www.linkedin.com/in/robert-plavins-39465029a,https://broadridge.com,http://www.linkedin.com/company/broadridge-financial-services-inc.,"","",Richmond Hill,Ontario,Canada,"New York, New York, United States",New York,New York,United States,"","","","","","","","","",false,false,false,false,"",698214a0554c770001938779,698214a0554c7700019387a6,"","","","","","","","",""
Ryan,Vaziri,"Senior Director, Software Engineering",Upshop,Upshop,ryan.vaziri@upshop.com,Verified,Apollo,Apollo,"","",2026-01-19T15:25:48+00:00,Director,"Engineering & Technical, Information Technology",mathildadanielsui0z@commeunpoissondanslevin.com,"","","",'+1 813-849-1818,"",Cold,sd,"",mathildadanielsui0z@commeunpoissondanslevin.com,200,information technology & services,"fresh item management, production planning, inventory intelligence, ai forecasting, food waste, store operations, instore technology, fresh grocery operations, ingredient ordering, kitchen management, ecommerce fulfillment, center store, fresh ordering, grocery, convenience stores, shrink management, store inventory, employee usability, recipe management, inventory management, food traceability, software development, retail technology, data analytics, retail, total store management, store data synchronization, store operations integration, ai-driven insights, omnichannel order management, waste management, supply chain management, forecasting and replenishment, store inventory forecasting, store data flow, store execution tools, retail store operations, saas platform, enterprise saas, retail analytics, store management saas, workflow automation, b2b, store performance analytics, store compliance automation, store workforce management, customer engagement, store task alerts, e-commerce, store operations software, technology, store waste reduction tools, omnichannel retailing, ecommerce integration, store task automation, task management, operational efficiency, store productivity, real-time alerts, compliance management, inventory and supply chain, distribution, digital transformation, food & beverage, services, cloud-based software, store process automation, inventory optimization, store labor efficiency, store compliance, predictive analytics for grocery, store process optimization, computer systems design and related services, waste reduction, sales increase, store visibility, ai-driven inventory management, fresh operations, order management, merchandising optimization, dsd receiving, dsd ordering, label printing, expiry date management, temperature monitoring, markdown optimization, total store operations, end-to-end visibility, labor management, sustainability initiatives, food safety compliance, automated ordering, demand forecasting, custom orders, seamless fulfillment, omnichannel shopper experience, inventory visibility, waste prevention ecosystem, sales lift, shrink reduction, cross-enterprise order visibility, micro fulfillment centers, dark store optimization, digital recipe management, actionable insights, real-time updates, customer communication, integration with erp, smart inventory replenishment, omnichannel inventory management, profitability enhancement, operational challenges solutions, streamlined workflow execution, consumer products & retail, transportation & logistics, information technology & services, enterprise software, enterprises, computer software, logistics & supply chain, consumer internet, consumers, internet, productivity, consumer goods",http://www.linkedin.com/in/ryanvaziri,https://upshop.com,http://www.linkedin.com/company/upshopretail,https://facebook.com/UpshopExperience/,https://twitter.com/upshopretail,Mississauga,Ontario,Canada,"7001 Burnet Rd, Austin, Texas, United States, 78757-2210",Austin,Texas,United States,'+1 813-849-1818,"DNS Made Easy, Mailchimp Mandrill, Outlook, Microsoft Office 365, Zendesk, Amazon AWS, MailChimp SPF, Google Cloud Hosting, Pardot, Slack, Salesforce, Hubspot, Hotjar, Gravity Forms, AdRoll, YouTube, Shutterstock, Google Tag Manager, Greenhouse.io, WordPress.org, LeadForensics, Bing Ads, DoubleClick, Mobile Friendly, DoubleClick Conversion, Google Analytics, Google Dynamic Remarketing, Nginx, Linkedin Marketing Solutions, Cision, Facebook Custom Audiences, Facebook Widget, CrazyEgg, Facebook Login (Connect), Remote, AI, Android, Node.js, IoT, Toast, Lightspeed, QuickBooks, Circle, Data Analytics, React Native, Microsoft Azure Monitor, Terraform, Datadog, Prometheus, Grafana, ELK Stack, Cypress, WebDriverIO, Karate Labs, Javascript, TypeScript, Jira, C#, React, PHP, GitHub, Azure Devops, UPS, NTENT",34000000,1090000,Merger / Acquisition,0,2023-10-01T00:00:00+00:00,"","",false,false,false,false,"",698214a0554c770001938782,698214a0554c7700019387af,"","","","","","","","",""
Zoltan,Szatmary-Ban,Director of Software Engineering,Higharc,Higharc,zoltanszatmaryban@higharc.com,Verified,Apollo,Apollo,"",Not Catch-all,2026-01-26T03:39:31+00:00,Director,"Engineering & Technical, Information Technology",mathildadanielsui0z@commeunpoissondanslevin.com,"","",'+1 519-573-9713,'+1 650-542-6175,"",Cold,sd,"",mathildadanielsui0z@commeunpoissondanslevin.com,170,information technology & services,"architecture, design, construction, construction tech, generative design, software development, 3d sales tools, home design customization, real-time home visualization, digital marketing collateral, project automation, homebuilding cloud platform, home design software, lot-specific construction docs, generative design automation, aws cloud technology, product development, generative design for homes, software, automated construction documents, homebuilder project speed, homebuilder data synchronization, digital home design, home visualization, digital home sales experience, construction process automation, homebuilder efficiency, configurable home plans, b2c, homebuilder sales enhancement, permit-ready cad docs, homebuilder digital transformation, homebuilder data engine, real-time estimating, b2b, connected cloud platform, centralized data management, home sales tools, homebuilder project tracking, visualization and rendering, automated home plans, homebuilding process optimization, digital twin technology, homebuilder workflow automation, cloud infrastructure for homebuilding, cloud-based project management, homebuilder scalability, automated material takeoffs, homebuilder customer experience, automated project estimates, automated project planning, homebuilding process automation, d2c, automated estimating, supply chain management, homebuilder analytics, digital homebuilding, homebuilding process integration, construction process digitization, lot-specific plans, homebuyer experience, homebuilder collaboration tools, workflow automation, homebuilder market acceleration, virtual home walkthroughs, homebuilder collaboration, homebuilder automation solutions, homebuilder project management, homebuilder data security, cloud homebuilding, homebuilding software integration, homebuilding industry software, user experience, lot-specific construction plans, homebuilder growth tools, cloud-based homebuilding software, homebuilding workflow, services, real-time data synchronization, digital transformation, homebuilder cost reduction, interactive 3d configurator, homebuilder process improvement, homebuilder operational efficiency, homebuilder time savings, data-driven home design, residential building construction, construction documentation, homebuilding process digitalization, virtual walkthroughs, homebuilder productivity, cloud platform for homebuilders, homebuilding cloud, ai capabilities, 3d visualization, construction drawings, web-based customization, design automation, building communities, centralized pricing management, interactive showroom, client customization, real-time updates, photorealistic rendering, automatic takeoffs, sales and marketing integration, intelligent building models, virtual site walkthroughs, standardization, data synchronization, connected platform, document management, rapid home design, efficient approvals, enhanced collaboration, dynamic pricing, interactive 3d tools, construction efficiency, accurate cad drafting, online home configurator, building information modeling, buyer engagement, tender management, cost management software, smart home plans, community management software, customization software, construction automation, home design innovation, cloud-based solutions, estimating software, architectural automation, integrated homebuilding, e-commerce, education, distribution, information technology & services, logistics & supply chain, ux, consumer internet, consumers, internet",http://www.linkedin.com/in/zoltan-szatmary-ban-973baa45,https://higharc.com,http://www.linkedin.com/company/higharc,https://www.facebook.com/higharchomes/,https://twitter.com/higharchomes,Waterloo,Ontario,Canada,"619 Broad St, Durham, North Carolina, United States, 27705-4832",Durham,North Carolina,United States,'+1 650-542-6175,"Cloudflare DNS, Route 53, Gmail, Google Apps, Vercel, Webflow, Greenhouse.io, Marketo, Hubspot, Slack, Linkedin Marketing Solutions, Google Analytics, Facebook Login (Connect), Facebook Widget, YouTube, Google Tag Manager, DoubleClick Conversion, DoubleClick, Facebook Custom Audiences, Mobile Friendly, Vimeo, Google Dynamic Remarketing, Android, Remote, AI, TypeScript, React, Redux, Next.js, Node.js, PostgreSQL, Repl.it, AutoCAD, Revit",3100000,80000000,Series B,53000000,2024-02-01T00:00:00+00:00,"","",false,false,false,false,"",698214098a21cb00019ee42b,6982140a8a21cb00019ee45a,"","","","","","","","",""
Liam,Whelan,Director of Software Engineering,RAZR,RAZR,liam.whelan@razrhq.com,Verified,Apollo,Apollo,"","",2026-02-03T14:38:18+00:00,Director,"Engineering & Technical, Information Technology",mathildadanielsui0z@commeunpoissondanslevin.com,"","","",'+1 763-404-6100,'+1 604-817-3409,Cold,sd,"",mathildadanielsui0z@commeunpoissondanslevin.com,120,information technology & services,"strategic consulting, digital design, technology, engagement technology, communications strategy, branding, content development, loyalty planning, design, partnership marketing, journey development, healthcare expertise, behavioral science, fintech, marketing, ecommerce, financial technology, technology, information & media, saas platform, operational efficiency, client integration, customer retention, program scalability, multi-product rewards, customer acquisition, program customization, behavior change, campaign management, automation, user experience, analytics and reporting, customer segmentation, reward catalog, enterprise loyalty, behavioral insights, management consulting services, real-time data, loyalty, security and compliance, rules engine, api integration, security protocols, engagement, marketing automation, b2b, digital gifting platform, continuous platform updates, transaction scoring, reward management, security measures, reward redemption analytics, loyalty platform, digital rewards, behavioral science integration, digital gifting, behavior change strategies, personalization, retail, analytics, customer experience optimization, data analytics, customer loyalty solutions, customer experience, customer journey mapping, loyalty program design, rewards, multi-channel engagement, holistic engagement strategies, financial services, client-specific customization, data management, customer activation, services, customer engagement, analytics and insights, customer journey, mobile engagement, saas rewards platform, digital marketing, data-driven marketing, e-commerce, program automation, enterprise loyalty solutions, program management, continuous improvement, healthcare, consulting, saas, finance, consumer products & retail, management consulting, finance technology, information technology & services, consumer internet, consumers, internet, ux, marketing & advertising, computer software, enterprise software, enterprises, health care, health, wellness & fitness, hospital & health care",http://www.linkedin.com/in/liam-whelan-06688550,https://razrhq.com,http://www.linkedin.com/company/razr-marketing,https://facebook.com/RAZRhq/?fref=ts,https://twitter.com/RAZR_Marketing,Vancouver,British Columbia,Canada,"Wayzata Blvd, Minneapolis, Minnesota, United States, 55403",Minneapolis,Minnesota,United States,'+1 763-404-6100,"Cloudflare DNS, Outlook, Microsoft Office 365, CloudFlare Hosting, Google Cloud Hosting, Route 53, Amazon AWS, WP Engine, Hubspot, Slack, YouTube, Mobile Friendly, Google Tag Manager, WordPress.org, Nginx, Render, AI, Node.js, Android, IoT, Remote, React Native, Docker, Laravel",27000000,"","","","","","",false,false,false,false,"",698214098a21cb00019ee424,6982140a8a21cb00019ee454,"","","","","","","","",""
David,O'Connell,Director of Software Engineering,AltaML,AltaML,dave.oconnell@altaml.com,Verified,Apollo,Apollo,"",Not Catch-all,2026-02-03T15:28:25+00:00,Director,"Engineering & Technical, Information Technology",mathildadanielsui0z@commeunpoissondanslevin.com,"","",'+1 587-341-3316,'+1 403-880-7040,"",Cold,sd,"",mathildadanielsui0z@commeunpoissondanslevin.com,130,information technology & services,"machine learning, natural language processing, artificial intelligence, product development, software, generative artificial intelligence, generative ai, ai, software development, ai model monitoring, ai for finance, bias in ai models, ai model maintenance, roi, ethical ai, venture capital, healthcare, risk management, bias in ai datasets, innovation, ai bias mitigation tools, ai services, ai in energy, bias mitigation techniques, bias mitigation in deployment, ai venture builder, responsible ai, ai projects, ai continuous learning, ai risk assessment, ai for predictive maintenance, bias assessment tools, ai risk mitigation, ai deployment, bias transparency, ai automation, customer experience, bias mitigation frameworks, ai ethics and fairness, predictive maintenance, bias reduction in data, ai solutions, ai consulting, energy and utilities, information technology and services, ai transformation, ai for risk management, talent acquisition, responsible ai practices, machine learning lifecycle, ai bias reduction, ai for public sector, process optimization, ai in logistics, ai feasibility assessment, ai for operational efficiency, operational efficiency, ai innovation, ai decision support, ai strategy, digital transformation, ai enterprise solutions, bias correction in ml, ai ethics, consulting, bias-sensitive ai, ai fairness metrics, bias detection in ml, ai research, application development, ai data analytics, supply chain, ai scalability, bias reduction strategies, manufacturing, ai collaboration, bias mitigation pipelines, sustainability, ai lab, ai bias mitigation, business intelligence, ai for utilities, ai application development, ai in utilities, ai for supply chain, bias detection algorithms, predictive analytics, ai bias explanation, ai for sustainability, ai ecosystem partnerships, ai in government, project management, customer engagement, ai in manufacturing, ai in finance, open-source bias tools, portfolio management, public sector, ai for healthcare, ai in public sector, ai in healthcare, financial services, ai workshops, bias-aware ai, ai talent upskilling, ai data sourcing, computer systems design and related services, ai industry applications, government, ai ethics frameworks, ai model evolution, b2b, automation, agriculture, energy, ai optimization, ai project pilot, ai model explainability, ml lifecycle support, services, ai deployment roadmap, ai in agriculture, ai transparency tools, ai adoption, data analysis, energy optimization, cost savings, risk mitigation, decision support, data-driven insights, feasibility assessment, collaborative innovation, expert consultations, workshop facilitation, data governance, bias mitigation, operationalization, use case identification, performance monitoring, training sessions, cross-functional collaboration, investment strategies, return on investment, upskilling, technical feasibility, process automation, advanced analytics, data visualization, open-source toolkits, impact measurement, value realization, catalog of opportunities, business transformation, industry solutions, evolution of technology, finance, transportation & logistics, energy & utilities, information technology & services, health care, health, wellness & fitness, hospital & health care, app development, apps, mechanical or industrial engineering, environmental services, renewables & environment, analytics, enterprise software, enterprises, computer software, productivity, data analytics",http://www.linkedin.com/in/david-o-connell-30204727,https://altaml.com,http://www.linkedin.com/company/altaml,https://facebook.com/AltaML/,https://twitter.com/altaml_com?lang=en,Saint Albert,Alberta,Canada,"10130 103 St NW, Edmonton, Alberta, Canada, T5J 3N9",Edmonton,Alberta,Canada,'+1 403-880-7040,"Cloudflare DNS, Amazon SES, Gmail, Google Apps, MailChimp SPF, Microsoft Office 365, Kubernetes, React, Slack, Hubspot, Active Campaign, Remote, AI, Tailwind, TypeScript, Microsoft Azure Monitor, Amazon Web Services (AWS), Google Cloud Platform, Snowflake, Prefect, Python, React Native, Nginx, Kotlin, AWS SDK for JavaScript, SWIFT, Objective-C, Javascript, Git",18300000,8140000,Other,1890000,2022-04-01T00:00:00+00:00,"","",false,false,false,false,"",698214098a21cb00019ee42e,6982140a8a21cb00019ee45d,"","","","","","","","",""
Grant,Lucas,Director of Software Engineering,HostPapa,HostPapa,grant@hostpapa.com,Verified,Apollo,Apollo,"",Catch-all,2026-01-13T13:46:18+00:00,Director,"Engineering & Technical, Information Technology",mathildadanielsui0z@commeunpoissondanslevin.com,"","","",'+1 905-315-3455,"",Cold,sd,"",mathildadanielsui0z@commeunpoissondanslevin.com,300,information technology & services,"web hosting, green hosting, reseller hosting, vps hosting, website builder, technology, google apps, mobile websites, automated website backup, eshops, ecommerce solutions, ssl certificates, cloudflare, wordpress hosting, email marketing software, email solutions, it services & it consulting, green data centers, automated website backups, website performance tools, ecommerce tools, content caching, advanced infrastructure, ssl encryption, website security, graphic design, global presence, multilingual support, security protocols, e-commerce, cloud infrastructure management, website performance monitoring, performance optimization, user-friendly control panel, server monitoring, email hosting, website uptime guarantee, website hosting support, cloud cdn, website traffic analytics, ddos protection, website performance, 24/7 support, small business hosting, multilingual customer support, information technology and services, reseller hosting platform, customer support, website hosting in canada, ecommerce hosting solutions, web hosting services, website speed optimization, digital marketing, website load speed enhancement, search engine optimization, content delivery network (cdn), performance, website transfer services, website backup, smb hosting solutions, website hosting for small business, security features, cloud scalability solutions, cloud computing, automated malware scanning, canadian web hosting, scalable hosting, website management tools, content delivery network, automated backups, small business services, enterprise-grade security, data center, website security seal, website security compliance, website analytics and reporting, website security suite, customer satisfaction, website management, website hosting in multiple countries, managed wordpress hosting, managed wordpress, cloud hosting, website security monitoring, dedicated ip, online presence, website hosting solutions, website load speed, domain registration, project management, reliable uptime, website traffic management, cloud infrastructure, cloud scalability, customer support in multiple languages, website migration, website hosting for startups, data safety, computer systems design and related services, website analytics, website management dashboard, b2b, website migration support, cloud hosting for smbs, ssl certificate management, website security and firewall, cloud services, international hosting, services, website security and malware protection, marketing services, ddos attack mitigation, business email, google workspace, microsoft 365, site migration, 24/7 customer support, cpanel, ecommerce hosting, cloudflare integration, traffic management, database management, ftp access, softaculous, malware scanning, real-time monitoring, root access, shared hosting, email forwarding, spam protection, online store solutions, unlimited bandwidth, ssd storage, digital marketing tools, theme customization, user-friendly interface, site performance, hosting plans, social media integration, knowledge base, video tutorials, consumer products & retail, information technology & services, consumer internet, consumers, internet, marketing & advertising, seo, search marketing, marketing, enterprise software, enterprises, computer software, internet service providers, productivity, internet infrastructure",http://www.linkedin.com/in/grantlucas,https://hostpapa.ca,http://www.linkedin.com/company/hostpapa,https://facebook.com/HostPapa,https://twitter.com/hostpapa,Hamilton,Ontario,Canada,"5063 N Service Rd, Burlington, Ontario, Canada, L7L 5H6",Burlington,Ontario,Canada,'+1 905-315-3455,"Cloudflare DNS, Mailchimp Mandrill, Gmail, Google Apps, CloudFlare Hosting, Segment.io, Amplitude, SendInBlue, InvestCloud Blue",42600000,130000000,Debt Financing,130000000,2025-06-01T00:00:00+00:00,HostLabs by HostPapa (hostpapa.com),"",false,false,false,false,"",6982145fd00f7f0001171449,69821460d00f7f0001172045,"","","","","","","","",""
Zian,Zhou,"Director of Software Engineering, Toronto",Laserfiche,Laserfiche,zian.zhou@laserfiche.com,Verified,Apollo,Apollo,"",Catch-all,2026-01-26T16:52:12+00:00,Director,"Engineering & Technical, Information Technology",mathildadanielsui0z@commeunpoissondanslevin.com,"","","",'+1 800-985-8533,"",Cold,sd,"",mathildadanielsui0z@commeunpoissondanslevin.com,420,information technology & services,"enterprise content management software, document management, records management, business process management, electronic forms, process automation, workflow, case management, enterprise software, software, information technology, software development, artificial intelligence, enterprise content management, content analytics dashboards, content security, data security, e-learning, cloud ecm, manufacturing, content collaboration, content management system, government, enterprise search, process optimization, compliance, content security controls, content analytics, ai-powered content management, on-premises ecm, healthcare, services, document capture, content integration, content lifecycle automation, legal & compliance, content governance, ecm, workflow automation, digital forms automation, content compliance, financial services, content lifecycle management, automated document classification, non-profit, content management, ai-driven content management, logistics, user experience, ai content capture, b2b, low-code automation, higher education, construction & real estate, consulting, education, business process automation, cloud content management, content capture, computer systems design and related services, digital transformation, regulatory compliance, content lifecycle, intelligent data capture, information governance, cloud-based solutions, document collaboration, ai document summarization, customer service automation, hr automation, invoice processing, contract management, employee onboarding, low code automation, integration tools, metadata management, compliance management, business continuity, smart invoice capture, training resources, developer center, customer support, content digitization, data privacy, prebuilt workflow templates, robust analytics, centralized document repository, audit trail, granular user controls, scalable solutions, organizational efficiency, prebuilt solution marketplace, content categorization, collaboration tools, project management automation, machine learning applications, flexible apis, data governance standards, finance, legal, distribution, transportation & logistics, energy & utilities, information technology & services, enterprises, computer software, computer & network security, internet, education management, mechanical or industrial engineering, health care, health, wellness & fitness, hospital & health care, nonprofit organization management, ux",http://www.linkedin.com/in/zian-zhou-03093822,https://laserfiche.com,http://www.linkedin.com/company/laserfiche,https://www.facebook.com/laserfiche,https://twitter.com/laserfiche,Toronto,Ontario,Canada,"3443 Long Beach Blvd, Long Beach, California, United States, 90807-4432",Long Beach,California,United States,'+1 800-985-8533,"Salesforce, Route 53, Amazon SES, Outlook, Pardot, Zendesk, VueJS, Atlassian Cloud, OneTrust, React Redux, Figma, Slack, Google Tag Manager, DoubleClick Conversion, AdRoll, The Trade Desk, Varnish, Amadesa, Cvent, LiveChat, ON24, Google Dynamic Remarketing, Linkedin Marketing Solutions, Walkme, New Relic, WordPress.org, CrazyEgg, Bing Ads, Cedexis Radar, Typekit, Mobile Friendly, Google Analytics, Gravity Forms, Adobe Media Optimizer, Cornerstone On Demand, Wistia, Bootstrap Framework, DoubleClick, Vimeo, AI, Taleo Applicant Tracking Systems (ATS), Laserfiche",60000000,"","","","","","",false,false,false,false,"",698214a0554c770001938781,698214a0554c7700019387ae,"","","","","","","","",""
Ryley,Keegan,Director of Software & Machine Learning,Greenfoot Energy Solutions,Greenfoot Energy Solutions,ryley@greenfootenergy.ca,Verified,Apollo,Apollo,"",Not Catch-all,2026-01-19T20:15:07+00:00,Director,Engineering & Technical,mathildadanielsui0z@commeunpoissondanslevin.com,"","","",'+1 800-380-9384,"",Cold,sd,"",mathildadanielsui0z@commeunpoissondanslevin.com,240,construction,"energy efficiency, hvac, insulation, spray foam, heat pumps, ventilation, red seal, service, maintenance, solar, heat pump hot water heater, minisplits, central heat pumps, dual fuel systems, customer satisfaction, unbiased advice, home improvement, energy & utilities, hvac installation, b2c, services, sustainable energy, certified hvac technicians, heat recovery ventilators, spray foam insulation, geothermal heat pumps, energy consulting, building science knowledge, consulting, heat load calculations, energy recovery ventilators, maintenance packages, unbiased energy advice, air conditioning, full suite insulation solutions, energy assessments, hvac system design, carbon footprint reduction, aesthetic system options, renewable energy, certified red seal electricians, hvac services, construction & real estate, plumbing, heating, and air-conditioning contractors, lifetime client relationships, mini-split heat pumps, home energy solutions, full range of home upgrades, home energy makeover, ventilation systems, ducted central heat pumps, environmental services, renewables & environment, clean energy & technology",http://www.linkedin.com/in/ryley-keegan,https://greenfootenergy.ca,http://www.linkedin.com/company/greenfoot-energy-solutions,https://www.facebook.com/greenfootenergy/,"",Windsor,Ontario,Canada,"Moncton, New Brunswick, Canada",Moncton,New Brunswick,Canada,'+1 800-380-9384,"Cloudflare DNS, Sendgrid, Gmail, Google Apps, Microsoft Office 365, Zendesk, CloudFlare Hosting, Rackspace Email, Webflow, Google Tag Manager, Google Analytics, Google Dynamic Remarketing, Google AdWords Conversion, Google Remarketing, Facebook Login (Connect), Vimeo, Mobile Friendly, Facebook Widget, DoubleClick, Google Maps, reCAPTCHA, YouTube, Facebook Custom Audiences, CallRail, Google AdSense, Google Font API, CrazyEgg, Bing Ads, Google Maps (Non Paid Users), DoubleClick Conversion, Hotjar, Remote, Circle, Reviews, Data Storage, Docker",150000000,"","","","","","",false,false,false,false,"",698214c808ff670011f30077,698214c808ff670011f30084,"","","","","","","","",""
Thomas,Joseph,Director Software Engineering,Robotic Assistance Devices,Robotic Assistance Devices,thomas.j@radskunkworks.com,Verified,Apollo,Apollo,"","",2026-01-12T20:18:13+00:00,Director,"Engineering & Technical, Information Technology",mathildadanielsui0z@commeunpoissondanslevin.com,"","","",'+1 877-787-6268,'+1 519-222-6273,Cold,sd,"",mathildadanielsui0z@commeunpoissondanslevin.com,120,public safety,"autonomous security, force multiplication, artificial intelligence, mobile robotics, stationary robotics, agentic ai, physical security, security technology, access control, video surveillance, security trailer, off grid security, pids, perimeter intrusion detection, security analytics, ai analytics, video management systems, software development, surveillance automation, security patrol automation, ai security for critical infrastructure, security data management, ai-based security, ai-powered surveillance, manufacturing, patrol robots, facility management, ai security for healthcare facilities, ai threat response, ai security for transportation hubs, government, autonomous patrol robot, security and protective services, security device management, information technology and services, robotic security devices, ai security for retail, security device control, services, security incident management, predictive analytics, remote monitoring systems, security system scalability, ai security robots, firearm detection ai, security automation, ai analytics software, autonomous security robots, b2b, security technology solutions, security system integration, humanoid security robot, ai security for construction sites, security automation software, security robot devices, security device deployment, healthcare, robotic security services, construction, surveillance ai analytics, computer systems design and related services, security management software, ai threat detection, autonomous security solutions, ai-driven access control, ai security for public venues, access control ai, transportation & logistics, construction & real estate, information technology & services, mechanical or industrial engineering, enterprise software, enterprises, computer software, health care, health, wellness & fitness, hospital & health care",http://www.linkedin.com/in/thomas-kutty-joseph-3a212a7,https://radsecurity.com,http://www.linkedin.com/company/robotic-assistance-devices-rad,https://www.facebook.com/RoboticAssistanceDevicesInc,https://twitter.com/AITXRAD,Mitchell,Ontario,Canada,"10800 Galaxie Ave, Ferndale, Michigan, United States, 48220-2132",Ferndale,Michigan,United States,'+1 877-787-6268,"Cloudflare DNS, Outlook, Microsoft Office 365, SMTP.com, Microsoft Azure, Hubspot, Slack, WordPress.org, Visual Visitor, Mobile Friendly, Google Tag Manager, StatCounter, reCAPTCHA, Google Analytics, Android, Remote, AI, React, Angular, VueJS, Node.js, Python, AWS SDK for JavaScript, Axios International, ebs, Salesforce CRM Analytics",1200000,"","","","",On The Move Systems Corp (onthemovesystems.com),"",false,false,false,false,"",698214098a21cb00019ee423,6982140a8a21cb00019ee453,"","","","","","","","",""
Jason,Selby,Director of Software Engineering,Xanadu,Xanadu,jason.selby@xanadu.ai,Verified,Apollo,Apollo,"",Not Catch-all,2026-02-03T15:29:40+00:00,Director,"Engineering & Technical, Information Technology",mathildadanielsui0z@commeunpoissondanslevin.com,"","","","","",Cold,sd,"",mathildadanielsui0z@commeunpoissondanslevin.com,320,computer hardware,"quantum computing, artificial intelligence, machine learning, deep learning, cloud computing, quantum simulations, quantum algorithms, big data, software, hardware, enterprise software, information technology, deep information technology, computer hardware manufacturing, quantum hardware scalability, photonic quantum hardware, quantum hardware facilities, b2b, software development, quantum software, photonic quantum technology, data security, it consulting, pennylane library, modular quantum architecture, quantum software community, quantum applications, quantum cloud access, customer relationship management, workflow automation, fault-tolerant quantum hardware, lead generation, quantum technology, quantum hardware and software integration, energy, quantum development, network security, quantum software libraries, quantum enterprise solutions, silicon photonics, quantum cloud services, predictive analytics, affiliate marketing, quantum hardware manufacturing facilities, innovation, quantum industry, scalable quantum architecture, open-source quantum software, fault-tolerant silicon photonics, quantum hardware design, quantum optimization, quantum application development, quantum research, quantum software tools, fault-tolerant quantum systems, cloud-based quantum computing, digital marketing, quantum systems, quantum software library, fault-tolerant quantum computers, project management, quantum innovation, quantum funding rounds, quantum simulators, digital transformation, quantum processors, advanced photonic packaging, quantum hardware packaging, web development, services, business intelligence, data management, research and development in the physical, engineering, and life sciences, aurora quantum computer, quantum simulation, search engine optimization, quantum materials science, silicon photonics technology, research and development, quantum industry partnerships, pharmaceuticals, open-source quantum tools, pennylane, quantum cloud experimentation, quantum hardware collaboration, scalable fault-tolerant quantum systems, quantum machine learning, government, photonic quantum processors, quantum software development, crm software, quantum research collaborations, quantum computing access, quantum hardware manufacturing, quantum funding, quantum collaboration, quantum cloud platform, data analysis, data visualization, api integration, saas solutions, algorithm development, social media analytics, user experience design, mobile applications, collaborative tools, platform integration, e-commerce solutions, content management systems, data storage, performance metrics, business automation, custom software solutions, technical support, financial analytics, reporting tools, data mining, database management, user interface design, devops practices, cloud storage solutions, data compliance, manufacturing, information technology & services, enterprises, computer software, computer & network security, management consulting, crm, sales, marketing & advertising, productivity, analytics, seo, search marketing, marketing, research & development, medical, data analytics, mobile apps, consumer internet, consumers, internet, mechanical or industrial engineering",http://www.linkedin.com/in/jason-selby-219321101,https://xanadu.ai,http://www.linkedin.com/company/xanaduai,https://facebook.com/XanaduAI/,https://twitter.com/xanaduai,Waterloo,Ontario,Canada,"10 Dundas Street East, Toronto, Ontario, Canada, M5B 0A1",Toronto,Ontario,Canada,"","Route 53, Amazon SES, Gmail, Google Apps, Microsoft Office 365, Amazon AWS, Mobile Friendly, Google Tag Manager, Remote, AI, NetSuite, SNS, Tor, Electron, React, Next.js, GraphQL, Python, PostgreSQL, GitHub Actions",123400000,246580000,Other,730000,2025-08-01T00:00:00+00:00,"","",false,false,false,false,"",6982145fd00f7f0001171458,69821460d00f7f0001172054,"","","","","","","","",""
Ispanji,Pratama,Director of Software Engineering - Infrastructure Operations,AccelByte,AccelByte,panji@accelbyte.io,Verified,Apollo,Apollo,"",Not Catch-all,2026-01-08T12:28:51+00:00,Director,"Engineering & Technical, Information Technology, Operations",mathildadanielsui0z@commeunpoissondanslevin.com,"","","",'+1 206-817-6626,"",Cold,sd,"",mathildadanielsui0z@commeunpoissondanslevin.com,360,information technology & services,"online game features, game publishing, cloud technology, publishing platform, game backend, crossplatform technology, game server, game as a service, backend as a service, platform as a service, backend infrastructure, game development, game consultation, multiplayer backend, game matchmaking, game server management, player account, game progression, crossplatform game, live game services, software development, in-game store integration, player engagement automation, support for major platforms, services, microservices architecture, social features for games, game monetization analytics, support for mobile games, support for indie game backend, support for competitive gaming, support for game content distribution, game security and privacy, video game development, microservices deployment, multi-platform account linking, game scalability solutions, game live monitoring tools, game content customization, b2b, game community management, support for live service games, game live ops automation, computer systems design and related services, cross-platform multiplayer, game server load balancing, support for pc games, game telemetry analytics, support for global markets, game monetization support, partnership with leading publishers, support for mobile cross-platform, player behavior analytics, real-time game monitoring, remote-first organization, support for game community features, game content management system, online gaming services, support for vr/ar multiplayer, support for social gaming features, game event logging, real-time matchmaking, matchmaking services, cross-platform account management, custom game logic extension, game session orchestration, support for game updates and patches, game data export, game backend platform, dedicated multiplayer servers, support for console games, microservices for gaming, game event-driven architecture, customizable backend services, cloud-based game hosting, live game analytics, platform extensibility, support for game content sharing, cloud computing, player retention analytics, game analytics dashboards, game performance profiling tools, game performance metrics, game security compliance, game engine sdks, game security features, support for game analytics and insights, player engagement tools, game platform support, game patching and updates, industry veteran founders, game performance profiling, game session analytics, game community tools, support for casual games, support for social gaming, player data management, ai-powered live ops, game content delivery, consulting, cloud infrastructure, secure game backend, game telemetry data, support for seasonal events, software as a service (saas), game error tracking, player account synchronization, cloud-agnostic server solutions, support for casual gaming, platform integration tools, game engine compatibility, support for aaa titles, custom game services, support for game monetization, game performance optimization, game analytics, game data security, player-driven content, game data analytics, live game operation support, game server scaling, support for game content moderation, low latency gameplay, support for aaa game backend, game infrastructure management, player matchmaking algorithms, game event tracking, game development platforms, player identity management, player account federation, support for major engines, support for indie developers, game development platform, scalable game backend, support for game live operations, game user engagement, game session management tools, player experience optimization, game data privacy compliance, game backend customization, game developer tools, game session management, support for free-to-play models, support for vr/ar games, support for in-game monetization, multiplayer server management, support for game content creation, game server orchestration, support for cross-platform play, game state persistence, player progression tracking, dynamic game scaling, multi-region server management, multi-region server deployment, player account linking, cloud-native gaming, game content management, game live operation tools, investment from softbank, game content moderation tools, game engine integration, multi-platform game support, game server orchestration tools, player behavior prediction, support for console cross-platform, support for live esports, game live updates, game community building, support for millions of players, support for user-generated content, game community engagement, game content moderation, game data privacy, real-time game metrics, game services, multiplayer game development, player matchmaking, cross-platform accessibility, game monetization, user engagement, dynamic game server management, live game operations, player data tracking, cloud storage solutions, third-party account integration, season pass management, in-game purchases, real-time player metrics, social features in gaming, virtual currencies, player progress tracking, leaderboard management, user-generated content, flexible matchmaking, playtesting integration, data-driven game design, compliance with gdpr, cloud-based player storage, customizable sdks, game distribution systems, global game configurations, real-time game analytics, two-factor authentication, digital content management, custom rewards systems, api support for games, twitch integration, game metrics visualization, game development toolkit, dedicated server solutions, data privacy protocols, streamlined player authentication, cross-platform user profiles, player moderation tools, analytics for player behavior, saas, distribution, transportation & logistics, paas, enterprise software, enterprises, computer software, information technology & services, computer games, games, consumers, internet infrastructure, internet",http://www.linkedin.com/in/ispanjipratama,https://accelbyte.io,http://www.linkedin.com/company/accelbyte,https://www.facebook.com/AccelByte/,https://twitter.com/AccelByteInc,Vancouver,British Columbia,Canada,"500 108th Ave NE, Bellevue, Washington, United States, 98004-5060",Bellevue,Washington,United States,'+1 206-817-6626,"Route 53, Mailchimp Mandrill, Gmail, Google Apps, Microsoft Office 365, Sendgrid, VueJS, Grafana, Greenhouse.io, Hubspot, Linkedin Widget, Google Tag Manager, Google Font API, Facebook Widget, Linkedin Marketing Solutions, Mobile Friendly, Facebook Login (Connect), Linkedin Login, Hotjar, Segment.io, Google Analytics, Remote, AI",94400000,70000000,Series B,60000000,2022-05-01T00:00:00+00:00,"","",false,false,false,false,"",698214a0554c77000193877a,698214a0554c7700019387a7,"","","","","","","","",""
Ismail,Mathkour,Director of Software Engineering E-commerce,CeriFi,CeriFi,ismail@cerifi.com,Verified,Apollo,Apollo,"",Catch-all,2026-01-27T23:46:54+00:00,Director,"Engineering & Technical, Information Technology",mathildadanielsui0z@commeunpoissondanslevin.com,"","","",'+1 877-850-9291,"",Cold,sd,"",mathildadanielsui0z@commeunpoissondanslevin.com,190,government administration,"ed tech, technology, continuing education, legal education, financial education, exam prep, training, learning, cfp review, frm review, cpa review, sie review, fin crime, education administration programs, education management, government administration",http://www.linkedin.com/in/ismail-mathkour,https://cerifi.com,http://www.linkedin.com/company/cerifi,https://facebook.com/CerifiEducation/,"",Toronto,Ontario,Canada,"3625 Brookside Pkwy, Alpharetta, Georgia, United States, 30022-3716",Alpharetta,Georgia,United States,'+1 877-850-9291,"NetSuite, Salesforce, Route 53, Outlook, Microsoft Office 365, Amazon AWS, Atlassian Cloud, OneTrust, React Redux, Salesforce Service Cloud, Barracuda Networks, BigCommerce, Pardot, Slack, Salesforce Live Agent, Mobile Friendly, Google Tag Manager, Remote, NTENT, Hubspot",27900000,"","","","","","",false,false,false,false,"",698214a0554c77000193877c,698214a0554c7700019387a9,"","","","","","","","",""
Felipe,Plets,Director of Software Engineering,Zensurance,Zensurance,felipe.plets@zensurance.com,Verified,Apollo,Apollo,"","",2026-01-07T11:27:24+00:00,Director,"Engineering & Technical, Information Technology",mathildadanielsui0z@commeunpoissondanslevin.com,"","","",'+1 888-654-6030,"",Cold,sd,"",mathildadanielsui0z@commeunpoissondanslevin.com,290,insurance,"commercial business insurance, property & casualty insurance, canada insurance, startup insurance, small & medium businesses, insurance, property & casualty insurance companies, insurance customer service, d2c, insurance quote comparison, insurance customization, insurance innovation, small business insurance, insurance transparency, insurtech canada, technology, insurance for small businesses, insurance analytics tools, b2b, small business services, risk assessment, insurance customer service excellence, insurance partner network, insurance quotes, digital insurance, insurance industry disruption, digital insurance marketplace, commercial property insurance, customer-centric, insurance industry digital transformation, insurance marketplace, insurance claims automation, e-commerce, data analytics, insurance for small business owners, affordable insurance, insurance policy optimization, insurance provider network, insurance provider partnerships, insurance technology innovation, online insurance platform, insurance technology, insurance agencies and brokerages, insurtech leader, insurance industry canada, insurance community support, insurance policy customization, small business risk mitigation, insurance for entrepreneurs, insurance policy digitalization, insurance for startups, risk analytics for small business, digital risk management, customer support, small business insurance solutions, canada small business, insurance analytics, personalized insurance, small business risk assessment, small business insurance innovation, online insurance quotes, canada insurance tech ecosystem, insurance industry innovation, insurance marketplace technology, digital insurance brokerage canada, insurance application process, insurance claims support, insurance application, online platform, claims support, insurance growth canada, digital insurance platform, small business insurance platform, small business insurance tech, insurance policy automation, customized business insurance, insurance risk management, digital claims processing, insurance claims handling, canadian insurance market, online insurance management, insurance coverage, insurance comparison tools, canada startup insurance, insurance comparison, insurance risk assessment, cyber liability, risk management, insurance for sole proprietors, affordable liability insurance, insurance policy management, insurance policy management software, insurance solutions, insurance quotes online, insurance policy comparison, insurance convenience, cost savings, insurance digital solutions, insurance partners, digital insurance brokerage, liability insurance, personalized recommendations, retail, affordable business coverage, insurance digital platform, insurance affordability, services, canadian insurtech startups, insurance marketplace canada, fintech, insurance marketplace platform, canada insurtech leader, cost-effective business insurance, insurance provider comparison, insurance product personalization, business insurance, commercial insurance, professional liability, errors and omissions, general liability, directors and officers insurance, builders risk insurance, event liability insurance, business interruption insurance, legal expense insurance, malpractice insurance, product liability insurance, instant quote, customized coverage, insurance broker, low-cost insurance, insurance for small business, insurance coverage options, commercial auto insurance, freelancer insurance, consultant insurance, contractor insurance, non-profit insurance, retail insurance, technology insurance, gym insurance, health and wellness insurance, e-commerce insurance, dental insurance, real estate insurance, construction insurance, beauty insurance, pet services insurance, airbnb insurance, photography insurance, restaurant insurance, vacant property insurance, home based business insurance, staffing insurance, sports and fitness insurance, small business owner, claims assistance, affordable premiums, finance, non-profit, distribution, consumer internet, consumers, internet, information technology & services, insurance agencies & brokerages, finance technology, financial services, nonprofit organization management",http://www.linkedin.com/in/felipeplets,https://zensurance.com,http://www.linkedin.com/company/zensurance,https://facebook.com/Zensurance,https://www.twitter.com/Zensurance,Toronto,Ontario,Canada,"111 Peter St, Toronto, Ontario, Canada, M5V 2H1",Toronto,Ontario,Canada,'+1 888-654-6030,"Salesforce, Route 53, Gmail, Mimecast, Google Apps, Microsoft Office 365, Zendesk, Amazon AWS, Amazon SES, WP Engine, Atlassian Cloud, Netlify, React Redux, MongoDB, Hubspot, Slack, Active Campaign, IoT, Snowflake, dbt, Looker, Node.js, React, TypeScript, Apache Kafka, CallMiner Eureka, Gem, Nestjs, Akamai Connected Cloud (formerly Linode), Microsoft Excel, AI",54800000,12500000,Series B,0,2020-08-01T00:00:00+00:00,Travelers (travelers.com),"",false,false,false,false,"",6982145fd00f7f000117144e,69821460d00f7f000117204a,"","","","","","","","",""
Simon,Gagnon,Senior Director of Software Engineering,Newforma,Newforma,sgagnon@newforma.com,Verified,Apollo,Apollo,"","",2026-02-03T13:26:15+00:00,Director,"Engineering & Technical, Information Technology",mathildadanielsui0z@commeunpoissondanslevin.com,"","","",'+1 877-875-8252,"",Cold,sd,"",mathildadanielsui0z@commeunpoissondanslevin.com,200,information technology & services,"bim coordination, building information modeling, openbim, collaboration, communication, issue tracking, pim, project information management, construction technology, preconstruction, construction design coordination, construction, architecture, engineering firms, building owners, real estate, software development, ifc project models, project communication, construction project digitalization, construction project management, digital twin for construction, project data exchange platform, project lifecycle management, construction workflow software, project planning, digital collaboration tools, project tracking, construction management software, project document management, engineering, project data security solutions, project management cloud, bim data management saas, cloud-based project management, construction collaboration tools, project dashboards, collaborative project management, digital construction tools, bim software, construction data management, project data collaboration saas, project management app, project management tools saas, data security, team collaboration, project reporting, project efficiency, project workflow management, bim workflow management, digital twin technology, cloud-based bim management, project collaboration tools, construction risk mitigation, project management tools, construction collaboration, project management software, project reporting tools, project data sharing, project data security standards, construction workflow optimization, construction data management platform, construction project monitoring, construction project solutions, workflow automation, project data lifecycle management, bim project data management, collaboration software, data analytics, cloud project data sharing, project planning tools, project lifecycle, project notifications, project data standardization, cloud collaboration, project data integration, project data management saas, construction project coordination tools, project management platform, digital project management, project collaboration platform, project data governance, email management, construction project coordination, construction document management, cloud software, digital twin for aeco, construction data analytics, construction workflow, project data analytics saas, aeco industry, digital construction workflows, project data integration platform, b2b, project data access, project data security saas, project data exchange, construction project tracking, services, project management saas, construction industry software, construction data sharing, information technology, project management apis, cloud project management, remote team collaboration, project tracking software, project management solutions saas, project data security protocols, mobile app, project data interoperability, cloud project data, construction data security, project information system, bim data exchange standards, construction project communication, project management system, digital twin integration, construction data interoperability, risk management, document control, project communication tools, construction data governance saas, cloud collaboration saas, project communication platform, engineering services, project management solutions, construction data analytics saas, project workflow integration, project data organization, bim collaboration format, project management dashboards, project data compliance, email integration, project collaboration, project data visualization, document sharing, bim coordination tools, digital twin, cloud-based construction management, project data security, cloud collaboration platform, construction project data, bim project coordination, real-time collaboration, cloud-based_project_management, bim_coordination, information_management, contract_administration, field_management, document_control, data_analytics, project_collaboration, email_management, action_item_tracking, 2d_viewer, 3d_viewer, change_management, mobile_app, submittals_management, communication_tools, project_documentation, risk_management, quality_control, construction_efficiency, integrated_workflows, user_roles_automation, file_sharing, project_email_organization, searchable_data, project_information_system, real_time_collaboration, audit_trails, dispute_resolution, stakeholder_relationships, construction_administration_software, project_deliverables, data_governance, project_lifecycle_management, construction_project_success, mobile_companion_app, aggregate_search, action_items_management, boosting_productivity, email_integration, construction_documentation, project_email_management, cloud_solutions_for_construction, efficiency_improvement, modernizing_construction_process, support_resources, aec_industry_software, information technology & services, computer & network security",http://www.linkedin.com/in/simon-gagnon-186887,https://newforma.com,http://www.linkedin.com/company/newforma-inc,http://www.facebook.com/newformacareers,http://twitter.com/Newforma,Quebec City,Quebec,Canada,"225 Franklin St, Boston, Massachusetts, United States, 02110",Boston,Massachusetts,United States,'+1 877-875-8252,"NetSuite, Salesforce, Route 53, Amazon SES, Mimecast, Outlook, Marketo, Microsoft Office 365, Media Temple SSL, WP Engine, Atlassian Cloud, Salesforce Service Cloud, Lever, Salesforce Live Agent, Hubspot, Slack, Remote, Procore, AI, Autodesk BIM Collaborate, React Native, Connect, Newforma Konekt, Newforma Project Center, Construct",31900000,25100000,Merger / Acquisition,0,2023-04-01T00:00:00+00:00,Ethos Capital (ethoscapital.com),"",false,false,false,false,"",698214a0554c77000193876e,698214a0554c77000193879c,"","","","","","","","",""
Gabriel,Bourque,Directeur Ingénierie Logicielle L&H,Prima Solutions,Prima Solutions,gabriel.bourque@prima-solutions.com,Verified,Apollo,Apollo,"","",2026-01-11T00:15:03+00:00,Director,"",mathildadanielsui0z@commeunpoissondanslevin.com,"","","",'+33 1 70 91 24 30,"",Cold,sd,"",mathildadanielsui0z@commeunpoissondanslevin.com,140,information technology & services,"software dassurance, assurance iard, prevoyance, sante, distribution multi canal, gestion de la vie du contrat, gestion de sinistre, gestion comptable, crm, assurance sante, conformite reglementaire, enterprise software, retail technology, point of sale, foodtech, software, payments, information technology, consumer internet, internet, it services & it consulting, customer experience, insurance for high-net-worth clients, insurance product launch, automation, insurance fraud prevention, insurance product configurator no-code, insurtech, reinsurance, customer engagement, portfolio management, reinsurance portfolio analysis, insurance portfolio analysis, insurance workflow automation, insurance for renewable energy, insurance inclusion products, insurance risk modeling, insurance distribution channels, insurance data management, insurance claims automation, insurance for smart homes, insurance platform scalability, insurance risk analysis, regulatory compliance tools, b2c, insurance regulatory compliance, insurance social security compliance, insurance partner ecosystem, product configuration, insurance for specific professions, services, insurance for expatriates, insurance social protection reform, insurance platform integration, insurance performance management, insurance analytics dashboards, insurance policy lifecycle, workflow automation, usage-based insurance, cloud security, health insurance, insurance product configurator, multi-channel distribution, data analytics, insurance data security, computer systems design and related services, financial technology, multi-currency policy management, legacy system modernization, risk management, insurance for urban mobility, insurance innovation, consulting, insurance product customization, insurance performance metrics, insurance compliance, insurance system integration, fraud detection, cloud-native architecture, data security, real-time data processing, reinsurance analytics, user-friendly interface, insurance product innovation, insurance for civil servants, customer retention, insurance process automation, insurance process digitization, insurance data analytics, insurance enterprise software, insurance fleet management, insurance for gig economy, b2b, insurance it solutions, digital transformation, insurance digitalization, insurance system interoperability, insurance operations, predictive analytics, insurance portfolio management, insurance data visualization, modular insurance platform, risk assessment, insurance fraud detection, policy management, insurance market standards, multi-cloud deployment, insurance customer engagement, customer self-service portal, life insurance, api integration, insurance automation, insurance for digital nomads, insurance operational efficiency, business intelligence, insurance software, insurance services, insurance process optimization, regulatory compliance, legacy system decommissioning, insurance for mobility and telematics, insurance for small-to-medium portfolios, operational efficiency, cloud insurance platform, insurance customer self-service, multi-language insurance platform, claims management, insurance policy replatforming, insurance for sustainable assets, insurance data migration, insurance lifecycle management, insurance technology, product development, insurance compliance standards, service-oriented architecture, user experience, cloud platform, insurance management, claims automation, portfolio analysis, p&c insurance, mortgage insurance, data-driven insights, multichannel distribution, real-time reporting, self-service portal, automation software, performance management, insurance analytics, compliance management, premium calculations, claims handling, electronic signatures, document management, premium management, insurance product development, policyholder engagement, data visualization, insurance workflows, reinsurance analysis, claims settlement, customer satisfaction, innovative insurance products, marketplaces integration, customized insurance solutions, market standards compliance, technical profitability, dynamic pricing, investor relations, insurtech solutions, financial performance, digital channels, regulatory updates, insurance ecosystem, healthcare, finance, distribution, transportation_and_logistics, sales, enterprises, computer software, information technology & services, pos, financial services, consumers, finance technology, computer & network security, analytics, ux, health care, health, wellness & fitness, hospital & health care",http://www.linkedin.com/in/gabriel-bourque-179b8659,https://prima-solutions.com,http://www.linkedin.com/company/prima-solutions,"",http://twitter.com/effiasoft,Chateauguay,Quebec,Canada,"9 Boulevard Gouvion-Saint-Cyr, Paris, Ile-de-France, France, 75017",Paris,Ile-de-France,France,'+33 1 70 91 24 30,"SendInBlue, Outlook, Microsoft Office 365, Gmail, Google Apps, Marketo, Slack, Active Campaign, Linkedin Marketing Solutions, Google Analytics, Google Font API, YouTube, WordPress.org, Google AdWords Conversion, Mobile Friendly, Vimeo, Google Tag Manager, AI, Remote",24000000,62940000,Merger / Acquisition,0,2023-01-01T00:00:00+00:00,Total Specific Solutions (totalspecificsolutions.com),"",false,false,false,false,"",698214c808ff670011f30072,698214c808ff670011f3007f,"","","","","","","","",""
Nierojan,Pushparajan,Director of Software Engineering,Tellihealth,Tellihealth,npushparajan@tellihealth.com,Verified,Apollo,Apollo,"","",2026-01-23T10:13:20+00:00,Director,"Engineering & Technical, Information Technology",mathildadanielsui0z@commeunpoissondanslevin.com,"","",'+1 647-403-0096,'+1 888-407-4108,"",Cold,sd,"",mathildadanielsui0z@commeunpoissondanslevin.com,150,hospital & health care,"remote patient monitoring, chronic care management, ccm, population health, nurse care management, healthcare, transitional care, rpm, primary care practice, telimedicine, diabetes, copd, telemonitoring, telehealth, cof, splunk, rural health care, health operations center, managed service, remote care, remote care services, hospitals & health care, 4g devices, pulse oximeter, blood pressure monitor, peak flow meter, thermometer, weight scale, blood glucose meter, sleep monitor, resting heart rate monitor, fda approved, user friendly, cellular connectivity, patient engagement, data accuracy, integration with ehr, voice-enabled devices, durable design, cloud sync, real-time monitoring, health metrics, patient adherence, competitively priced, global healthcare solutions, iot device, clinical validation, health tracking, easy setup, automated data transmission, mobile health devices, non-intrusive, comprehensive health monitoring, cuff size options, wireless technology, patient data sharing, wearable technology, cost-effective, innovation in healthcare, healthcare providers, medical devices, patient-centered care, hardware integration, health outcomes, reliable performance, secure data transfer, accessibility in remote areas, patient comfort, support services, customer support, b2b, b2b2c, services, health care, health, wellness & fitness, hospital & health care, medical, wearable technologies, wearables, consumer goods, consumers, internet of things, consumer electronics, hardware, computer hardware",http://www.linkedin.com/in/nierojan-pushparajan-3235951a,https://tellihealth.com,http://www.linkedin.com/company/telli-health,https://www.facebook.com/Tellihealth,"",Toronto,Ontario,Canada,"Houston, Texas, United States",Houston,Texas,United States,'+1 888-407-4108,"Route 53, Sendgrid, Outlook, Microsoft Office 365, Slack, Vimeo, Mobile Friendly, WordPress.org, Google Tag Manager, Render, Remote, IoT, QuickBooks, Semrush, Electron, Gem, Signal",83500000,"","","","","","",false,false,false,false,"",698214098a21cb00019ee41b,6982140a8a21cb00019ee44b,"","","","","","","","",""
Neha,Thakral,Director of Software Engineering,Security Compass,Security Compass,nthakral@securitycompass.com,Verified,Apollo,Apollo,"",Not Catch-all,2026-01-04T20:23:20+00:00,Director,"Engineering & Technical, Information Technology",mathildadanielsui0z@commeunpoissondanslevin.com,"","","",'+1 888-777-2211,"",Cold,sd,"",mathildadanielsui0z@commeunpoissondanslevin.com,250,computer & network security,"application security, application security training, secure development, security by design, compliance, developer centric threat modeling, consulting, security, cyber security, enterprise security, internet, information technology, security best practices, security automation, government, security tools integration, threat modeling, security frameworks, secure coding, security training modules, security compliance, security content library, security governance, security automation tools, security solutions, security policy enforcement, financial services, security training, security standards, security consulting, devsecops integration, computer systems design and related services, services, security lifecycle, proactive security, security risk management, security compliance standards, security testing automation, compliance automation, b2b, security metrics and kpis, finance, regulatory compliance, security risk assessment, secure software development, security blueprints, security requirements traceability, security platform, security requirements, risk reduction, security tool integration, manufacturing, threat identification, security requirements management, threat analysis automation, proactive threat detection, security incident response, compliance management, just-in-time training, automated security, risk mitigation, secure coding principles, vulnerability assessment, security workflows, training curriculum, continuous security monitoring, ai security solutions, hands-on labs, scalable security solutions, cloud security compliance, cyber risk management, best practices in security, software development lifecycle, integrations with ci/cd tools, breach prevention strategies, security awareness training, academic research in cybersecurity, security policies and standards, privacy regulations compliance, security test automation, user training modules, incident response planning, data protection strategies, devops security solutions, proactive security measures, system risk assessments, open source vulnerability management, threat intelligence integration, compromise management, compliance standards framework, documentation and reporting, security incident documentation, secure application design, cyber resilience training, saas, computer & network security, information technology & services, mechanical or industrial engineering, computer software",http://www.linkedin.com/in/neha-thakral-78699a72,https://securitycompass.com,http://www.linkedin.com/company/security-compass,https://facebook.com/SecCompass/,https://twitter.com/securitycompass,Mississauga,Ontario,Canada,"390 Queens Quay W, Toronto, Ontario, Canada, M5V 3A6",Toronto,Ontario,Canada,'+1 888-777-2211,"CloudFlare CDN, Salesforce, Amazon SES, Gmail, Pardot, Google Apps, Microsoft Office 365, Greenhouse.io, CloudFlare Hosting, Mixpanel, Backbone JS Library, Atlassian Cloud, React, Slack, Zendesk, Salesforce Live Agent",78000000,"",Venture (Round not Specified),"",2020-01-01T00:00:00+00:00,"","",false,false,false,false,"",698214098a21cb00019ee427,6982140a8a21cb00019ee457,"","","","","","","","",""
Steven,Wrinch,Director of Software Engineering,DarkVision,DarkVision,wrinch@darkvisiontech.com,Verified,Apollo,Apollo,"",Catch-all,2026-01-20T20:54:55+00:00,Director,"Engineering & Technical, Information Technology",mathildadanielsui0z@commeunpoissondanslevin.com,"","","",'+1 604-398-4004,"",Cold,sd,"",mathildadanielsui0z@commeunpoissondanslevin.com,250,information services,"big data, machine learning, oil & gas, data visualization, enterprise software, deep information technology, software, information technology, high-fidelity data, real-time defect detection, ultrasound imaging, ultra-high resolution imaging, industrial nondestructive testing, sensor arrays, oil and gas well inspection, services, perforation erosion analysis, extreme environment operation, oil and gas extraction, 3d acoustic data, harsh environment imaging, automated defect sizing, operational efficiency, full-waveform acoustic imaging, energy equipment and services, defect quantification, cloud-based processing, automated defect analysis, perforation growth analytics, mining and oil and gas field machinery manufacturing, machine learning analytics, asset integrity, aerospace, full circumferential scans, fluid agnostic inspection, cloud machine learning, acoustic transducers, sub-millimeter defect detection, full-waveform imaging, high-resolution sensors, ultrasound signal processing, ultrasound datasets, data analytics, defect detection, well integrity monitoring, manufacturing, large sensor arrays, photorealistic 3d visualizations, oil and gas, industrial equipment manufacturing, b2b, acoustic imaging in high-pressure environments, obstruction identification, downhole inspection, acoustic imaging technology, oil and gas equipment and services, visualization software, ultrasound array optimization, industrial asset inspection, data processing algorithms, acoustic imaging, industrial inspection, high-resolution imaging, 3d point clouds, downhole imaging, ultra-high resolution, oil and gas inspection, acoustic technology, pipeline inspection, well integrity, corrosion measurement, data processing, transducer technology, cloud processing, high-density arrays, field operations, engineering solutions, real-time imaging, defect characterization, photorealistic visuals, environmental resilience, electromechanical systems, raw material inspection, industrial robotics, component diagnostics, ndt technologies, wireline logging, multi-dimensional analysis, perforation analysis, machine vision, cloud-based solutions, data fidelity, critical asset monitoring, visual inspection, submillimetric resolution, component failure identification, sustainability in engineering, engineering innovation, cutting-edge technology, inspection platforms, digital twin technology, thermographic imaging, engineering leadership, distribution, transportation & logistics, energy & utilities, enterprises, computer software, information technology & services, artificial intelligence, oil & energy, mechanical or industrial engineering",http://www.linkedin.com/in/steven-wrinch,https://darkvisiontech.com,http://www.linkedin.com/company/darkvision-technologies,"",https://twitter.com/darkvisiontech,North Vancouver,British Columbia,Canada,"2433 Dollarton Hwy, North Vancouver, British Columbia, Canada, V7H 0A1",North Vancouver,British Columbia,Canada,'+1 604-398-4004,"Route 53, Outlook, CloudFlare Hosting, Atlassian Cloud, Slack, WordPress.org, Google Tag Manager, reCAPTCHA, Mobile Friendly, Gravity Forms, Vimeo, Linkedin Marketing Solutions, Shutterstock, Typekit, AI, Mag+, Google Cloud Machine Learning Engine, Autodesk Fusion, Tor, Jira, Python",106000000,8120000,Series A,8000000,2016-09-01T00:00:00+00:00,"Koch Ag & Energy Solutions, LLC (kochagenergy.com)","",false,false,false,false,"",6982145fd00f7f0001171452,69821460d00f7f000117204e,"","","","","","","","",""
Mudit,Seth,"Sr. Director, Software Engineering",Zenni Optical,Zenni Optical,mudit.seth@zennioptical.com,Verified,Apollo,Apollo,"",Catch-all,2026-02-03T15:30:42+00:00,Director,"Engineering & Technical, Information Technology",mathildadanielsui0z@commeunpoissondanslevin.com,"","","",'+1 800-211-2105,"",Cold,sd,"",mathildadanielsui0z@commeunpoissondanslevin.com,430,mechanical or industrial engineering,"high quality & affordable prescription eyewear for everyone, manufacturing, analytics, online eyewear retailer, cost-effective eyewear, impact-resistant lenses, custom frames, blue light glasses, retail, e-commerce, collaborations with designers, direct-to-consumer, sports glasses, market disruption, premium and designer brands, disaster relief donations, affordable glasses, product customization, brand partnerships, user experience, fashion collections, gaming eyewear, variety of frame shapes, specialty lenses for light sensitivity, fashion-forward styles, disrupting traditional optical retail, customer reviews, medical equipment and supplies manufacturing, high-quality manufacturing, sunglasses, impact-resistant kids glasses, rapid growth, virtual try-on, sustainable materials, prescription glasses, customizable frames, disaster relief, social impact, global customer base, cost savings, special collections for pride, community engagement, digital innovation, collaborations, online eyewear, uv protection, community support, global reach, ar try-ons, special collections, collaborations with athletes, virtual try-on technology, specialty lenses, customer-centric approach, men's and women's glasses, direct-to-consumer model, social responsibility, blue light blocking lenses, technology-driven, night driving lenses, brand collaborations, sports and activewear glasses, sustainable eyewear, lightweight frames, eco-friendly frames, light-adaptive lenses, kids' glasses, affordable eyewear, market disruptor, online shopping experience, fast shipping, b2c, non-profit, consumer products & retail, mechanical or industrial engineering, information technology & services, consumer internet, consumers, internet, ux, nonprofit organization management",http://www.linkedin.com/in/muditseth1,https://zenni.com,http://www.linkedin.com/company/zenni-optical,"","","","",Canada,"150 Alameda del Prado, Novato, California, United States, 94949",Novato,California,United States,'+1 800-211-2105,"DNS Made Easy, Gmail, Google Apps, AI",436000000,"","","","","","",false,false,false,false,2,698214a0554c77000193876f,698214a0554c77000193879d,"","","","","","","","",""
Raul,Ospina,Senior Director of Software Engineering,Unbounce,Unbounce,raul.ospina@unbounce.com,Verified,Apollo,Apollo,"",Not Catch-all,2026-01-22T11:48:56+00:00,Director,"Engineering & Technical, Information Technology",mathildadanielsui0z@commeunpoissondanslevin.com,"","","",'+1 604-484-1354,"",Cold,sd,"",mathildadanielsui0z@commeunpoissondanslevin.com,160,marketing & advertising,"launching landing pages without knowledge of html, or involving it or software development, leveraging conversion intelligence insights to create the bestperforming campaigns every time, augmenting marketers innate intelligence with ai insights, a, b testing, removing guesswork from marketing, providing access to marketing conversions with realtime stats, saas, advertising, sales & marketing, social media marketing, enterprise software, social media, consumer internet, software, internet, information technology, advertising services, b2b, multichannel marketing, google tag manager, multi-device optimization, livechat, campaign optimization, ai-driven insights, personalized landing pages, ccpa compliance, analytics, multilingual content, ai-powered landing pages, ai copy generation, zapier, marketo, e-commerce, d2c, smart traffic, content management, api access, activecampaign, performance analytics, ppc, aweber, automated visitor routing, user interface, real-time analytics, marketing attribution, visitor routing, custom scripts, insightly crm, salesforce, digital marketing, a/b testing, professional templates, drag-and-drop builder, landing pages, lead nurturing tools, landing page builder, small business, digital marketing tools, professional services, templates, campaign monitor, high-converting templates, scalable saas platform, webinar tools, multilingual landing pages, campaign personalization, outgrow, ai copywriting, custom templates, agency, conversion rate optimization, user experience, dynamic text replacement, multichannel campaign management, visitor segmentation, client management, lead generation, scalability, google analytics, mailchimp, ai optimization, conversion rate benchmarks, growth marketing, twilio, marketing automation, no-code a/b testing, custom code integration, client campaign management, device optimization, services, ai content creation, marketing and advertising, chili piper, computer systems design and related services, hubspot, personalization, smart traffic routing, multi-language support, leadsrx, content creation, dynamic text, lead management, email marketing, campaign automation, user segmentation, integrations, pardot, no-code platform, customer acquisition, ai content remixing, campaign testing, landing page templates, conversion benchmarks, ecommerce, klaviyo, webhooks, marketing integrations, gdpr compliance, marketing attribution tools, ai optimization for cro, data security, experimentation platform, landing page, cro platform, popups, sticky bars, conversion-focused, customizable, ecommerce solutions, saas marketing, social ads, user engagement, flexible support plans, customer success, subscription services, mobile-friendly design, traffic routing, marketing tools, crm integrations, customer feedback, onboarding services, conversion tracking, collaboration tools, brand customization, visitor targeting, content generation, community support, conversion analysis, data-driven decisions, b2c, computer software, information technology & services, consumers, marketing & advertising, enterprises, professional training & coaching, ux, sales, computer & network security",http://www.linkedin.com/in/raulospina,https://unbounce.com,http://www.linkedin.com/company/unbounce,https://facebook.com/unbounce,https://twitter.com/unbounce,"","",Canada,"401 W Georgia St, Vancouver, British Columbia, Canada, V6B 5A1",Vancouver,British Columbia,Canada,'+1 604-484-1354,"Salesforce, Route 53, Mailchimp Mandrill, Sendgrid, ExactTarget, Gmail, Pardot, Google Apps, Zendesk, CloudFlare Hosting, Cloudflare DNS, Amazon AWS, Google Cloud Hosting, KISSmetrics, VueJS, WP Engine, Atlassian Cloud, Vercel, Drift, OneTrust, Appcues, Slack, Hubspot, Google Maps (Non Paid Users), Google Dynamic Remarketing, Greenhouse.io, Disqus, Visual Website Optimizer, Google Maps, Intercom, Linkedin Marketing Solutions, Segment.io, Cloudinary, Typekit, FullStory, Stripe, Cedexis Radar, Bootstrap Framework, Google AdWords Conversion, Google Analytics, Facebook Login (Connect), Mobile Friendly, Adobe Media Optimizer, Hotjar, Mixpanel, Vimeo, Helpscout, DoubleClick Conversion, jPlayer, CrazyEgg, Shutterstock, Google Analytics Ecommerce Tracking, reCAPTCHA, Bing Ads, Unbounce, Optimizely, Wistia, WordPress.org, Google Speed Analytics, Google AdSense, Amadesa, Twitter Advertising, ShareThis, Multilingual, Qualaroo, Ruby On Rails, Facebook Widget, New Relic, DoubleClick, Facebook Custom Audiences, Lucky Orange, Google Font API, YouTube, Simpli.fi, Google Tag Manager, SoundCloud, Remote, AI, Canva",30000000,39080000,Merger / Acquisition,0,2022-01-01T00:00:00+00:00,"","",false,false,false,false,"",698214a0554c770001938770,698214a0554c77000193879e,"","","","","","","","",""
Guanhua,Wen,Director of Software Engineering,"Quanta Technology, LLC",Quanta Technology,gwen@quanta-technology.com,Verified,Apollo,Apollo,"",Not Catch-all,2026-01-22T13:39:34+00:00,Director,"Engineering & Technical, Information Technology",mathildadanielsui0z@commeunpoissondanslevin.com,"","","",'+1 919-334-3000,"",Cold,sd,"",mathildadanielsui0z@commeunpoissondanslevin.com,290,utilities,"transmission, distribution, automation, testing, protection, controls, asset management, operations, enterprise, smart grid, integration, regulatory, compliance, renewables, microgrids, applied r, d, consulting, independent consulting, energy policy advisory, power system cybersecurity, field experience, utility services, transmission analysis, power system analysis, power system forecasting, data analytics, power system engineering, advanced software tools, industry thought leaders, renewable integration, ieee members, workforce development, smart grid solutions, advanced methodologies, b2b, technology strategy, energy project assessment, training programs, digital transformation, regulatory compliance, post-incident system analysis, grid planning, services, laboratory services, power system stability, post-disaster assessment, cybersecurity, operational efficiency, software tools, grid modernization, testing and commissioning, energy transition consulting, wildfire risk management, power system modeling, advanced data analytics, der integration, energy storage, system protection, custom solutions, electric vehicle integration, power quality, utilities, electrical power generation & transmission, power system consulting, distribution system studies, renewable project siting, asset renewal, grid reliability assessment, arc flash analysis, energy industry, distributed energy resources, asset performance management, power industry innovation, energy market analysis, risk management, grid resilience, regulatory support, energy consulting & advisory, technical expertise, engineering services, patents and publications, utility advisory services, energy efficiency, power system automation, electric power industry, project management, smart grid technology, renewable energy integration, energy storage optimization, energy infrastructure investment, industry research, laboratory testing, dynamic inverter models, system integration, energy policy compliance, electrification, ev charging, technology integration, change management, investment planning, economic analysis, interconnection services, transmission assessment, operational readiness, business case development, stakeholder engagement, market simulations, feasibility studies, capital planning, performance testing, supply chain analysis, risk evaluation, grid reliability, equipment assessment, demand forecasting, contract analysis, client advisory, training solutions, long-term planning, independent engineering review, model validation, client relationship management, industry standards, project financing, sustainable solutions, education, clean energy & technology, environmental services, renewables & environment, oil & energy, information technology & services, productivity",http://www.linkedin.com/in/guanhuawen,https://quanta-technology.com,http://www.linkedin.com/company/quantatechnology,https://facebook.com/pages/Quanta-Technology-LLC/216606931819649,https://twitter.com/quantatech,Toronto,Ontario,Canada,"4020 Westchase Blvd, Raleigh, North Carolina, United States, 27607-3931",Raleigh,North Carolina,United States,'+1 919-334-3000,"Cloudflare DNS, Outlook, Microsoft Office 365, Remote",156200000,"","","","","Quanta Services, Inc. (quantaservices.com)","",false,false,false,false,"",698214a0554c770001938777,698214a0554c7700019387a5,"","","","","","","","",""
Luis,Sanches,Senior Director of Software Engineering,ForgeRock (Now Ping Identity),ForgeRock,luis.sanches@forgerock.com,Verified,Apollo,Apollo,"",Not Catch-all,2026-02-03T15:31:22+00:00,Director,"Engineering & Technical, Information Technology",mathildadanielsui0z@commeunpoissondanslevin.com,"","","","","",Cold,sd,"",mathildadanielsui0z@commeunpoissondanslevin.com,260,information technology & services,"identity software platform, am access management, federation, sso, dj directory software, idm identity lifecycle provisioning, ig identity gateway, irm identity relationship management, identity & access management, identity of things, iot security, enterprise software, internet of things, cyber security, identity management, software, privacy, security, information technology, consumer internet, internet, computer software: prepackaged software, technology, software development, enterprises, computer software, information technology & services, b2b, computer & network security, consumers",http://www.linkedin.com/in/laasanches,https://forgerock.com,http://www.linkedin.com/company/forgerock,"","",Vancouver,British Columbia,Canada,"201 Mission Street, San Francisco, California, United States, 94105",San Francisco,California,United States,"","","","","","","",ForgeRock (forgerock.com),"",false,false,false,false,"",698214c808ff670011f30076,698214c808ff670011f30083,"","","","","","","","",""
Ian,Field,Director of Software Engineering,Minga,Minga,ian@minga.io,Verified,Apollo,Apollo,"",Not Catch-all,2026-01-13T14:25:46+00:00,Director,"Engineering & Technical, Information Technology",mathildadanielsui0z@commeunpoissondanslevin.com,"","","",'+1 778-721-5679,'+1 778-363-0744,Cold,sd,"",mathildadanielsui0z@commeunpoissondanslevin.com,110,government administration,"app development, youth engagement, edutech, school communication, school culture, student digital ids, digital hall pass, pbis, education administration programs, tardy management, pbis points, behavior interventions, check ins, flextime management, visitor management, digital student id, attendance tracking, progressive discipline, event management, student accountability, automated notifications, behavior reports, engagement tracking, chronic absenteeism solutions, classroom management tools, safety and security, student rewards, real-time insights, community building, teacher approval workflows, automated tardy referrals, student movement monitoring, customizable incentives, behavior tracking tools, gamification, daily attendance reporting, school spirit promotion, activity management, behavioral data analysis, student participation, remote learning support, parent notifications, custom hall pass types, student check-ins, easy scheduling, kiosk mode, positive behavior support, reward redemption systems, behavior analytics, engagement programs, real-time dashboards, intervention strategies, dynamic leaderboards, school-wide policy enforcement, behavior management, automated workflows, b2b, services, apps, software development, information technology & services, government administration, events services",http://www.linkedin.com/in/ianjfield,https://minga.io,http://www.linkedin.com/company/mingadotio,https://www.facebook.com/minga.io,https://twitter.com/AppMinga,Kelowna,British Columbia,Canada,"1353 Ellis St, Kelowna, British Columbia, Canada, V1Y 1Z9",Kelowna,British Columbia,Canada,'+1 778-721-5679,"Cloudflare DNS, Mailchimp Mandrill, Gmail, Google Apps, MailChimp SPF, Microsoft Office 365, CloudFlare Hosting, Hubspot, Slack, Mobile Friendly, Google Maps, Facebook Custom Audiences, Google Play, WordPress.org, Vimeo, Vidyard, Google Tag Manager, Google Maps (Non Paid Users), Google Font API, Render, Remote, AI, Zoomdata",6700000,7000000,Venture (Round not Specified),7000000,2024-02-01T00:00:00+00:00,"","",false,false,false,false,"",698214098a21cb00019ee41a,6982140a8a21cb00019ee44a,"","","","","","","","",""
Vincent,Audette,Director of Software Engineering (Engagement),Leap Event Technology,Leap Event Technology,vincent.audette@leapevent.tech,Verified,Apollo,Apollo,"",Not Catch-all,2026-01-05T20:23:02+00:00,Director,"Engineering & Technical, Information Technology",mathildadanielsui0z@commeunpoissondanslevin.com,"","","","","",Cold,sd,"",mathildadanielsui0z@commeunpoissondanslevin.com,260,events services,"ticketing solutions, event management, event data capture technology, event data collection tools, arts & culture, consulting, sports & fan events, event data capture, virtual event solutions, virtual events, event marketing data platform, event marketing automation tools, event data collection systems, event attendee behavior tracking, event management tools, event data insights platform, mobile event app, event marketing analytics, email marketing, event data platform, event platform, event ticketing automation, services, cashless payments, cashless event payments, event software, event marketing campaigns, event marketing personalization, event data insights, sound recording industries, customer data, event data analysis, event organizer tools, event data management, music, crm, event performance, virtual event engagement, advertising, event ticketing, event analytics, event technology, ticketing, event engagement tools, attractions, event marketing data, event data-driven marketing, event services, event engagement platform, customer relationship management, event platform integration, event attendee tracking, event engagement, mobile apps, fan engagement technology, event coordination, virtual event management, event industry, event data management systems, event experience technology, festivals, customer touchpoints, cash flow management, event marketing strategies, event marketing automation, live event technology, fan engagement, event engagement apps, event organizers, virtual event platform, museums, attendee management, marketing tools, fundraising, event marketing analytics tools, cashless payment, event marketing tools, attendee experience, event data collection, event management system, ticket sales, d2c, fan data analytics, event data collection platforms, event marketing solutions, event ticketing platform, event solutions, event management software, event experience enhancement, event data analytics, event experience, data analytics, e-commerce, b2b, event engagement solutions, customer experience, event optimization, conventions, event automation, data capture, event data capture tools, digital advertising, virtual event engagement tools, event marketing, event marketing personalization tools, patron management, marketing analytics, experiential marketing, attendee engagement, merchant services, online ticket sales, onsite ticketing, real-time inventory, donor management, custom reporting, social media promotion, fundraising tools, mobile-first experiences, audience insights, secure payment processing, vip experiences, photo ops, convention management, ticket upgrades, registration capabilities, interactive engagement, event scheduling, branding options, sponsorship opportunities, data-driven campaigns, personalized content, event logistics, seamless admissions, attendance tracking, event performance metrics, ticketing dashboard, transaction security, customer support services, flexible contracts, integrated solutions, non-profit, events services, marketing & advertising, sales, enterprise software, enterprises, computer software, information technology & services, consumer internet, consumers, internet, fund-raising, events, nonprofit organization management",http://www.linkedin.com/in/vaudette,https://leapevent.tech,http://www.linkedin.com/company/leapeventtech,https://www.facebook.com/leapeventtech,https://twitter.com/leapeventtech,Montreal,Quebec,Canada,"10675 Perry Hwy, Wexford, Pennsylvania, United States, 15090",Wexford,Pennsylvania,United States,"","CloudFlare CDN, Route 53, Gmail, Google Apps, Microsoft Office 365, CloudFlare Hosting, Mailchimp Mandrill, Pardot, MailChimp SPF, Amazon AWS, NetSuite, Salesforce, Cloudflare DNS, Sendgrid, Outlook, Microsoft Azure Hosting, Microsoft Application Insights, Webflow, React, GitHub Hosting, Vimeo, Mobile Friendly, Google Tag Manager, Bootstrap Framework, Google Font API, WordPress.org, Android, Remote, AI",25000000,10050000,Private Equity,"",2020-09-01T00:00:00+00:00,"","",false,false,false,false,"",698214a0554c770001938775,698214a0554c7700019387a3,"","","","","","","","",""
Adnan,Smajlovic,"Senior Director, IT Operations & Software Engineering",MaRS Discovery District,MaRS Discovery District,asmajlovic@marsdd.com,Verified,Apollo,Apollo,"",Catch-all,2026-01-08T16:49:01+00:00,Director,"Engineering & Technical, Information Technology, Operations",mathildadanielsui0z@commeunpoissondanslevin.com,"","","",'+1 416-673-8100,'+1 647-964-2674,Cold,sd,"",mathildadanielsui0z@commeunpoissondanslevin.com,160,management consulting,"innovation, business advisory, real estate, incubator, entrepreneurship education, accelerator, startups, business consulting & services, medical research commercialization, health technology, global impact, science and tech companies, consulting, accelerator programs, cleantech, business development support, research labs, collaborative ecosystem, collaborative workspace, clean energy innovations, clean tech funding, biotech incubator, research and development, medical innovation hubs, scientific research, biotech research support, community of innovators, lab and office spaces, tech ecosystem toronto, startups support, venture growth, business acceleration, funding opportunities, mentorship programs, climate tech, industry collaboration, incubator programs, services, healthcare innovation, university spin-offs, government funding, investment facilitation, toronto innovation, sustainable innovation programs, corporate innovation, scale-up support, artificial intelligence, technology ecosystem, economic growth support, enterprise software, startup mentorship, toronto biotech innovation, venture capital, sustainable development, ai-driven solutions, digital health, social enterprise support, healthcare ai applications, industry partnerships, public sector partnership, toronto innovation district, toronto discovery district, medical device commercialization, fintech, social innovation, ai in healthcare, climate tech accelerators, innovation community, research commercialization services, digital health startups, funding access, public health tech, research funding, research and development in the physical, engineering, and life sciences, social impact, technology transfer, climate impact ventures, healthcare research labs, social impact ventures, government, research partnerships, public-private collaboration, technology incubation, technology commercialization, sustainable technology, healthtech scale-up, financial technology, research commercialization, research infrastructure, innovation ecosystem, technology ecosystem toronto, innovation funding, venture funding, climate change solutions, venture capital access, scientific research support, public-private partnership, green technology startups, healthcare startup funding, venture capital and investment, intellectual property, community building, health tech, b2b, innovation and technology, biotechnology, climate resilience solutions, market access, innovation hub, high-impact solutions, environmental impact startups, startup ecosystem toronto, digital health ecosystem, business growth support, startup support, technology incubator, entrepreneurial ecosystem, seed-stage funding, capital connections, business mentorship, sustainable growth, co-working spaces, commercialization services, healthcare innovations, cleantech advancements, ai commercialization, market research support, lab spaces, office spaces, event hosting, networking opportunities, impact investment, ecosystem collaboration, community engagement, entrepreneurial resources, funding programs, startup accelerator, business strategy, research & development, corporate partnerships, workspaces for startups, startup toolkit, public policy initiatives, venture capital connections, international delegations, business scaling, impact areas, social entrepreneurship, economic development, job creation, philanthropic support, climate impact, applied ai, advanced manufacturing, liquid hydrogen technology, waste-derived biosurfactants, healthcare, finance, non-profit, energy & utilities, accelerators, venture capital & private equity, management consulting, information technology & services, enterprises, computer software, sustainability, environmental services, renewables & environment, health, wellness & fitness, finance technology, financial services, social enterprise, health care, hospital & health care, nonprofit organization management",http://www.linkedin.com/in/racingfox,https://marsdd.com,http://www.linkedin.com/company/mars-discovery-district,https://www.facebook.com/MaRSDiscoveryDistrict,http://www.twitter.com/marsdd,"","",Canada,"101 College Street, Toronto, Ontario, Canada, M5G 1L7",Toronto,Ontario,Canada,'+1 416-673-8100,"Salesforce, Cloudflare DNS, Amazon SES, Mailchimp Mandrill, Gmail, Google Apps, Microsoft Office 365, CloudFlare Hosting, Segment.io, Oracle Cloud, VueJS, Pantheon, UptimeRobot, Atlassian Cloud, React Redux, Workday, Lever, Workable, Slack, DoubleClick Conversion, Jobvite, Greenhouse.io, Ruby On Rails, Twitter Advertising, WordPress.org, Google Analytics, Stripe, Google Tag Manager, Gravity Forms, CrazyEgg, Mobile Friendly, Facebook Login (Connect), Pingdom, PowerSchool, Facebook Widget, DoubleClick, Google Maps, New Relic, Breezy HR (formerly NimbleHR), Google Dynamic Remarketing, Google Places, Remote, AI",21000000,4500000,Other,3500000,2024-12-01T00:00:00+00:00,"","",false,false,false,false,"",698214a0554c770001938783,698214a0554c7700019387b0,"","","","","","","","",""
John,Kaczmarowski,VP of Technology,Numinus,Numinus,john.kaczmarowski@numinus.com,Verified,Apollo,Apollo,"","",2026-02-01T13:19:35+00:00,Vp,"",mathildadanielsui0z@commeunpoissondanslevin.com,"","","","","",Cold,sd,"",mathildadanielsui0z@commeunpoissondanslevin.com,78,"health, wellness & fitness","clinical trials, research, ketamine assisted therapy clinics, kat, psychedelicassisted therapy training, pat, psychedelic trials, biotech, wellness & fitness services, psychedelic therapy efficacy studies, psychedelic therapy research, psychedelic medicine research, psychedelic drug research, trauma-informed care, research-driven approach, clinical research partnerships, clinical research in neuropsychiatry, psychedelic-assisted therapy training, therapeutic products, b2c, mental health care, healthcare services, clinical trials for psychedelic drugs, clinical education, psychedelic medicine development, outpatient mental health and substance abuse centers, psychedelic treatments, clinical protocols, psychedelic research collaborations, evidence-based psychedelic protocols, healthcare providers, healthcare, mental health innovation, services, psychedelic drug development process, mental health clinical trials, clinical research in psychedelics, psychedelic-centered products, drug development, provider training, mental health treatments, research and development, psychedelic research in mental health, therapeutic protocols, retail, neurotechnology, provider training programs, psychedelic medicine innovation, neurocare, psychedelic therapy protocols, research in mental health, psychedelic clinical research ethics, mental health research, neuroscience advancements, mental health treatment development, clinical services, clinical research data, psychedelic research funding, clinical research ethics, mental health research in psychedelics, evidence-based medicine, mental health services, consulting, psychedelic-assisted therapy, psychedelic research institutions, evidence-based treatments, north american market, neuropsychedelic research, clinical research facilities, clinical research methodology, ketamine-assisted psychotherapy, psychedelic therapy, psychedelic research studies, medical research, psychedelic research, b2b, mental health solutions, psychedelic therapy research centers, healthcare provider education, neuroscience, client care, healthcare clinics, mental health treatment innovation, digital health, psychedelic treatment protocols, mental health diagnostics, mental health crisis, patient care, professional training, clinical care, healthcare training, research on psychedelic safety, trauma-informed psychedelic care, psychedelic therapy training, psychedelic medicine, psychedelic therapy certification, mental health services in north america, trauma-informed care principles, mental health support, clinical research funding, healthcare innovation, clinical research, innovative mental health solutions, neuroscience research, clinical research services, education, health care, health, wellness & fitness, hospital & health care, research & development, biotechnology, information technology & services",http://www.linkedin.com/in/john-kaczmarowski-64a3289,https://numinusnetwork.com,http://www.linkedin.com/company/numinushealth,"","",Vancouver,British Columbia,Canada,"Vancouver, British Columbia, Canada",Vancouver,British Columbia,Canada,"","Outlook, Google Cloud Hosting, Slack","",27850138,Other,6000000,2024-02-01T00:00:00+00:00,"","",false,false,false,false,"",698214098a21cb00019ee41c,6982140a8a21cb00019ee44c,"","","","","","","","",""
Sean,Cho,Director of Software Engineering,Upstage,Upstage,sean@upstage.ai,Verified,Apollo,Apollo,"",Not Catch-all,2026-01-15T23:14:54+00:00,Director,"Engineering & Technical, Information Technology",mathildadanielsui0z@commeunpoissondanslevin.com,"","","","","",Cold,sd,"",mathildadanielsui0z@commeunpoissondanslevin.com,220,information technology & services,"software development, ai responsiveness, ai model efficiency, ai for financial documents, model optimization, ai for insurance workflows, ai for legal compliance, workflow automation, ai efficiency, ai deployment options, ai for financial analysis, b2b, cost efficiency, computer systems design and related services, multilingual nlp, operational efficiency, ai partnerships, ai for high-stakes industries, ai automation, ai interpretability, ai adaptability, benchmark performance, ai for medical records, enterprise solutions, ai for policy management, ai for legal documents, model evaluation, ai research, ai for underwriting, ai for complex document parsing, ai compliance, on-premises deployment, information technology and services, ai model safety, ai model compliance, ai industry solutions, ai model customization, document parsing, ai model cost efficiency, ai for financial services, ai for customer service, ocr engine, cloud deployment, document processing, large language models, ai reliability, ai for customer support, ai models, multilingual large language models, ai for document automation, ai for healthcare, structured data extraction, ai for legal research, document intelligence, ai model performance, ai for claims processing, ai for insurance, ocr technology, financial services, ai for document processing, ai model training, enterprise document ai, multilingual support, ai for finance, ai for document management, on-premises ai, medical record ai, ai transparency, ai reasoning, llm, ai model optimization, ai for enterprise support, structured data, ai model speed, compliance standards, ai safety, model training, ai accuracy, data security, ai for manufacturing, model fine-tuning, ai customization, japanese nlp, legal document ai, ai scalability, consulting, enterprise ai, ai innovation, ai model grounding, ai for healthcare workflows, ai for legal, ai for enterprise, manufacturing, legal services, natural language processing, model speed, ai for document summarization, ai model development, ai for regulatory compliance, ai for multi-page documents, tool use, ai for medical diagnosis, cloud ai solutions, ai infrastructure, healthcare, model training acceleration, financial document ai, services, ai deployment, insurance claim ai, model grounding, ai for manufacturing documentation, api integration, text extraction, document understanding, korean nlp, large language model, insurance claims automation, ai solutions, data extraction, information extraction, fact-checking, document generation, enterprise search, automated workflows, semantic understanding, real-time processing, performance optimization, korean language proficiency, document classification, automated summarization, contract drafting, data validation, error correction, machine-readable formats, json schema compliance, complex document understanding, cloud integration, api access, commercial applications, data integrity, document digitization, scalable automation, ai-driven transformation, rag systems, table recognition, chart recognition, customer support, user-friendly interface, data privacy compliance, high accuracy, low-code solutions, custom ai models, embedded document processing, seamless deployment, multi-language capabilities, deep learning technologies, streamlined workflows, saas, finance, legal, information technology & services, computer & network security, mechanical or industrial engineering, artificial intelligence, health care, health, wellness & fitness, hospital & health care, enterprise software, enterprises, computer software",http://www.linkedin.com/in/upstage-sean,https://upstage.ai,http://www.linkedin.com/company/upstageai,https://facebook.com/upstageai,https://twitter.com/upstageai,Vancouver,British Columbia,Canada,"3003 N 1st St, San Jose, California, United States, 95134",San Jose,California,United States,"","Salesforce, Cloudflare DNS, Gmail, Google Apps, Microsoft Office 365, Typeform, Paddle, SendInBlue, Multilingual, DoubleClick, Google Tag Manager, Hotjar, Google Dynamic Remarketing, Mobile Friendly, Google AdWords Conversion, Facebook Custom Audiences, Typekit, Google Font API, YouTube, Squarespace ECommerce, Facebook Widget, Linkedin Marketing Solutions, DoubleClick Conversion, Google Analytics, Facebook Login (Connect), AI, CallMiner Eureka, Google Cloud Document AI, Azure Data Lake Storage, Tor, AWS Trusted Advisor, Microsoft Azure Monitor, SLURM Workload Manager, NetBox, Ansible, Terraform, Zabbix, Prometheus, Grafana, Ning, IGEL Endpoints, Act!, UPS, Zoho CRM, Mode, Front, Toolkit, Kubernetes, Amazon EKS Anywhere, Argocd, GitHub Actions, .NET",19000000,153380000,Series B,46000000,2025-08-01T00:00:00+00:00,"","",false,false,false,false,"",698214098a21cb00019ee41f,6982140a8a21cb00019ee44f,"","","","","","","","",""
Sharnav,Banik,"Director, Software Engineering and QA",ATX Networks Corp.,ATX,sbanik@atx.com,Verified,Apollo,Apollo,"",Not Catch-all,2026-01-04T20:23:14+00:00,Director,"Engineering & Technical, Information Technology",mathildadanielsui0z@commeunpoissondanslevin.com,"","","",'+1 289-204-7800,"",Cold,sd,"",mathildadanielsui0z@commeunpoissondanslevin.com,250,telecommunications,"manufacturing, access network solutions, video network solutions, radio network solutions, cable sector, satellite sector, commercial sector, enterprise sector, rf management, gateways, mini headends, encoders, transcoders, rf filters, backup power, peak shaving, hybrid supercapacitors, energy storage, amplifiers, optical nodes, energy arbitrage, digital optical transport, optical hub, distributed access architecture, daa, docsis 40, docsis 31plus, docsis 31, managed video, commercial video, hfc, access networking, broadband, rf taps, rf passives, setback boxes, channel insertion, encoding, video processing, video distribution, optical transport, b2b, fiber reclamation, broadband access, consulting, remote monitoring, smart failover features, sustainable energy, professional services, visium mvp, fiber optics, network optimization, cable television, outside plant, docsis 3.1, semiconductor and other electronic component manufacturing, fiber reclamation solutions, media distribution solutions, media content management, ip-based video, long-reach optical transport, services, multi-channel support, energy efficiency, gigaxtend gs7 node, remote configuration, gigaxtend amplifiers, network certification, fiber deep, rf taps and passives, media gateways, network reliability, gigawave optical hub, telecommunications, rdof support, docsis 4.0, media distribution, areca hybrid supercapacitors, distribution, energy & utilities, mechanical or industrial engineering, oil & energy, professional training & coaching, environmental services, renewables & environment",http://www.linkedin.com/in/sharnavbanik,https://atx.com,http://www.linkedin.com/company/atx,"",https://twitter.com/atxnetworkscorp,Mississauga,Ontario,Canada,"1602 Tricont Ave, Whitby, Ontario, Canada, L1N 7C3",Whitby,Ontario,Canada,'+1 289-204-7800,"Cloudflare DNS, CloudFlare Hosting, Salesforce, ExactTarget, Outlook, Pardot, Microsoft Office 365, Pantheon, Atlassian Cloud, Slack, Salesforce Live Agent, Remote",124700000,"",Merger / Acquisition,0,2006-06-01T00:00:00+00:00,H.I.G. Capital (hig.com),"",false,false,false,false,"",698214a0554c770001938776,698214a0554c7700019387a4,"","","","","","","","",""
Alexandre,Rimthong,"","","","",Unavailable,"","","","","","","",mathildadanielsui0z@commeunpoissondanslevin.com,"","","","","",Cold,sd,"","","","","",http://www.linkedin.com/in/rimthong,"","","","",Montreal,Quebec,Canada,"","","","","","","","","","","","","",false,false,false,false,"",698214a0554c770001938778,"","","","","","","","","",""
Shane,Bostock,Senior Director of Software Engineering,Zetron,Zetron,shane.bostock@zetron.com,Verified,Apollo,Apollo,"",Not Catch-all,2026-01-05T20:33:53+00:00,Director,"Engineering & Technical, Information Technology",mathildadanielsui0z@commeunpoissondanslevin.com,"","","",'+1 425-820-6363,"",Cold,sd,"",mathildadanielsui0z@commeunpoissondanslevin.com,250,telecommunications,"mission critical communications global reach & local presence, mission critical communications, command and control solutions, max dispatch, max call taking, max fire station alerting, max cad, gis mapping, public safety, next generation 9-1-1, emergency response, land mobile radio, acom solutions, project management services, technical support, workforce management, cyber security for public safety, interoperable communications systems, emergency communications, real-time field communication, utility communication solutions, transportation management systems, healthcare communications, training services, professional services, technical documentation, remote diagnostics, installation and integration services, system upgrades, quality assurance programs, comprehensive service support, customer support ecosystem, safety communication solutions, emergency management, field data collection, cloud-based dispatch solutions, network design, customer satisfaction, commercial communications systems, telecommunications infrastructure, fleet management, data security solutions, performance analysis, emergency call handling, technology integration, system resourcing, regulatory compliance services, service contracts, customer training programs, knowledge sharing, b2b, government, consulting, services, professional training & coaching",http://www.linkedin.com/in/shane-bostock,https://zetron.com,http://www.linkedin.com/company/zetron,https://facebook.com/zetroninc,https://twitter.com/zetroninc,Victoria,British Columbia,Canada,"12034 134th Ct NE, Redmond, Washington, United States, 98052",Redmond,Washington,United States,'+1 425-820-6363,"Microsoft Office 365, Google Cloud Hosting, Amazon AWS, Route 53, Outlook, Nginx, WordPress.org, Google Tag Manager, Mobile Friendly, reCAPTCHA, DoubleClick, Hotjar, Remote",30000000,"",Merger / Acquisition,0,2021-03-01T00:00:00+00:00,Codan Limited (codan.com.au),"",false,false,false,false,"",698214a0554c77000193877d,698214a0554c7700019387aa,"","","","","","","","",""
Sylvain,Poudrier,Director of Software Engineering,STACK Construction Technologies,STACK Construction,spoudrier@stackct.com,Verified,Apollo,Apollo,"",Catch-all,2026-01-12T22:57:13+00:00,Director,"Engineering & Technical, Information Technology",mathildadanielsui0z@commeunpoissondanslevin.com,"","",'+1 819-469-8337,'+1 866-702-6078,"",Cold,sd,"",mathildadanielsui0z@commeunpoissondanslevin.com,160,construction,"construction software, construction estimating, construction takeoff, construction estimating software, construction takeoff software, mobile, saas, construction, information technology, enterprise software, software, cloud-based software, construction technology, preconstruction solutions, estimating software, takeoff software, project management tools, collaboration tools, document management, construction management, real-time collaboration, construction professionals, general contractors, subcontractors, suppliers, digital transformation, efficiency, accuracy, profitability, user-friendly interface, small to medium-sized businesses, construction industry, commercial construction, residential construction, infrastructure, customer support, training, automation, templates, customizable estimates, proposal management, intelligent reporting, integration, competitive pricing, innovative technology, mission-critical functionality, bid management, construction documents, project collaboration, construction software solutions, cloud-based construction software, integrated bid management, workflow automation, version comparison, project management, version control, custom workflows, project management platform, regional cost data, digital measurement tools, project tracking, real estate, automated plan search, ai-powered ocr, mobile app, regional pricing data, engineering services, document control, cost estimation, hyperlinking plans, data security, offline data capture, estimating and takeoff tools, field collaboration, plan overlay, as-built documentation, b2b, real_estate, internet, information technology & services, computer software, enterprises, productivity, computer & network security",http://www.linkedin.com/in/sylvain-poudrier-32775736,https://stackct.com,http://www.linkedin.com/company/stack-construction-technologies,https://www.facebook.com/STACKConstructionTechnologies,https://twitter.com/stackcontech,"",Quebec,Canada,"9999 Carver Rd, Cincinnati, Ohio, United States, 45242-5583",Cincinnati,Ohio,United States,'+1 866-702-6078,"Outlook, Microsoft Office 365, Google Cloud Hosting, VueJS, UptimeRobot, WP Engine, Atlassian Cloud, OneTrust, Barracuda Networks, Chargebee, Hubspot, Slack, Salesforce, WordPress.org, Mobile Friendly, Typekit, Incapsula, Google Play, Google Tag Manager, DoubleClick, Remote, Reviews, AI, Procore",31800000,29299996,Other,2999996,2025-08-01T00:00:00+00:00,"","",false,false,false,false,"",698214098a21cb00019ee418,6982140a8a21cb00019ee448,"","","","","","","","",""
Anatoly,Kudrevatykh,Director of Software Engineering,WonderFi,WonderFi,toly@wonder.fi,Verified,Apollo,Apollo,"",Not Catch-all,2026-01-20T15:59:23+00:00,Director,"Engineering & Technical, Information Technology",mathildadanielsui0z@commeunpoissondanslevin.com,"","","",'+1 888-777-0836,'+1 604-346-5296,Cold,sd,"",mathildadanielsui0z@commeunpoissondanslevin.com,110,financial services,"",http://www.linkedin.com/in/akudrevatykh,https://wonder.fi,http://www.linkedin.com/company/wonderfi,https://facebook.com/p/WonderFi-100076162277390/,https://twitter.com/wonderfi,Vancouver,British Columbia,Canada,"371 Front St W, Toronto, Ontario, Canada, M5V 3S8",Toronto,Ontario,Canada,'+1 888-777-0836,"Cloudflare DNS, Route 53, Sendgrid, Outlook, MailChimp SPF, Microsoft Office 365, Zendesk, Netlify, Webflow, Slack, Render, Figma, React",40182000,"","","","",Robinhood (robinhood.com),"",false,false,false,false,"",698214098a21cb00019ee426,6982140a8a21cb00019ee456,"","","","","","","","",""
Martin,Ryalen,Director of Software Engineering,Auvik,Auvik,mryalen@auvik.com,Verified,Apollo,Apollo,"",Not Catch-all,2026-01-19T09:05:05+00:00,Director,"Engineering & Technical, Information Technology",mathildadanielsui0z@commeunpoissondanslevin.com,"","","",'+1 519-804-4700,"",Cold,sd,"",mathildadanielsui0z@commeunpoissondanslevin.com,330,computer networking,"network management, saas, network monitoring, network mapping, wifi, enterprise software, networking, software, information technology, computer networking products, device management, network performance monitoring, hybrid & remote support, network security & compliance monitoring, network topology mapping, network performance trends, network troubleshooting scripts, network device support, configuration version control, network management software, remote network monitoring, traffic flow analysis, network traffic analysis tools, network configuration, device support support, cloud-native network management, network security & compliance, configuration backup, network mapping & visualization, network security alerts, msp solutions, it operations, ai spend management, network traffic monitoring, network security compliance, network performance forecasting, network capacity optimization, network infrastructure automation, network performance optimization tools, network policy enforcement, network security policy enforcement, configuration backup & versioning, network device discovery, vendor api integration, services, network backup & recovery, network security monitoring, hybrid network support, hybrid cloud network support, cloud computing, operational efficiency, multi-vendor device support, alert customization, network performance, shadow it discovery, b2b, cloud network monitoring, network traffic deep inspection, network troubleshooting tools, configuration management, multi-site network management, information technology and services, snmp support, network data analytics platform, network troubleshooting, traffic analysis, network discovery & mapping, automated network documentation, government, network security management, network infrastructure, network analytics, remote access, network topology visualization, wi-fi network troubleshooting, computer systems design and related services, device configuration backup, real-time network insights, network capacity planning, network management for msps, wi-fi network diagnostics, managed service providers (msps), network device inventory automation, traffic pattern analysis, it infrastructure, network data analytics, netflow monitoring, device inventory, device inventory automation, network security, network automation, wi-fi troubleshooting, remote network management, network change detection, network monitoring for msps, network troubleshooting automation, proactive monitoring, network change management, automated network discovery, customer experience, network security threat detection, network performance optimization, saas management, network data visualization, network asset management, cloud-based software, network security incident detection, network incident response, network performance analytics, cloud deployment, network configuration management, network monitoring saas, msp network management, network monitoring api, network device discovery automation, network change tracking, network device configuration backup, network device inventory, network alerts, wi-fi troubleshooting tools, remote endpoint performance monitoring, network automation platform, proactive network alerts, network management dashboard, network security tools, shadow it detection, telecommunications, automation, real-time visibility, network infrastructure management, multi-vendor support, remote endpoint monitoring, healthcare, finance, education, manufacturing, distribution, computer software, information technology & services, enterprises, computer & network security, health care, health, wellness & fitness, hospital & health care, financial services, mechanical or industrial engineering",http://www.linkedin.com/in/martin-ryalen-67482a53,https://auvik.com,http://www.linkedin.com/company/auvik,https://www.facebook.com/AuvikOfficial/,https://twitter.com/AuvikOfficial,Newmarket,Ontario,Canada,"180 Columbia Street West, Waterloo, Ontario, Canada, N2L 3L3",Waterloo,Ontario,Canada,'+1 519-804-4700,"Cloudflare DNS, Gmail, Google Apps, Microsoft Office 365, Route 53, Amazon AWS, Vidyard, WP Engine, Atlassian Cloud, Leadfeeder, StackAdapt, Marketo, Amazon SES, Zendesk, Slack, Salesforce, Mobile Friendly, Visual Website Optimizer, WordPress.org, Google Tag Manager, Wistia, Remote, AI, IoT, Node.js, Android, Intuit, Stitch, Snowflake, dbt, Looker, AWS Trusted Advisor, Python, SQL, React, TypeScript, GraphQL, go+, Scala, Apache Kafka, Kubernetes",144400000,288080000,Merger / Acquisition,0,2022-10-01T00:00:00+00:00,"","",false,false,false,false,"",6982145fd00f7f000117145b,69821460d00f7f0001172057,"","","","","","","","",""
Donizette,Domingues,Director of Software Engineering,Trackforce,Trackforce,donizette.domingues@tracktik.com,Verified,Apollo,Apollo,"","",2026-02-03T12:23:13+00:00,Director,"Engineering & Technical, Information Technology",mathildadanielsui0z@commeunpoissondanslevin.com,"","","",'+1 845-474-0033,"",Cold,sd,"",mathildadanielsui0z@commeunpoissondanslevin.com,470,information technology & services,"security management software, officer management software, workforce management software, officer management technology, mobile applications, security officer applications, lone worker protection, guard tour software, guard time, attendance, incident management, software development, security risk assessment, security incident response, security patrol automation, security certifications, payroll automation, security personnel tracking, security data analytics, security system integration, cloud platform, security compliance, security client reporting, security performance monitoring, security dashboards, incident reporting, security site management, multi-language support, disaster recovery, mobile access, security data security standards, talent management, security operational efficiency tools, security compliance solutions, security client management platform, security workforce analytics, security services, services, multi-site security management, security operational resilience, guarding companies, security data ownership, security data ownership control, security data reporting, security risk mitigation tools, security performance metrics, security guard tour management, security data integration api, security industry solutions, security workflow automation tools, scalability, security automation, multi-region deployment, security operational tools, security site monitoring, security incident reporting, aws cloud, risk management, security risk management, security performance analytics, compliance management, security operations, security operational efficiency, guard tour management, security patrol software, cloud security, security industry software, security management system, incident management system, api ecosystem, security incident tracking system, security scheduling, multilingual support, security workforce optimization software, government, security data security, security policy enforcement software, security reporting tools, global security solutions, security compliance standards, security data centralization platform, real-time data, real-time tracking, security data integration, security personnel scheduling software, api integration, operational efficiency, security workforce optimization, management consulting services, enterprise security, security risk assessment tools, security data centralization, security workflow automation, security software, security client management, multi-site management, security policy enforcement, mobile patrol management, data security, security platform, security workforce management, security performance analytics tools, risk reduction, information technology and services, security risk mitigation, data analytics, compliance tracking, b2b, security guard software, data replication, employee management, employee scheduling, security incident tracking, security workforce management saas, security analytics, security client portal, security site oversight, security operations automation, security compliance management, security compliance automation, security incident response system, security personnel scheduling, guard management software, guard tour app, incident reporting software, time and labor management, command center dashboard, guard accountability, mobile security solutions, visitor management system, payroll management software, guard tracking system, geolocation tracking, compliance risk management, post order management, automated reporting, shift management, activity reporting, duty assignment notifications, mobile compliance checks, dashboards and analytics, client reporting, incident response tracking, training and compliance alerts, configurable reporting tools, multi-client security operations, emergency communication solutions, safety monitoring, security patrol management, hr integration tools, user-friendly interface, automated notifications, data analytics for security, task management software, guard performance metrics, time theft prevention, mobile incident reporting, incident command response, configuration flexibility, dispatch management, geofencing solutions, operational insights, cost reduction strategies, mobile apps, information technology & services, computer & network security",http://www.linkedin.com/in/donizette,https://trackforce.com,http://www.linkedin.com/company/trackforcesolutions,https://facebook.com/trackforcesolutions,https://twitter.com/gotrackforce,Montreal,Quebec,Canada,"550 Reserve Street, Southlake, Texas, United States, 76092",Southlake,Texas,United States,'+1 845-474-0033,"NetSuite, Salesforce, Cloudflare DNS, Outlook, Microsoft Office 365, Zendesk, CloudFlare Hosting, SalesLoft, Slack, Hubspot, Tor, Datapipe, Gong, E-planning, Bob, Zendesk Explore, PHP, VueJS, MySQL, AWS Trusted Advisor, Amazon Simple Queue Service (SQS), Lambda Cloud, Amazon CloudWatch, CDK, ECS",73800000,7400000,Venture (Round not Specified),7400000,2017-01-10T00:00:00+00:00,"","",false,false,false,false,"",6982145fd00f7f000117145f,69821460d00f7f000117205b,"","","","","","","","",""
Ilango,Rajaraam,Head of Solution Implementation,Quickplay,Quickplay,ilango.r@quickplay.com,Verified,Apollo,Apollo,"",Catch-all,2026-01-23T07:53:51+00:00,Head,"",mathildadanielsui0z@commeunpoissondanslevin.com,"","","",'+1 416-420-3538,"",Cold,sd,"",mathildadanielsui0z@commeunpoissondanslevin.com,240,entertainment,"cloud infrastructure optimization, content discovery tools, ott cloud transformation, personalization and discovery, data analytics for engagement, multi-platform distribution, cloud-native platform, live sports video processing, content library analysis, short-form video creation, content library monetization, video metadata tagging, video on demand (vod), shorts creation from live sports, content discovery via ai, content workflow automation, b2b, content ingestion and validation, information technology, automated highlight extraction, content personalization, business intelligence, content lifecycle management, ai-powered metadata enrichment, video content management, software publishing, generative ai, social media optimized content, ai metadata enrichment, multi-platform content publishing, scalable ott solutions, automated content clipping, short-form content workflow, multi-screen user experience, metadata scene-by-scene analysis, software publishers, ai-driven content analysis, vertical video editing tools, live event streaming, content monetization, live sports streaming, ai scene detection, user experience, ai-powered content tagging, media and entertainment, services, scalability and performance, distribution, analytics, information technology & services, ux",http://www.linkedin.com/in/ilango-rajaraam,https://quickplay.com,http://www.linkedin.com/company/quickplay-ott,https://facebook.com/QuickPlayMedia/,http://twitter.com/QuickPlayMedia,Mississauga,Ontario,Canada,"257 Adelaide St W, Toronto, Ontario, Canada, M5H 1X9",Toronto,Ontario,Canada,'+1 416-420-3538,"Route 53, Gmail, Pardot, Google Apps, Amazon AWS, Microsoft Office 365, Atlassian Cloud, Workday, Slack, Kubernetes, CloudFlare, WP Engine, Salesforce Live Agent, Salesforce, Mobile Friendly, Google Tag Manager, WordPress.org, Remote, AI, Mode, Ptengine, Jira, Looker, Google Analytics, ServiceNow, Jenkins X, Maven, Terraform, Jenkins, Ansible, Hashicorp Packer, Docker, Docker Swarm, Rancher Labs, HELM, Git, MySQL, Couchbase, AWS Trusted Advisor, Microsoft Azure Monitor, IBM ILOG CPLEX Optimization Studio, Pulumi, REST, GraphQL, GRPC, JWT, TypeScript, Javascript, Confluence, Bitbucket",61800000,196274500,Merger / Acquisition,0,2016-05-01T00:00:00+00:00,JuneFirst (junefirst.tv),"",false,false,false,false,"",698214a0554c770001938771,698214a0554c77000193879f,"","","","","","","","",""
Nicholas,Robichaud,Director of Product,VERB Interactive,VERB Interactive,nick.robichaud@verbinteractive.com,Verified,Apollo,Apollo,"",Catch-all,2026-01-12T18:25:39+00:00,Director,Product,mathildadanielsui0z@commeunpoissondanslevin.com,"","","",'+1 902-444-7656,"",Cold,sd,"",mathildadanielsui0z@commeunpoissondanslevin.com,260,marketing & advertising,"digital marketing, website & mobile app development, seo, paid search advertising, social media marketing, website, social & campaign analytics, marketing services, immersive digital experiences, destination marketing, tourism sector, digital strategy, branding, tourism sector growth strategies, technology integration, influencer marketing, management consulting services, digital transformation, tourism sector analytics, interactive platform development, creative design, canadian tourism data collective, ai-assisted product design, brand strategy, website and app development, media planning, canada-us operations, digital platforms, sustainable tourism marketing, hospitality marketing, technology consulting, seo and social media, customer engagement, campaign management, creative marketing, change management, technology solutions, analytics and reporting, client counsel, partnerships with google and destination canada, omnichannel marketing, industry innovation, consulting, email marketing, industry collaboration, luxury travel marketing, destination branding, conversion optimization, digital advertising, data-informed content strategy, infrastructure management, talented team, trend forecasting, content creation, immersive travel marketing, user experience design, sales enablement, b2b, e-commerce, market research, information technology, travel and hospitality, insights reporting, tourism data analytics, guest experience optimization, tourism industry partnerships, digital experience design, industry-specific expertise, digital tourism solutions, media buying, ai-powered data platforms, performance marketing, user experience, data-driven insights, long-term client partnerships, services, content marketing, booking solutions, tourism innovation, performance media, luxury travel, security and compliance, client relationship management, travel industry, security solutions, resorts, cms solutions, tourism, data analytics, cloud infrastructure, digital media, social media management, website development, application development, customer retention, strategy consulting, analytics, travel marketing, seo strategy, client relationship, business growth, brand development, booking integrations, travel technology, ai insights, trend analysis, travel brands, cms development, social media strategy, guest experience, analytics reporting, partnership management, workshops, performance optimization, interactive platforms, community building, creative campaigns, marketing analytics, content strategy, data-driven marketing, sustainable tourism, interaction design, marketing & advertising, information technology & services, search marketing, marketing, consumer internet, consumers, internet, management consulting, ux, leisure, travel & tourism, enterprise software, enterprises, computer software, internet infrastructure, web development, app development, apps, software development, strategic consulting",http://www.linkedin.com/in/nicholas-robichaud-55a36619,https://verbinteractive.com,http://www.linkedin.com/company/verb-interactive-inc-,https://www.facebook.com/verbinteractive,https://twitter.com/verbinteractive,Bedford,Nova Scotia,Canada,"1668 Barrington St, Halifax, Nova Scotia, Canada, B3J 2A2",Halifax,Nova Scotia,Canada,'+1 902-444-7656,"Cloudflare DNS, Gmail, Google Apps, MailChimp SPF, Microsoft Office 365, CloudFlare Hosting, Drupal, Jira, Atlassian Confluence, React Redux, The Trade Desk, Webflow, Workable, Slack, Typekit, Google Tag Manager, Vimeo, Mobile Friendly, BugHerd, Android, Remote, AI",72300000,"","","","","","",false,false,false,false,"",698214c808ff670011f30075,698214c808ff670011f30082,"","","","","","","","",""
Robert,Willems,Director of Software Engineering,Musora,Musora,robert@musora.com,Verified,Apollo,Apollo,"",Catch-all,2026-01-21T18:35:53+00:00,Director,"Engineering & Technical, Information Technology",mathildadanielsui0z@commeunpoissondanslevin.com,"","","",'+1 800-439-8921,'+1 604-210-1303,Cold,sd,"",mathildadanielsui0z@commeunpoissondanslevin.com,120,e-learning,"on-demand courses, offline practice options, community support, licensed sheet music, personalized feedback, musical goals, music skill development, multi-instrument learning, music community, beginners to advanced, granmmy winners instructors, learning multiple instruments, multi-instrument instruction, educational services, music education, fine arts schools, music for all ages, b2b, video lessons, step-by-step curriculum, b2c, practice exercises, ear training, music instruction, interactive practice tools, risk-free trial, flexible learning, e-learning, online music lessons, d2c, services, live feedback, money-back guarantee, musical confidence, music theory, progress tracking, song library, world-class instructors, saas, education, professional training & coaching, internet, information technology & services, computer software, education management",http://www.linkedin.com/in/robert-willems-13b69a67,https://musora.com,http://www.linkedin.com/company/musora,"","",Abbotsford,British Columbia,Canada,"31265 Wheel Ave, Abbotsford, British Columbia, Canada, V2T 6H2",Abbotsford,British Columbia,Canada,'+1 800-439-8921,"Cloudflare DNS, Rackspace MailGun, Gmail, Google Apps, Helpscout, CloudFlare Hosting, Slack, Google Analytics, Google Dynamic Remarketing, DoubleClick, Facebook Custom Audiences, Amazon Associates, Shopper Approved, reCAPTCHA, greyscale - grey, Vimeo, Google Tag Manager, Hotjar, Visual Website Optimizer, Paypal, Facebook Widget, Facebook Login (Connect), Inspectlet, Mobile Friendly, DoubleClick Conversion, Google Play, Customer.IO, Remote, AI, Facebook, Discord, Google, Vanilla Forums, React Native, Git",16000000,"","","","","","",false,false,false,false,"",698214098a21cb00019ee42c,6982140a8a21cb00019ee45b,"","","","","","","","",""
Jason,Gilliss,Director of Software Engineering,Introhive,Introhive,jason.gilliss@introhive.com,Verified,Apollo,Apollo,"",Catch-all,2026-01-28T17:56:58+00:00,Director,"Engineering & Technical, Information Technology",mathildadanielsui0z@commeunpoissondanslevin.com,"","","",'+1 866-824-5452,"",Cold,sd,"",mathildadanielsui0z@commeunpoissondanslevin.com,230,information technology & services,"lead generation, lead discovery, contact management, data automation, relationship management, crm cleansing, social selling, social analytics, sales analytics, relationship intelligence, enterprise relationship management, predictive insights, data capture, data quality management, data enrichment, data cleanse, premeeting intelligence, revenue acceleration, revenue operations, sales operations, marketing operations, software development, marketing & advertising, sales, information technology & services",http://www.linkedin.com/in/jasongilliss,https://introhive.com,http://www.linkedin.com/company/introhive,https://www.facebook.com/Introhive/,https://twitter.com/introhive,Fredericton,New Brunswick,Canada,"440 King St, Fredericton, New Brunswick, Canada, E3B 5H8",Fredericton,New Brunswick,Canada,'+1 866-824-5452,"Salesforce, Route 53, Gmail, Google Apps, Microsoft Office 365, Amazon AWS, CloudFlare Hosting, Cloudflare DNS, Media Temple SSL, Atlassian Cloud, OneTrust, React, Hubspot, Slack, Google Analytics, Linkedin Marketing Solutions, Google Maps, Typekit, Adobe Media Optimizer, reCAPTCHA, Cedexis Radar, DoubleClick, DoubleClick Conversion, Facebook Custom Audiences, Vimeo, Google Maps (Non Paid Users), Advertising.com, Google Dynamic Remarketing, Google Font API, Ruby On Rails, Facebook Widget, Bing Ads, Mobile Friendly, YouTube, WordPress.org, Google Tag Manager, Facebook Login (Connect), Remote, AI, PowerBI Tiles, Sage Intacct",75000000,123800000,Series C,100000000,2021-06-01T00:00:00+00:00,"","",false,false,false,false,"",6982145fd00f7f000117144c,69821460d00f7f0001172048,"","","","","","","","",""
Andrew,Potapov,"Director, Software Engineering",Leap Tools,Leap Tools,andrewpotapov@leaptools.com,Verified,Apollo,Apollo,"",Not Catch-all,2026-01-07T17:02:12+00:00,Director,"Engineering & Technical, Information Technology",mathildadanielsui0z@commeunpoissondanslevin.com,"","","",'+1 416-624-5905,"",Cold,sd,"",mathildadanielsui0z@commeunpoissondanslevin.com,210,information technology & services,"augmented reality, machine vision, technology, visualization, javascript, python, engineer, sales, computer vision, software development, innovation in ar, ar app development, virtual coffee chats, customer engagement, home improvement, partnerships with retailers, space visualization, remote engagement, visualization tools, home decor, ar for furniture, ar software, tech r&d, customer experience, b2b, virtual events, information technology and services, computer systems design and related services, construction & real estate, product visualization tools, d2c, retail, ar for interior design, e-commerce, user experience, immersive technology, collaborative culture, ar for home decor, services, sales growth, digital transformation, user impact, ar solutions, ar technology, virtual paint parties, visualization platform, multilingual support, ar for retail, tech innovation, room visualizer, global cloud infrastructure, digital visualization, cloud infrastructure, global expansion, interior design, market expansion, rapid growth, escape rooms, roomvo, weekly yoga classes, proprietary ar tech, ar for retail brands, product visualization, distribution, consumer products & retail, information technology & services, artificial intelligence, consumer internet, consumers, internet, ux, enterprise software, enterprises, computer software, internet infrastructure",http://www.linkedin.com/in/andrewpotapov,https://leaptools.com,http://www.linkedin.com/company/leap-tools,"","",Toronto,Ontario,Canada,"1255 Bay St, Toronto, Ontario, Canada, M5R 2A9",Toronto,Ontario,Canada,'+1 416-624-5905,"Amazon CloudFront, Route 53, Amazon SES, Gmail, Amazon Elastic Load Balancer, Google Apps, Microsoft Office 365, Amazon AWS, Slack, Salesforce, Mobile Friendly, WordPress.org, Google Tag Manager, Reviews, Google Ads, Facebook, TypeScript, Next.js, React, Redux, Python, Django, PostgreSQL, ROOM, Kubernetes, Amazon DynamoDB, AWS Trusted Advisor, Microsoft Azure Monitor, PyTorch, TensorFlow, GRPC, Three.js, React Redux, Visio, dbt, Redshift, C#",28900000,"","","","","","",false,false,false,false,"",6982145fd00f7f0001171455,69821460d00f7f0001172051,"","","","","","","","",""
Derrick,Schmidt,Senior Director of Software Engineering,Greenlight Guru,Greenlight Guru,derrick.schmidt@greenlight.guru,Verified,Apollo,Apollo,"",Catch-all,2026-01-06T09:37:06+00:00,Director,"Engineering & Technical, Information Technology",mathildadanielsui0z@commeunpoissondanslevin.com,"","","",'+1 317-960-4220,"",Cold,sd,"",mathildadanielsui0z@commeunpoissondanslevin.com,210,information technology & services,"medical devices, design control, regulatory compliance, quality management, risk management, fda 510, document control, qms software, quality management system, iso 13485, iso 14971, fda 21 cfr part 820, fda 21 cfr part 11, postmarket surveillance, quality system regulations, electronic data capture, iso 14155, clinical data, clinical investigations, edc system, clinical data capture software, software development, eqms, risk assessment, medical equipment and supplies manufacturing, innovation, supplier management, design validation, workflow automation, project management, design history file, product lifecycle, medical device software, change control, medical device risk software, product development, cloud-based software, healthcare technology, operational efficiency, audit readiness, clinical data management, medical device manufacturing, regulatory documentation, 21 cfr part 11, healthcare software, post-market surveillance, medical device industry, design verification, b2b, fda regulations, product lifecycle management, traceability, medtech, regulatory submission support, capa management, digital transformation, qms, automation, training management, clinical data collection tools, product change management, document management, clinical trials software, clinical data collection, supplier collaboration, medtech lifecycle tools, medtech software, edc, audit management, iso 13485 compliant, electronic case report forms, ecrf, electronic patient reported outcomes, epro, ad-hoc data collection, change management, nonconformance management, complaint management, data traceability, agile project management, quality assurance, training compliance, medtech lifecycle, clinical evidence management, fda submission, medtech innovations, automated workflows, quality events tracking, capa solutions, digital document control, risk assessment tools, supplier audits, regulatory submissions, medical device lifecycle, validation services, patient safety compliance, quality improvement, healthcare, manufacturing, hospital & health care, information technology & services, productivity, health care, health, wellness & fitness, mechanical or industrial engineering",http://www.linkedin.com/in/derrickaschmidt,https://greenlight.guru,http://www.linkedin.com/company/greenlight-guru,https://www.facebook.com/greenlightguru/,https://twitter.com/greenlightguru,"","",Canada,"601 S Meridian St, Indianapolis, Indiana, United States, 46225-1209",Indianapolis,Indiana,United States,'+1 317-960-4220,"Salesforce, Route 53, Amazon SES, Gmail, Google Apps, Microsoft Office 365, Mailchimp Mandrill, Outlook, Backbone JS Library, SalesLoft, Drift, React Redux, Grafana, Teachable, Webflow, Vzaar, Google Remarketing, Linkedin Login, Google AdSense, Google Analytics, Hubspot, Visual Website Optimizer, Facebook Custom Audiences, Google Dynamic Remarketing, Linkedin Widget, New Relic, Vimeo, Linkedin Marketing Solutions, Mobile Friendly, WordPress.org, Google AdWords Conversion, Facebook Login (Connect), JW Player, DoubleClick Conversion, CrazyEgg, Greenhouse.io, YouTube, Facebook Widget, LeadPages, Hotjar, DoubleClick, Wistia, Segment.io, Google Tag Manager, Bing Ads, Typekit, Remote, AI, Reviews, React",32900000,121300000,Venture (Round not Specified),120000000,2021-06-01T00:00:00+00:00,"","",false,false,false,false,"",698214a0554c770001938774,698214a0554c7700019387a2,"","","","","","","","",""
Brice,Aminou,Director of Software Engineering,Stella Mental Health,Stella Mental Health,brice.aminou@stellacenter.com,Verified,Apollo,Apollo,"",Not Catch-all,2026-01-19T08:27:34+00:00,Director,"Engineering & Technical, Information Technology",mathildadanielsui0z@commeunpoissondanslevin.com,"","","",'+1 773-825-3671,'+1 418-931-1231,Cold,sd,"",mathildadanielsui0z@commeunpoissondanslevin.com,140,mental health care,"spravato, stellate ganglion block, dual sympathetic reset, transcrainal magnetic stimulation, depression, anxiety, ptsd, ptsi, ketamine infusion therapy, trd, mdd, mental health, interventional psychiatry, behavioral health, medication management, clinical outcomes, long covid treatment, d2c, psychiatry, biological injury to brain, offices of physicians, biological injury model, treatment-resistant depression, biological treatments, mental health services, tms (transcranial magnetic stimulation), sgb (stellate ganglion block), evidence-based mental health care, psychiatric medication management, healthcare, trauma-informed care, brain circuit rewiring, fda-approved treatments, b2c, advanced psychiatric treatments, ketamine therapy, neurostimulation, trauma-related conditions, neuroplasticity therapies, services, sgb, ketamine infusion, tms, treatment resistant depression, psychopharmacology, transcranial magnetic stimulation, nasal spray, evidence-based treatment, mental health care, sympathetic nervous system, patient-centered care, integration therapy, holistic approach, symptom relief, mental trauma, rapid antidepressant effects, fda approved treatments, in-office treatment, nourishment of brain circuits, neurotransmitter regulation, guarantor of safety, iv infusion therapy, clinical guidelines, advanced practice providers, personalized treatment plans, healthcare financing, patient testimonials, supportive environment, psychological support, mental health challenges, neural pathways, emotional healing, sleep disorders, behavioral therapy, chronic pain management, cognitive function improvement, mood regulation, medically guided therapy, long-term outcomes, hospital & health care, health care, health, wellness & fitness",http://www.linkedin.com/in/brice-aminou,https://stellamentalhealth.com,http://www.linkedin.com/company/stellamentalhealth,https://facebook.com/StellaTraumaCare/,https://twitter.com/stellatrauma?lang=en,"","",Canada,"1 E Oakhill Dr, Westmont, Illinois, United States, 60559",Westmont,Illinois,United States,'+1 773-825-3671,"Cloudflare DNS, Gmail, Google Apps, CloudFlare Hosting, Salesforce, Microsoft Office 365, Atlassian Cloud, Drift, TikTok, Typekit, Mobile Friendly, YouTube, Visual Website Optimizer, Google Tag Manager, Squarespace ECommerce, Taboola, Facebook Custom Audiences, Google Places, Bing Ads, Google Font API, WordPress.org, Facebook Widget, CallRail, Facebook Login (Connect), Google Maps, Linkedin Marketing Solutions, Remote",1000000,7000000,Venture (Round not Specified),7000000,2023-05-01T00:00:00+00:00,"","",false,false,false,false,"",698214098a21cb00019ee42d,6982140a8a21cb00019ee45c,"","","","","","","","",""
Mike,Klerk,Director Software Engineering,Worldsource Wealth Management,Worldsource Wealth Management,mdeklerk@worldsourcewealth.com,Verified,Apollo,Apollo,"","",2026-01-20T09:58:36+00:00,Director,"Engineering & Technical, Information Technology",mathildadanielsui0z@commeunpoissondanslevin.com,"","","",'+1 905-940-5500,"",Cold,sd,"",mathildadanielsui0z@commeunpoissondanslevin.com,370,financial services,"financial advisory, advisors, mutual funds, investments, financial planning, wealth management, advice, financial advisors, succession planning, retirement planning, social media engagement, asset management, client engagement automation, wealth management software, client relationship tools, tax planning, wealth management practice automation, regulatory compliance, investment platform technology, wealth management innovation, digital client engagement, advisor tools, advisor independence, client engagement platforms, technology integration, digital client portals, wealth industry digital solutions, client data management, digital transformation, financial stability, investment solutions, independent dealer model, wealth management digital outreach, digital innovation, client segmentation analytics, digital wealth solutions, financial planning tools, advisor-centric model, estate planning, advisor social media tools, canadian wealth industry, portfolio management, wealth industry awards, wealth management operational support, personalized solutions, advisor support services, wealth management infrastructure, digital wealth management platforms, operational efficiency, digital wealth platform, digital marketing for advisors, advisory services, client portal technology, wealth industry leadership, advisor practice digital tools, financial advisor empowerment, financial advisor tools, digital client onboarding, financial technology, client segmentation, full-service dealer, wealth management growth, digital wealth ecosystem, advisor digital engagement, investment advisory, client experience enhancement, client relationship automation, wealth management client insights, advisor collaboration tools, consulting, practice management, retirement solutions, client engagement analytics, wealth management data analytics, compliance and governance, wealth management compliance, digital client communication, wealth management solutions, asset under administration, risk management, advisor digital marketing tools, financial services, canadian financial services, client engagement strategies, investment advisory technology, advisor practice management, wealth management digital transformation, wealth management digital innovation, independent wealth management, b2b, wealth management online engagement, client experience technology, advisor practice growth, compliance support, advisor digital ecosystem, wealth journey support, digital wealth marketing, canadian investor, technology-driven solutions, financial advisor support, services, wealth management analytics, strategic partnerships, advisor support technology, wealth management client experience enhancement, wealth management digital outreach tools, client portfolio access, client-centric approach, canadian financial cooperative, strategic industry partnerships, wealth management governance, investment dealer services, client communication tools, wealth management technology, innovative tools, advisor collaboration, client relationship management, wealth management operational efficiency, wealth planning, wealth advisory services, advisor digital engagement tools, advisor digital client onboarding, wealth industry partnerships, wealth management innovation tools, advisor digital tools, other financial investment activities, asset management support, wealth management client access, digital marketing, full spectrum investment solutions, wealth industry recognition, client experience, wealth management social media strategy, wealth management digital tools, wealth management expertise, wealth industry digital transformation, client service excellence, client segmentation strategies, client segmentation software, client data segmentation, investment product range, digital client experience, client engagement, advisor support, financial education, mutual fund dealer, investment dealer, open architecture, client onboarding, personalized support, compliance oversight, wealth as a service, financial health, client communication, performance tracking, educational resources, financial literacy, business development, advisor advocacy, community building, automated content creation, investor education, advanced analytics, tax-loss harvesting, charitable giving, registered education savings plans, registered retirement savings plan, tax-free savings account, advisor technology, collaborative relationships, market insights, data-driven strategies, client satisfaction, professional development, advisor resources, multichannel marketing, value of advice, financial prosperity, community impact, b2c, finance, financial consulting, management consulting, investment management, law practice, legal services, finance technology, information technology & services, marketing & advertising",http://www.linkedin.com/in/mike-de-klerk-b2b4a8a,https://worldsourcewealth.com,http://www.linkedin.com/company/worldsource-financial-management,"","",Coquitlam,British Columbia,Canada,"625 Cochrane Dr, Markham, Ontario, Canada, L3R 9R9",Markham,Ontario,Canada,'+1 905-940-5500,"EasyDNS, Mimecast, Outlook, Microsoft Office 365, Slack, Google Tag Manager, WordPress.org, Mobile Friendly, Microsoft Office",23900000,"","","","","","",false,false,false,false,"",6982145fd00f7f0001171459,69821460d00f7f0001172055,"","","","","","","","",""
Akshay,Sikka,"Director of Software Engineering, Technology & Operations",RBCx,RBCx,akshay.sikka@rbc.com,Verified,Apollo,Apollo,"",Catch-all,2026-01-26T11:53:16+00:00,Director,"Engineering & Technical, Information Technology, Operations",mathildadanielsui0z@commeunpoissondanslevin.com,"","","",'+1 902-220-7554,"",Cold,sd,"",mathildadanielsui0z@commeunpoissondanslevin.com,460,financial services,"fellowship, business, intrapreneurship, workshops, smes, startups, networking, recruitment, career accelerator, training, community development, internship, coaching, mentorship, entrepreneurship, postsecondary, nonprofits, non-profit organizations, tech sector focus, fintech innovations, growth advisory services, life sciences, north american venture capital, early stage funding, healthtech funding, sector-specific solutions, venture capital & private equity, banking & finance, capital, client advisory, series b capital, healthcare tech, financial services, cleantech, investment management, healthcare innovation funding, startups to ipo, portfolio companies, treasury management, seed funding support, business expansion, venture capital funds, corporate finance, banking, client relationships, startup support, innovation support, series a funding, fundraising support, venture debt financing, cash flow loans, sector expertise in tech, startup scaling strategies, venture debt solutions, venture capital fund support, funding solutions, legal services, private banking services, venture portfolio management, canadian tech startups, growth-stage financing, private equity, venture capital, growth support, fund management, technology consulting, market expansion, business banking, private equity investments, growth acceleration, fintech, growth financing, cloud solutions, foreign exchange hedging, global connections, sector-focused advisory, global banking, growth capital, founder support, client connections, seed to ipo support, advisory services, private banking, cash management, climate tech, digital transformation funding, technology investments, fund management solutions, lending, strategic advisory, events, foreign exchange, services, sector specialization, consulting, early-stage funding, growth strategies, north american tech, climate solutions, wealth management, treasury solutions, climate tech investments, technology sectors, innovation ecosystem, foreign exchange services, cross-border transactions, venture ecosystem, digital health, growth advisory, scaleup support, venture portfolio growth, startup scaling, seed funding, sector expertise, tech banking, client advisory for startups, investment capital, startup ecosystem, sector-specific banking, corporate banking, commercial banking, banking solutions, healthcare innovation, risk management, fintech funding, venture investments, b2b, market insights, foreign exchange risk management, series b funding, series a capital, venture debt, cross-border banking services, early-stage venture support, climate innovation finance, cross-border banking, cross-border solutions, technology sector investments, technology, innovation ecosystem support, strategic partnerships, canadian tech, investment support, innovation funding, scaleup financing, digital health solutions, series a/b funding support, investment advisory, sector insights, global expansion support, innovation, market entry, client support, client portfolio, fund finance, financial solutions, venture capital partnerships, ventures, tech startups, scale, startup funding, operating facilities, sr&ed financing, market access, platform services, community building, industry insights, marketing strategies, personal finance, credit advisory, life sciences funding, software solutions, business advisory, startup accelerator, capital financing, business growth, entrepreneurial support, financial literacy tools, technology products, startup lifecycle, growth strategy, market presence, exit strategy, healthcare, finance, energy & utilities, mentoring, nonprofit organization management, management consulting, finance technology, information technology & services, cloud computing, enterprise software, enterprises, computer software, health, wellness & fitness, marketing strategy, marketing & advertising, health care, hospital & health care",http://www.linkedin.com/in/akshay-sikka,https://rbcx.com,http://www.linkedin.com/company/rbcx,https://www.facebook.com/pages/Venture-for-Canada/330625567071715?ref=br_tf,https://twitter.com/Venture4Canada,Mississauga,Ontario,Canada,"720 Bathurst St, Toronto, Ontario, Canada, M5S 2R4",Toronto,Ontario,Canada,'+1 902-220-7554,"UltraDns, Microsoft Office 365, Akamai, Outlook, Wordpress VIP, Hubspot, Slack, Drupal, VueJS, AWS SDK for JavaScript, Mapbox, MongoDB, Figma, ExactTarget, SendInBlue, Salesforce, Hotjar, Google Tag Manager, Google Font API, Mobile Friendly, WordPress.org, Nginx, SoundCloud, JQuery 2.1.1, Google Analytics, SiteScout, Google Maps, Parse.ly, Jive, Google AdSense, Bing Ads, New Relic, DoubleClick Conversion, Akamai RUM, Facebook Login (Connect), Facebook Custom Audiences, reCAPTCHA, Ruxit, Google Analytics Ecommerce Tracking, Adobe Media Optimizer, Contently, Cedexis Radar, SOASTA, Ensighten, DoubleClick Floodlight, Highcharts JS Library, DoubleClick, Google AdWords Conversion, Shutterstock, Google Dynamic Remarketing, YouTube, Vimeo, iGoDigital, Facebook Widget, Workday Recruit, Multilingual, Linkedin Widget, Google Play, OpinionLab, Twitter Advertising, Dropbox, Bootstrap Framework, Google Plus, Linkedin Marketing Solutions, Remote",2914000,4400000,Other,4400000,2018-04-01T00:00:00+00:00,"","",false,false,false,false,"",698214a0554c770001938785,698214a0554c7700019387b1,"","","","","","","","",""
Pranav,Deo,Director of Software Engineering,Snipp Interactive,Snipp Interactive,pranav.deo@snipp.com,Verified,Apollo,Apollo,"","",2026-01-21T15:27:37+00:00,Director,"Engineering & Technical, Information Technology",mathildadanielsui0z@commeunpoissondanslevin.com,"","","",'+1 888-997-6477,"",Cold,sd,"",mathildadanielsui0z@commeunpoissondanslevin.com,100,marketing & advertising,"mobile technology, loyalty consulting, promotions, analytics, contests, sweepstakes, rewards, receipt processing, brand engagement, cpg loyalty, incentive marketing solutions, customer retention, martech, customer acquisition, customer engagement, rebates, loyalty platform, data analytics, basket analysis, mobile, brand marketing, loyalty programs, image recognition, deep information technology, information technology, sales and marketing, e-commerce, enterprise software, consumer internet, software, internet, advertising services, first-party consumer insights, sweepstakes management, consumer goods, technology, customer data analytics, b2c, services, d2c, promotions & contest management, retail, other services related to advertising, b2b marketing, receipt processing platform, fraud detection and prevention, omni-channel activation, real-time fraud prevention, marketing automation, marketing and advertising, fraud detection, b2b, digital rebate management, saas, consumer products & retail, marketing, loyalty, digital marketing, receipt data, customer data, omni-channel, information technology & services, marketing & advertising, enterprises, computer software, consumers, computer vision, artificial intelligence, sales & marketing, computer & network security",http://www.linkedin.com/in/pranavdeo,https://snipp.com,http://www.linkedin.com/company/snipp,https://www.facebook.com/SnippInc/,https://twitter.com/SnippInc,Surrey,British Columbia,Canada,"6708 Tulip Hill Ter, Bethesda, Maryland, United States, 20816-1033",Bethesda,Maryland,United States,'+1 888-997-6477,"Mailchimp Mandrill, Outlook, Marketo, Microsoft Office 365, Zendesk, Amazon AWS, Atlassian Cloud, Zoho Analytics, Zoho Books, React, Slack, Hubspot, YouTube, Linkedin Login, Google Dynamic Remarketing, Google Tag Manager, Facebook Login (Connect), Facebook Custom Audiences, Linkedin Marketing Solutions, Google Analytics, Mobile Friendly, Google Font API, WordPress.org, DoubleClick Conversion, DoubleClick, Hotjar, Facebook Widget, Linkedin Widget, Android, Circle, AI, AWS Trusted Advisor, Microsoft Azure Monitor, Azure AD P2, Microsoft Windows Server 2012, Azure Linux Virtual Machines, Microsoft-IIS, Aryson MySQL to MSSQL Converter, Amazon CloudWatch, Azure Monitor, New Relic, Nagios, Sizmek (MediaMind), Microsoft SQL Server Reporting Services, Azure Active Directory, Salesforce CRM Analytics",22731000,"","","","","","",false,false,false,false,"",698214098a21cb00019ee42f,6982140a8a21cb00019ee45e,"","","","","","","","",""
Martin,Forget,Director of Software Engineering,EBOX Fournisseur Internet / Internet Provider,EBOX Fournisseur Internet,martin.forget@ebox.ca,Verified,Apollo,Apollo,"",Not Catch-all,2026-02-03T15:28:25+00:00,Director,"Engineering & Technical, Information Technology",mathildadanielsui0z@commeunpoissondanslevin.com,"","","",'+1 514-282-6933,'+1 514-380-6161,Cold,sd,"",mathildadanielsui0z@commeunpoissondanslevin.com,120,telecommunications,"fiber optic internet connection, customer loyalty program, environmental sustainability, internet service providers, high-speed connection, internet troubleshooting, internet provider, cloud dvr, fiber infrastructure expansion, internet speed test, certified leed building, cable and satellite tv, international channels, app compatibility, wi-fi 6, local content, internet coverage, local and international calls, content on demand, b2c, secure network, customer referral program, mobile app, broadband internet, smart home integration, service reliability, remote support, competitive pricing, wired and wireless telecommunications carriers (except satellite), cloud recording, digital tv, broadband, device compatibility, tv channels, hd tv, fiber network, customer portal, environmental sustainability initiatives, multi-device content access, multi-room streaming, reliable internet, streaming devices, network security, leed certified building, parrainage program, fiber internet, content on demand platform, voip with unlimited calls, local community support, tv streaming, referral credits, 4k streaming, security protocols, d2c, fiber infrastructure, fiber to the home, services, internet services, self-installation, fiber optic internet, tv app, digital transformation, eco-friendly data centers, streaming service, home phone service, fiber optic infrastructure, fiber optic backbone, tech support, customer satisfaction, environmentally friendly, wi-fi router included, app for smart devices, digital content, customer support, multi-device streaming, no contract, hd and 4k streaming, internet availability, cloud services, high-speed internet, digital content curation, support multilingual content, unlimited data, voip telephony, cloud-based recording, voip, app for mobile and tv, telecommunications, information technology & services, cloud computing, enterprise software, enterprises, computer software, b2b, professional services",http://www.linkedin.com/in/mforget,https://ebox.ca,http://www.linkedin.com/company/eboxinternet,https://www.facebook.com/eboxinternet/,https://twitter.com/ebox_ca,Saint-Basile-le-Grand,Quebec,Canada,"1225 Rue St-Charles O, Longueuil, Quebec, Canada, J4K 0B9",Longueuil,Quebec,Canada,'+1 514-282-6933,"Outlook, Microsoft Office 365, Microsoft Azure Hosting, Backbone JS Library, Genesys, Genesys Cloud CX Platform, DoubleClick Conversion, Facebook Widget, Google Dynamic Remarketing, Google Play, Google Tag Manager, MailChimp, Google Analytics, DoubleClick, Facebook Custom Audiences, Google AdWords Conversion, DoubleClick Floodlight, Mobile Friendly, WordPress.org, Facebook Login (Connect), Hotjar, AI",15000000,"",Merger / Acquisition,0,2022-02-01T00:00:00+00:00,Bell (bell.ca),"",false,false,false,false,2,698214098a21cb00019ee425,6982140a8a21cb00019ee455,"","","","","","","","",""
Konstantin,Loutsenko,Director of Software Engineering,Numeris,Numeris,konstantin.loutsenko@numeris.ca,Verified,Apollo,Apollo,"","",2026-01-21T08:03:05+00:00,Director,"Engineering & Technical, Information Technology",mathildadanielsui0z@commeunpoissondanslevin.com,"","","",'+1 416-445-9800,"",Cold,sd,"",mathildadanielsui0z@commeunpoissondanslevin.com,430,market research,"television, radio, video, audio, crossmedia, crossplatform, bvod, streaming, svod, social media, audience data, advertising, media, measurement, audience measurement for streaming services, media measurement standards, data tracking technologies, audience measurement, audience measurement innovations, media measurement for broadcasters, media industry solutions, media measurement for advertising, media measurement industry, media measurement solutions provider, media research, audience measurement system, audience measurement for digital platforms, cross-platform audience measurement, audience measurement for online video, privacy compliant data, digital and linear media measurement, privacy-focused audience measurement, media consumption analytics, digital video audience measurement, audience measurement analytics, audience measurement tools, market research, audience segmentation tools, media measurement data security, measurement methodologies, media measurement partnerships, services, audience insights reports, media consumption, audience data solutions, media measurement solutions, audio audience measurement, audience behavior analysis, media content optimization, media measurement tools, media measurement software, radio and tv measurement, audience measurement for multi-device use, audience insights, media measurement for radio and tv, media consumption tracking, audience data privacy, privacy-compliant data, media data analytics, audience targeting, digital video measurement, media measurement industry standards, media measurement for media agencies, digital audience measurement solutions, media measurement for canadian market, audience tracking technologies, cross-media audience analytics, audience data for media planning, media measurement methodologies, audience measurement for content providers, audience tracking, media measurement for streaming platforms, digital measurement, audience measurement for tv networks, media analytics software, audience data collection, audience behavior, digital media measurement, media data collection, media measurement for radio broadcasters, media measurement data processing, government, media measurement, audience measurement for broadcasters in canada, media data, canadian media measurement, audience measurement research, audio measurement, digital and linear measurement, cross-media measurement, media measurement standards compliance, cross-platform media analytics, cross-media audience insights, cross-media audience measurement, audience measurement data, software solutions, audience measurement technology, media measurement for content creators, media measurement consulting, audience measurement platform development, media measurement data analysis, audience measurement reporting, audience measurement services, audience analytics, data analytics, media measurement technology, audience segmentation, b2b, media measurement platform, digital media audience tracking, audience measurement for media industry, media analytics, linear measurement, media measurement innovations, digital streaming measurement, media planning, web search portals, libraries, archives, and other information services, canadian media industry, digital audience insights, audience measurement system integration, cross-platform measurement, media measurement technology partners, audience measurement for digital content, video measurement, video consumption, audio consumption, tv ratings, radio ratings, digital measurement solutions, real-time audience tracking, personal meters, focal meters, media consumption behavior, measurement technology, data collection, transparent measurement, standardized metrics, analyze audience behavior, multi-platform measurement, streaming video metrics, linear tv measurement, online video panel, media planning insights, cross-platform insights, advertising effectiveness, audience segments, data-driven decisions, content optimization, egregiously ethical data practices, household panelists, innovative measurement solutions, nlogic, kantar partnerships, research methodologies, digital media tracking, viewership analytics, continuous audience research, analytic tools for media, ratings system, media diary, insights and learning, non-profit, distribution, consumer internet, consumers, internet, information technology & services, nonprofit organization management",http://www.linkedin.com/in/konstantin-loutsenko-b476512,https://numeris.ca,http://www.linkedin.com/company/numeris-canada,"",https://twitter.com/numeriscareers,Kingston,Ontario,Canada,"1500 Don Mills Rd, Toronto, Ontario, Canada, M3B 3K4",Toronto,Ontario,Canada,'+1 416-445-9800,"Outlook, Microsoft Office 365, Amazon AWS, Microsoft Application Insights, Microsoft Sharepoint, Lever, Hubspot, Percipio",88700000,"","","","","","",false,false,false,false,"",6982145fd00f7f0001171450,69821460d00f7f000117204c,"","","","","","","","",""
Kien,Huynh,Director of Software Engineering,Ethoca,Ethoca,kien.huynh@ethoca.com,Verified,Apollo,Apollo,"",Catch-all,2026-01-06T05:25:54+00:00,Director,"Engineering & Technical, Information Technology",mathildadanielsui0z@commeunpoissondanslevin.com,"","","",'+1 416-849-6091,'+1 416-316-1864,Cold,sd,"",mathildadanielsui0z@commeunpoissondanslevin.com,190,financial services,"ecommerce fraud, ecommerce, online credit card fraud, payment fraud, card not present, fraud detection, chargeback fraud, fraud screening, ach fraud, ach payment processing, fraud prevention, fraud system, customer not present, retail fraud, fraud risk mitigation, b2c, issuer fraud detection, merchant risk scoring, e-commerce, services, business intelligence, merchant-issuer communication, chargeback prevention, fraud analytics software, issuer fraud alerts, merchant fraud prevention, b2b, payment security platform, computer systems design and related services, dispute alert system, chargeback avoidance, saas, online fraud support, payment dispute reduction, payment processing security, real-time fraud alerts, real-time data sharing, digital fraud intelligence, merchant network, merchant fraud detection, issuer risk management, dispute resolution, fraud detection in ecommerce, d2c, payment fraud analytics, dispute management saas, merchant fraud network, fintech, friendly fraud prevention, digital payment protection, merchant fraud tools, merchant-issuer data sharing, transaction intelligence, dispute resolution software, digital transaction verification, ecommerce fraud solutions, merchant fraud collaboration, card-not-present fraud, chargeback mitigation strategies, payment processing, fraud analytics, api integration, dispute management platform, transaction verification, online transaction security, financial technology, ecommerce security, dispute prevention tools, collaborative fraud management, digital transaction security, security platform, real-time fraud intelligence, payment dispute alerts, transaction monitoring, ai-powered fraud detection, chargeback reduction, transaction confirmation, cnp fraud solutions, merchant onboarding, dispute resolution platform, payment dispute automation, fraud detection api, payment gateway, ai fraud detection tools, fraud case management, dispute resolution automation, transaction authenticity verification, merchant fraud analytics, issuer network, digital fraud prevention, retail, customer experience enhancement, information technology and services, merchant risk management, merchant onboarding platform, fraud intelligence, customer dispute management, payment security, digital commerce security, merchant fraud support network, digital banking integration, issuer risk scoring, chargeback management, data sharing platform, fraud detection for fintech, dispute automation tools, financial services, customer engagement, financial institution collaboration, real-time transaction alerts, issuer fraud tools, ecommerce fraud prevention, cnp fraud reduction, first-party fraud protection, transaction dispute resolution, customer experience improvement, merchant-issuer collaboration, fraud insights reporting, clear purchase information, digital receipts, friendly fraud management, operational cost reduction, fraud data sharing, payment intelligence network, initiated chargebacks prevention, omnichannel payment solutions, consumer clarity, merchant branding, subscription management, dispute notification, purchase verification, payment fraud insights, consumer trust enhancement, financial performance improvement, customer satisfaction, transaction clarity, loss recovery, expedited fraud resolutions, risk mitigation, collaborative fraud prevention, payment processing efficiency, digital fraud strategy, consumer insights, transactional alerts, purchase journey intelligence, customer support integration, cardholder purchase recognition, real-time dispute alerts, fraud loss reduction, user-friendly banking solutions, cross-channel fraud detection, merchant dispute management, payment security enhancement, revenue protection, finance, consumer internet, consumers, internet, information technology & services, computer & network security, analytics, computer software, conflict resolution, finance technology",http://www.linkedin.com/in/kien-huynh-6bba0418,https://ethoca.com,http://www.linkedin.com/company/ethoca-limited,https://facebook.com/ethoca,https://twitter.com/ethoca,Vaughan,Ontario,Canada,"100 Sheppard Avenue East, Toronto, Ontario, Canada, M2N 6Z1",Toronto,Ontario,Canada,'+1 416-849-6091,"Salesforce, Route 53, Outlook, Microsoft Office 365, Drupal, Pantheon, Atlassian Cloud, Slack, Hubspot, Adobe Marketing Cloud, Stripe, Varnish, Mobile Friendly, YouTube, Nginx, Circle, AI, Salesforce Marketing Cloud, Salesforce Email Studio, Salesforce Journey Builder, QMetry Automation Studio, Adobe Experience Manager, Salesforce Sales Cloud, DynamicYield, Less, Outreach, ZoomInfo",41800000,52890000,Merger / Acquisition,0,2019-03-01T00:00:00+00:00,Mastercard (mastercard.com),"",false,false,false,false,"",698214098a21cb00019ee429,6982140a8a21cb00019ee459,"","","","","","","","",""
Ron,Voskamp,Director of Software Engineering,NetDocuments,NetDocuments,ron.voskamp@netdocuments.com,Verified,Apollo,Apollo,"","",2026-01-19T02:27:29+00:00,Director,"Engineering & Technical, Information Technology",mathildadanielsui0z@commeunpoissondanslevin.com,"","","",'+1 866-638-3627,"",Cold,sd,"",mathildadanielsui0z@commeunpoissondanslevin.com,250,information technology & services,"the leader in cloud enterprise content management, document & email management for law firms of all sizes, client portals for external sharing & collaboration, security, compliance iso 27001, soc 2 type 2, hipaa, finra, sec, project management, collaboration, chat, document management, internet, social media, consumer internet, information technology, software development, microsoft office integration, legal industry solutions, legal, cloud security, legal ai for law firms, cloud document management, cloud-based platform, legal document automation, security and compliance, document collaboration, legal firms, medicine and health, legal ai for client service, document search, legal ai for document review, government, legal ai for drafting, legal ai compliance, secure file sharing, legal document retrieval, ai-powered legal solutions, email management, legal document compliance, enterprise content management, legal document sharing, b2b, legal ai for legal departments, legal industry, workflow automation, legal document protection, data security, enterprise saas, legal ai assistant, analytics, legal departments, legal ai security guardrails, legal document ai, ai responsibly with ndmax, services, document versioning, secure collaboration, version control, legal tech innovation, higher education, collaboration software, legal document ai tools, legal workflow, multi-data center, legal document search, client portals, legal tech solutions, legal document security, legal document storage, ai-powered document management, legal tech, user experience, legal tech trends 2025, document indexing, legal case management, data encryption, document management software, legal ai for research, cloud infrastructure, legal ai for compliance, legal practice management, security automation, ai app builder, legal ai automation tools, data protection, computer systems design and related services, document security, legal ai for case management, legal compliance, ai document management, ready-to-go ai apps, legal document security certifications, legal ai productivity, legal ai security, legal services, email archiving, legal data governance, legal ai integration, legal ai for legal operations, document organization, legal workflow automation, optical character recognition, dms solutions, cloud storage, document automation, legal workflows, ai integration, collaboration tools, real-time messaging, content management, compliance management, data loss prevention, microsoft 365 integration, docusign integration, enterprise search, task management, document bundles, secure extranets, cloud platform, search analytics, knowledge management, predictive filing, legal ai, team collaboration, intelligent document processing, data governance, cloud-based software, legal project management, risk management, client communications, digital transformation, user adoption, e-signature solutions, file syncing, mobile document management, partner integrations, legal technology, intuitive user interface, productivity tools, custom workflows, user training, non-profit, productivity, consumers, information technology & services, computer & network security, education management, ux, enterprise software, enterprises, computer software, internet infrastructure, nonprofit organization management",http://www.linkedin.com/in/ron-voskamp-b1757bb,https://netdocuments.com,http://www.linkedin.com/company/netdocuments,https://facebook.com/ndocuments/,https://twitter.com/netdocuments/,Kingston,Ontario,Canada,"2500 Executive Parkway, Lehi, Utah, United States, 84043",Lehi,Utah,United States,'+1 866-638-3627,"Akamai DNS, Mailchimp Mandrill, MailJet, Sendgrid, Outlook, Microsoft Office 365, Amazon AWS, Route 53, Mixpanel, OneTrust, React Redux, Salesforce Service Cloud, Webflow, Greenhouse.io, Marketo, Pardot, Slack, Salesforce, Salesforce Live Agent, Typekit, WordPress.org, Mobile Friendly, Google Tag Manager, AI, React, Cisco Web Security Appliance S600v, TypeScript, Node.js, Visual-Basic-.NET, AWS Trusted Advisor, ECS, Lambda Cloud, Apache Kafka, GraphQL, REST, Datadog, Gainsight, Splunk, PowerBI Tiles, C#, Ruby On Rails, Workday, Tor, Wordpress, Google Analytics, Google Ads, Micro, Linkedin Marketing Solutions, .NET, Amazon DynamoDB, Amazon DocumentDB, Zoho CRM, Weibo",52500000,30000000,Private Equity,0,2021-05-01T00:00:00+00:00,Warburg Pincus LLC (warburgpincus.com),"",false,false,false,false,"",6982145fd00f7f000117144f,69821460d00f7f000117204b,"","","","","","","","",""
Michael,Nichols,Director Software Engineering,Points (a Plusgrade company),Points,michael.nichols@points.com,Verified,Apollo,Apollo,"","",2026-01-19T10:12:41+00:00,Director,"Engineering & Technical, Information Technology",mathildadanielsui0z@commeunpoissondanslevin.com,"","","",'+1 416-596-6370,"",Cold,sd,"",mathildadanielsui0z@commeunpoissondanslevin.com,280,information technology & services,"loyalty services, airline industry, loyalty programs, frequent flyer programs, hotel industry, technology, developers, loyalty marketing, saas, product management, loyalty industry, sales & marketing, analytics, online travel, information technology, consumer internet, e-commerce, internet, technology, information & internet, inventory optimization, dynamic pricing, customer loyalty analytics, loyalty program expansion, customer engagement, dynamic inventory bidding, ancillary revenue management, loyalty points redemption, customer satisfaction, reward exchange technology, digital customer engagement, experience rewards, digital customer experience, ancillary sales, travel loyalty, reward points for experiences, unsold inventory, customer engagement in travel, revenue streams, customer engagement strategies, loyalty program analytics, inventory management, travel loyalty program tools, travel sector digital solutions, global travel brands, reward points for premium services, cruise line revenue, digital loyalty exchange, customer engagement tools, reward program automation, inventory optimization software, digital travel rewards, hotel loyalty, ancillary revenue growth, customer experience technology, loyalty rewards management, travel providers, customer retention strategies, customer experience enhancement, partnerships, loyalty program automation, personalized loyalty rewards, travel experience platform, personalized customer rewards, dynamic inventory, customer value creation, digital commerce, customer engagement automation, travel sector, inventory management software, real-time customer offers, digital loyalty marketing, digital marketing for travel, dynamic inventory management tools, b2b, loyalty points for upgrades, travel and hospitality, loyalty program analytics tools, travel sector customer loyalty, travel industry software, loyalty program customization, customer value enhancement, travel upgrades, reward management system, point exchange, travel loyalty program innovation, ancillary revenue solutions, reward redemption, travel industry digitalization, loyalty points conversion, real-time bidding, dynamic inventory solutions, real-time bidding for upgrades, travel industry innovation, reward exchange marketplace, computer systems design and related services, loyalty technology, real-time customer data, loyalty commerce, digital loyalty platform, customer-centric, reward exchange solutions, travel industry digital transformation, hotels, loyalty platform, rail industry, loyalty program scalability, customer loyalty retention, travel industry revenue growth, travel loyalty platform integration, travel industry partnerships, customer retention tools, travel industry growth tools, personalized travel rewards, ancillary revenue management software, customer engagement platform, real-time bidding platform, customer loyalty software, loyalty points exchange, dynamic pricing for upgrades, loyalty program, ancillary revenue, travel industry customer retention, partner solutions, travel loyalty solutions, reward programs, innovative loyalty solutions, travel loyalty marketing, customer reward personalization, travel loyalty innovation, travel loyalty marketing tools, customer loyalty, travel loyalty and ancillary revenue, reward exchange system, services, customer loyalty monetization, customer experience, travel partner integrations, unsold inventory monetization, reward program management, travel industry analytics, customer loyalty platform, digital loyalty solutions, premium services, customer experience optimization, loyalty program integration, premium experience exchange, real-time customer engagement, financial services, premium service offerings, travel loyalty and revenue, ancillary sales platform, travel industry technology, travel industry, loyalty points, loyalty program management, tourism, ancillary revenue optimization, retail, reward redemption technology, travel rewards platform, unsold inventory management, airline loyalty, premium customer experiences, reward points for travel upgrades, premium offerings, travel sector solutions, travel partners, real-time loyalty bidding, loyalty rewards, loyalty program enhancement, personalized experiences, ancillary revenue streams, travel ancillary services, digital commerce solutions, distribution, transportation & logistics, consumers, information technology & services, computer software, leisure, travel & tourism, hospitality",http://www.linkedin.com/in/michael-nichols-54786444,https://points.com,http://www.linkedin.com/company/points,https://facebook.com/pointsfans/,https://twitter.com/PointsLoyalty,Toronto,Ontario,Canada,"111 Richmond Street West, Toronto, Ontario, Canada, M5H 3K6",Toronto,Ontario,Canada,'+1 416-596-6370,"CloudFlare CDN, Salesforce, EasyDNS, Route 53, Gmail, Google Apps, MailChimp SPF, Zendesk, CloudFlare Hosting, Vercel, OneTrust, Demandware Analytics, ExactTarget, AI",370008000,"","","","",Plusgrade (plusgrade.com),"",false,false,false,false,"",6982145fd00f7f0001171453,69821460d00f7f000117204f,"","","","","","","","",""
Eunice,Poon,"Senior Director, Software Engineering",Avidbots Corp.,Avidbots,eunice.poon@avidbots.com,Verified,Apollo,Apollo,"",Not Catch-all,2026-01-08T03:50:51+00:00,Director,"Engineering & Technical, Information Technology",mathildadanielsui0z@commeunpoissondanslevin.com,"","","",'+1 855-928-4326,"",Cold,sd,"",mathildadanielsui0z@commeunpoissondanslevin.com,300,machinery,"robotics & software, robotics, hardware + software, information technology, automation machinery manufacturing, data security, big data, robot fleet management, retail, data-driven decision making, data management, environmental adaptability, public space sanitation, ai-driven navigation, performance analytics, customer support, predictive analytics, labor cost reduction, deep learning, commercial cleaning robots, mining and oil and gas field machinery manufacturing, robotic automation, cleaning data analytics, software updates, integrated safety systems, analytics, scalable cleaning solutions, industry certifications, automation, hospital floor cleaning, digitalization in cleaning, robotic cleaning technology, manufacturing, b2b, remote monitoring, fully autonomous cleaning, cloud-based management, ai-powered cleaning robots, warehousing, sensor fusion, maintenance support, robot deployment, training and onboarding, venture-backed robotics, iot connectivity, operational efficiency, obstacle avoidance, disinfection capability, industry-specific cleaning, dynamic environment navigation, advanced safety features, mapping and localization, healthcare, real-time obstacle detection, disinfection add-on, robotic cleaning in high-traffic areas, warehousing and logistics, services, warehouse automation, multi-application robots, autonomous floor scrubber, machine learning algorithms, computer vision, ai remapping pathways, enterprise robotics, smart facility solutions, retail space cleaning, facility management automation, ai safety protocols, business intelligence, sensor suite, education, machine learning, data visualization, dashboard, reporting, data integration, real-time insights, custom reports, user-friendly interface, cloud-based, mobile access, collaboration tools, data warehousing, enterprise reporting, data mining, data cleansing, predictive modeling, visual analytics, automated reporting, self-service bi, key performance indicators, data governance, centralized reporting, data exploration, cross-platform compatibility, data processing, ai integration, user engagement metrics, performance tracking, compliance reporting, trend analysis, decision support, customer insights, data transformation, data discovery, business metrics, roi tracking, data quality management, visual storytelling, distribution, mechanical or industrial engineering, information technology & services, computer hardware, computer software, computer & network security, enterprise software, enterprises, artificial intelligence, health care, health, wellness & fitness, hospital & health care",http://www.linkedin.com/in/epoon,https://avidbots.com,http://www.linkedin.com/company/avidbots-corp,https://www.facebook.com/avidbotscorp/,http://www.twitter.com/avidbots,Mississauga,Ontario,Canada,"975 Bleams Rd, Kitchener, Ontario, Canada, N2E 3Z5",Kitchener,Ontario,Canada,'+1 855-928-4326,"Route 53, Sendgrid, Gmail, Pardot, Google Apps, Microsoft Office 365, Zendesk, DigitalOcean, SalesLoft, UptimeRobot, WP Engine, Salesforce, Slack, Google Tag Manager, Nginx, Google Font API, Facebook Login (Connect), WordPress.org, Mobile Friendly, DoubleClick, Vimeo, Facebook Widget, Google Analytics, Google Dynamic Remarketing, DoubleClick Conversion, Linkedin Marketing Solutions, Salesforce Live Agent, reCAPTCHA, Facebook Custom Audiences, Bootstrap Framework, Remote",109300000,110980000,Convertible Note,0,2024-05-01T00:00:00+00:00,"","",false,false,false,false,"",698214a0554c77000193876d,698214a0554c77000193879b,"","","","","","","","",""
Kevin,Duguay,Director of Software Engineering,GRICS,GRICS,kevin.duguay@grics.ca,Verified,Apollo,Apollo,"",Not Catch-all,2026-02-03T15:29:40+00:00,Director,"Engineering & Technical, Information Technology",mathildadanielsui0z@commeunpoissondanslevin.com,"","","",'+1 514-251-3700,"",Cold,sd,"",mathildadanielsui0z@commeunpoissondanslevin.com,330,information technology & services,"elaboration de contenu, implantation et formation, developpement de logiciel pedagogique, developpement de logiciel administratif, software development, intelligence artificielle en éducation, gestion des ressources, gestion des données, rapports annuels, gestion des ressources éducatives, government, partenariats éducatifs, mozak-dstudio, consulting, formation en ligne, non-profit, system integration, mozak-portail, services, outil mozak-dvision, gestion scolaire, projets d'ia, gestion de données, gestion des transports scolaires, collaboration avec le réseau scolaire, support personnalisé, gestion des paies, solutions pour écoles primaires et secondaires, education, communication scolaire, data analytics, solutions sur mesure, solutions intégrées, communication école-parents, partenariat avec mila, information technology, logiciels éducatifs, autoformation, gestion administrative, projets de transformation numérique, sécurité des données, formation et soutien, support technique, data management, intelligence artificielle, gestion des inscriptions, gestion des ressources humaines, centre d'expertise en ia en éducation, projets de veille active et gestion de l'intimidation, cloud solutions, projets d'ia responsables, b2b, projets d'innovation, hébergement cloud, solutions logicielles éducatives, données centralisées, gestion financière, transformation numérique, valorisation des données éducatives, plateforme mozak-portail, colleges, universities, and professional schools, data security, développement d'applications, automatisation des processus, it consulting, innovation pédagogique, développement collaboratif, portail pour tous, solutions de gestion financière, portail éducatif, solutions numériques, api pour intégration, solutions pour commissions scolaires, solutions pour le milieu scolaire, information technology & services, nonprofit organization management, cloud computing, enterprise software, enterprises, computer software, computer & network security, management consulting",http://www.linkedin.com/in/duguayk,https://grics.ca,http://www.linkedin.com/company/grics,https://www.facebook.com/GRICS-226918134004952/,https://twitter.com/grics_ca,Montreal,Quebec,Canada,"5100 Rue Sherbrooke Est, Montreal, Quebec, Canada, H1V 3R9",Montreal,Quebec,Canada,'+1 514-251-3700,"Sendgrid, Outlook, Drupal, Pantheon, ServiceNow, Amazon SES, WordPress.org, Mobile Friendly, Varnish, Google Tag Manager, Nginx, AI, Remote, Render","","","","","","","",false,false,false,false,"",6982145fd00f7f000117145e,69821460d00f7f000117205a,"","","","","","","","",""
Shannon,Curnew,Senior Director of Software Engineering,PartnerStack,PartnerStack,shannon.curnew@partnerstack.com,Verified,Apollo,Apollo,"",Catch-all,2026-01-06T12:23:37+00:00,Director,"Engineering & Technical, Information Technology",mathildadanielsui0z@commeunpoissondanslevin.com,"","","",'+1 619-648-4388,"",Cold,sd,"",mathildadanielsui0z@commeunpoissondanslevin.com,380,information technology & services,"partner marketing, channel marketing, partner marketing software, channel marketing software, partner marketing program, marketing automation software, affiliate maketing software, comarketing software, marketing technology, marketing software, enterprise software, saas, marketplaces, information technology, software, software development, partner program discovery tools, partner ecosystem management, partner program platform saas, partner collaboration, partner program reporting, partner program tracking systems, partner program b2b, partner growth, partner revenue growth tools, partner engagement strategies, consulting, partner analytics, partner management platform, partner program saas solutions, partner program onboarding saas, partner attribution software, partner program marketplace platforms, partner program platform saas companies, partner analytics dashboards, partner automation, partner revenue growth, partner marketplace, partner program discovery, partner program crm integration, partner payouts, partner network, partner program analytics saas, partner program performance saas, partner onboarding automation, partner program marketplace, partner program solutions, partner program tools, services, partner engagement tools, affiliate marketing, partner program automation tools, partner automation tools, marketing and advertising, partner program scalability, software as a service (saas), partner program b2b saas, partner program reporting tools, partner relationship tools, b2b saas, partner payout systems, computer systems design and related services, channel sales, partner program tracking saas, partner engagement, customer acquisition, partner program onboarding tools, partner program dashboard analytics, partner attribution models, partner ecosystem, partner relationship management, partner program automation, partner program technology, partner program software, partner growth automation, partner growth strategies, partner success, partner collaboration platforms, business consulting, partner marketing automation, sales enablement, partner onboarding workflows, partner program platform b2b, partner recruitment tools, partner program recruitment saas, partner program saas, partner program tracking, partner payout automation, partner revenue attribution, partner lifecycle automation, partner lifecycle management, partner program analytics dashboards, partner program automation software, co-sell programs, partner onboarding, partner rewards, partner program integration, b2b saas partnerships, partner performance tracking, partner performance metrics, partner payouts automation, partner program marketplace saas, partner program system, partner ecosystem platform, partner program management saas, partner program onboarding systems, partner relationship management tools, partner program recruitment platforms, partner compliance, partner program optimization, partner program platform, partner program api, partner program performance tracking, partner management, information technology and services, partner performance analytics, partner program api integrations, partner program recruitment tools, b2b, partner program analytics, partner attribution, partner network management, partner performance dashboards, partner program management, partner program dashboard, partner program management tools, partner lifecycle management tools, partner collaboration tools, partner recruitment, partner activation, performance tracking, partner incentives, commission management, roi reporting, referral programs, reseller partnerships, channel partnerships, lead tracking, partner payments, automated onboarding, partner resources, marketplace access, co-marketing tools, flexible commission structure, partner experience, data-driven insights, performance optimization, customer referrals, partnership management, marketing resources, visibility into transactions, learning management system, partnership tools, cross-promotions, program analytics, multi-currency payouts, deal registration, partner discovery, automated workflows, lead sharing, comprehensive reporting, integrated crm, influence marketing, transaction tracking, campaign performance, user-friendly interface, partner program support, automated email campaigns, partner success metrics, customizable partner applications, community engagement, distribution, enterprises, computer software, information technology & services, marketing & advertising, management consulting",http://www.linkedin.com/in/shannon-curnew-ba410320,https://partnerstack.com,http://www.linkedin.com/company/partnerstack,https://www.facebook.com/GrowSumo,https://twitter.com/partnerstack,Montreal,Quebec,Canada,"111 Peter St, Toronto, Ontario, Canada, M5V 2H1",Toronto,Ontario,Canada,'+1 619-648-4388,"Cloudflare DNS, Gmail, Google Apps, Zendesk, Google Cloud Hosting, CloudFlare Hosting, Sendgrid, MailChimp SPF, VueJS, Digital Ocean Spaces, Netlify, Typeform, React Redux, Webflow, Instantly, Greenhouse.io, Hubspot, Slack, Salesforce, Segment.io, JQuery 2.1.1, Stripe, WordPress.org, Google AdWords Conversion, Google Maps (Non Paid Users), Google Maps, Wistia, Linkedin Login, Facebook Widget, Facebook Custom Audiences, Google Play, Visual Website Optimizer, Google Dynamic Remarketing, Facebook Login (Connect), Cedexis Radar, Google Analytics, Adobe Media Optimizer, Mobile Friendly, Twitter Advertising, Hotjar, Google Font API, DoubleClick, Linkedin Widget, Typekit, DoubleClick Conversion, Linkedin Marketing Solutions, reCAPTCHA, Vimeo, Google Tag Manager, Intuit, AI, Monday.com, Android, Google Cloud Platform, Kubernetes, PostgreSQL, CockroachDB, Redis, Python, CloudFlare, Linear, PagerDuty Incident Response, Datadog, Sentry",37300000,38460000,Series B,29000000,2021-05-01T00:00:00+00:00,"","",false,false,false,false,"",698214a0554c77000193877b,698214a0554c7700019387a8,"","","","","","","","",""
Fatima,Jafri,"Director, Head of Software Engineering Services",Fundserv,Fundserv,fatima@fundserv.com,Verified,Apollo,Apollo,"","",2026-01-16T07:51:42+00:00,Head,"Engineering & Technical, Information Technology",mathildadanielsui0z@commeunpoissondanslevin.com,"","","",'+1 416-362-2400,"",Cold,sd,"",mathildadanielsui0z@commeunpoissondanslevin.com,120,financial services,"industry data sharing, net settlement, industry data reconciliation, secure data transfer, industry collaboration initiatives, regulatory reporting, industry standards development, industry standards enforcement, automated transaction processing, automated reconciliation, secure communication, technology services, data security, transaction processing, industry collaboration platforms, b2b, innovation, investment industry, automation, mutual fund transaction automation, operational efficiency, financial technology, industry committee facilitation, centralized network, industry standards adherence, investment fund data management, industry connectivity hub, industry collaboration, financial services, industry innovation support, transaction lifecycle management, investment banking, investment management, cost-recovery model, securities and commodity contracts intermediation and brokerage, services, digital transaction automation, secure transaction platform, alternative investments, financial industry infrastructure, financial transactions, customer engagement, mutual funds, investment product integration, industry regulatory compliance, net settlement services, industry standards, regulatory compliance, regulatory compliance support, trading, e-commerce, secure communication tools, industry transaction lifecycle, industry connectivity, real-time transaction processing, reconciliation, clearing, settlement, communication, inquiry, secure transactions, automated processes, investment products, non-financial transactions, data transfer, investment industry standards, member services, real-time trading, order fulfillment, business collaboration, fund management, service providers, investment fund distribution, membership network, cost recovery model, standardized processes, industry innovation, data sharing hub, transaction accuracy, settlement amounts, 24/7 support, member registry, training resources, esg initiatives, audit trail, cost reporting, risk reduction, investor account access, tech support, fund profiles, fund expense ratio, tcr data, financial institutions, transactional network, finance, distribution, computer & network security, information technology & services, finance technology, capital markets, consumer internet, consumers, internet",http://www.linkedin.com/in/fatima-j-4b2b383,https://fundserv.com,http://www.linkedin.com/company/fundserv-inc-,"","",Richmond Hill,Ontario,Canada,"333 Bay Street, Toronto, Ontario, Canada, M5H 2R2",Toronto,Ontario,Canada,'+1 416-362-2400,"Mimecast, Microsoft Azure Hosting, Atlassian Cloud, Pardot, Slack, Salesforce, Google Font API, Mobile Friendly, Google Analytics, Google Tag Manager, WordPress.org, ISO+™, Apache Kafka, AVRO, Spring, Spring Boot, EJBCA, Azure API Management, Azure Event Grid, Azure Logic Apps, Kubernetes, AWS SDK for JavaScript, .GIS",19500000,"","","","","","",false,false,false,false,"",698214c808ff670011f30073,698214c808ff670011f30080,"","","","","","","","",""
Marc,Gardiner,Director of Software Engineering,Camis Inc,Camis,marc.gardiner@camis.com,Verified,Apollo,Apollo,"","",2026-01-06T06:32:00+00:00,Director,"Engineering & Technical, Information Technology",mathildadanielsui0z@commeunpoissondanslevin.com,"","","",'+1 800-371-6006,"",Cold,sd,"",mathildadanielsui0z@commeunpoissondanslevin.com,260,information technology & services,"online reservations, inpark reservations software, call centre services, technical support",http://www.linkedin.com/in/marc-gardiner-94636522,https://camis.com,http://www.linkedin.com/company/camis-inc-,https://www.facebook.com/Camis.reservations,"",Guelph,Ontario,Canada,"130 Research Ln, Guelph, Ontario, Canada, N1G 5G3",Guelph,Ontario,Canada,'+1 800-371-6006,"Mailchimp Mandrill, Sendgrid, Outlook, Microsoft Office 365, Google Cloud Hosting, Microsoft Application Insights, Jira, Atlassian Confluence, React Redux, React, Genesys Cloud CX Platform, Slack, Google Tag Manager, Varnish, Google Font API, Shutterstock, BambooHR, Wix, reCAPTCHA, Mobile Friendly, Bootstrap Framework",24500000,"",Merger / Acquisition,0,2022-04-01T00:00:00+00:00,Banyan Software (banyansoftware.com),"",false,false,false,false,"",6982145fd00f7f0001171457,69821460d00f7f0001172053,"","","","","","","","",""
Dmitry,Platonoff,"Director, Software Engineering",Shift4 Europe (formerly Finaro),Shift4 Europe,dmitry.platonoff@shift4.com,Verified,Apollo,Apollo,"",Catch-all,2026-01-06T09:39:36+00:00,Director,"Engineering & Technical, Information Technology",mathildadanielsui0z@commeunpoissondanslevin.com,"","","",'+1 888-276-2108,"",Cold,sd,"",mathildadanielsui0z@commeunpoissondanslevin.com,220,financial services,"financial institute, ecommerce, mcommerce, credit card processing, payments, acquiring bank serivces, financial services, payment processing, global payments solutions, mobile payments, online payments, digital payments, fintech, merchant payments, interchange rates, e-commerce, consumer internet, consumers, internet, information technology & services, finance technology",http://www.linkedin.com/in/dmitry-platonoff-4279a6216,https://shift4.com,http://www.linkedin.com/company/shift4-europe,"","",Mississauga,Ontario,Canada,"81 Triq id-Dejqa, Valletta, Malta, VLT",Valletta,"",Malta,'+1 888-276-2108,"Route 53, Gmail, Google Apps, Microsoft Office 365, WP Engine, Atlassian Cloud, Vercel, StatusPage IO, Salesforce, Hubspot, DoubleClick, Mobile Friendly, Cloudinary, Vimeo, YouTube, Apache, Google Analytics, reCAPTCHA, Mixpanel, Ruby On Rails, Google Tag Manager, Google Play, Hotjar, Bing Ads, Google Font API, Google Dynamic Remarketing, WordPress.org, New Relic, DoubleClick Conversion, Greenhouse.io, Remote","","","","","",Lighthouse Network (lighthousenetwork.com),"",false,false,false,false,"",6982145fd00f7f0001171461,69821460d00f7f000117205c,"","","","","","","","",""
Maxime,Belanger,Director of Engineering Software Platform,Vention,Vention,maxime.belanger@vention.cc,Verified,Apollo,Apollo,"",Not Catch-all,2026-01-05T19:40:57+00:00,Director,"Engineering & Technical, Information Technology",mathildadanielsui0z@commeunpoissondanslevin.com,"","","",'+1 800-940-3617,"",Cold,sd,"",mathildadanielsui0z@commeunpoissondanslevin.com,340,machinery,"cloudbased cad, industrial automation, digital engineering, machine design, robotics, cobot, mechanical engineering, industrial robots, cloud robotics, ai manufacturing, hardware + software, cad, enterprise software, information technology, software, automation machinery manufacturing, manufacturing automation, cloud-based automation, custom machine design, modular components, industrial robotics, automation software solutions, machine programming, remote monitoring, ai-enabled automation, digital twin technology, plug & play systems, 3d cad software, machinebuilder, machinelogic, machinemotion, machineanalytics, turnkey automation, palletizing solutions, robotic tending, actuators, linear motion technology, rotary motion control, extrusions, t-slot extrusions, remote support, technical documentation, video tutorials, design templates, simulation software, collaboration tools, integration-free deployment, machine health monitoring, real-time performance tracking, cloud deployment, code-free programming, python programming, design-to-order, equipment optimization, uptime maximization, performance analytics, ai co-pilot, user interface design, hardware compatibility, lifecycle management, seamless integration, modular equipment, automated equipment scaling, mechanical or industrial engineering, information technology & services, computer hardware, computer software, enterprises, b2b",http://www.linkedin.com/in/maximeb,https://vention.com,http://www.linkedin.com/company/vention,https://facebook.com/vention.io,https://twitter.com/Vention_io,Montreal,Quebec,Canada,"4767 Rue Dagenais, Montreal, Quebec, Canada, H4C 1L8",Montreal,Quebec,Canada,'+1 800-940-3617,"Salesforce, Cloudflare DNS, Amazon SES, Sendgrid, Gmail, Google Apps, MailChimp SPF, Microsoft Office 365, CloudFlare Hosting, Pardot, Zendesk, CloudFlare, SalesLoft, React, Hubspot, Google Maps (Non Paid Users), DoubleClick, Adobe Media Optimizer, Cedexis Radar, Mobile Friendly, Facebook Login (Connect), Bing Ads, Google Analytics, Google Tag Manager, Google AdWords Conversion, Google Maps, Facebook Custom Audiences, Vimeo, YouTube, Google AdSense, Customer.IO, reCAPTCHA, DoubleClick Conversion, Google Dynamic Remarketing, Facebook Widget, MouseFlow, Ruby On Rails, Linkedin Marketing Solutions, Quantcast, Remote, AI",60000000,154170000,Venture (Round not Specified),15000000,2023-10-01T00:00:00+00:00,"","",false,false,false,false,"",698214c808ff670011f30071,698214c808ff670011f3007e,"","","","","","","","",""
Iain,Webster,"Senior Director, Geomatics and Software Engineering",Hexagon's Autonomy & Positioning division,Hexagon's Autonomy & Positioning division,iain.webster@hexagon.com,Verified,Apollo,Apollo,"","",2026-02-03T15:31:22+00:00,Director,"Engineering & Technical, Information Technology",mathildadanielsui0z@commeunpoissondanslevin.com,"","","",'+1 403-295-4500,"",Cold,sd,"",mathildadanielsui0z@commeunpoissondanslevin.com,330,electrical/electronic manufacturing,"gnss, gps, positioning, ins, correction services, autonomous vehicle positioning, autonomous x, self driving, automotive, self driving cars, appliances, electrical, & electronics manufacturing, electrical/electronic manufacturing, mechanical or industrial engineering",http://www.linkedin.com/in/iain-webster-35a4b99,https://hexagon.com,http://www.linkedin.com/company/hexagonap,"","",Calgary,Alberta,Canada,"Calgary, Alberta, Canada",Calgary,Alberta,Canada,'+1 403-295-4500,"","","","","","","","",false,false,false,false,"",698214c808ff670011f30074,698214c808ff670011f30081,"","","","","","","","",""
Bilal,Hassan,"Director, Software Engineering",Just Appraised,Just Appraised,bilal.hassan@justappraised.com,Verified,Apollo,Apollo,"",Catch-all,2026-02-02T20:59:34+00:00,Director,"Engineering & Technical, Information Technology",mathildadanielsui0z@commeunpoissondanslevin.com,"","",'+1 289-400-2580,'+1 888-652-5573,"",Cold,sd,"",mathildadanielsui0z@commeunpoissondanslevin.com,140,information technology & services,"it services & it consulting, business intelligence, cama integration, automated exemption validation, machine learning, ai-powered document matching, tax roll management, permit tracking, constituent communication, government software, exemption processing, prop 19c workflows, fraud scoring with 10b+ data points, government workflow solutions, ai data extraction, real-time request tracking, property valuation software, cloud infrastructure, deeds processing, services, auto-indexing for clerks, data security, appeal management, public agency software, tax assessment automation, public records digitization, digital government tools, workflow automation, fraud detection, innovation, b2b, multi-state government solutions, public records management, public sector technology, customer engagement, government process improvement, tax assessment software, computer systems design and related services, digital permit intake, automated workflows, ai for government, digital forms, software development, public sector software, taxpayer portal, automation, government, ai technology, automated data extraction, customer experience, deeds automation, automated appeal defense packets, property management, information technology & services, analytics, artificial intelligence, enterprise software, enterprises, computer software, internet infrastructure, internet, computer & network security",http://www.linkedin.com/in/bilal-hassan-50757920,https://justappraised.com,http://www.linkedin.com/company/justappraised,"","",Kingston,Ontario,Canada,"125 Hawthorne Avenue, Palo Alto, California, United States, 94301",Palo Alto,California,United States,'+1 888-652-5573,"Cloudflare DNS, Route 53, Gmail, Google Apps, Microsoft Office 365, AWS SDK for JavaScript, React Redux, React, Webflow, Freshdesk, Slack, Salesforce, Google Tag Manager, reCAPTCHA, Google Font API, Mobile Friendly, Remote, AI, PostgreSQL, AWS Trusted Advisor, Docker, Terraform, TypeScript, Salesforce CRM Analytics, Python, Bash, GitHub Actions",3800000,250000,Series A,0,2022-01-01T00:00:00+00:00,"","",false,false,false,false,"",698214098a21cb00019ee41e,6982140a8a21cb00019ee44e,"","","","","","","","",""
Brian,Chen,Director of Software Engineering,Versapay,Versapay,brian.chen@versapay.com,Verified,Apollo,Apollo,"","",2026-01-04T14:05:00+00:00,Director,"Engineering & Technical, Information Technology",mathildadanielsui0z@commeunpoissondanslevin.com,"","","",'+1 855-418-2786,"",Cold,sd,"",mathildadanielsui0z@commeunpoissondanslevin.com,360,financial services,"accounts receivable automation, electronic invoicing payment, presentment, saas, software as a service, intelligent workflow automation, financial software, fintech, collections, ar automation saas, b2b payments, invoice-to-cash automation, cash flow, b2b financial services, payment automation solutions, automated invoice matching, invoice and payment integration, real-time invoice collaboration, cloud ar saas, cloud platform, ai-driven cash application, cloud-based ar saas, professional services, payment matching, strategic payment alliances, payment facilitation, cash application, b2b financial technology, digital invoice reconciliation, invoice management, services, invoice matching ai, b2b payment processing, financial services, ar process automation, automated invoicing, construction, information technology, cash collection, b2b saas, cash flow optimization, cloud collaboration, digital payments, computer systems design and related services, enterprise software, invoice-to-cash process automation, cloud collaboration tools, electronic payments, healthcare, ai invoice matching, ar automation, payment automation, payment matching technology, cloud saas, payment processing solutions, payment matching ai, retail, payment processing integrations, cloud saas platform, ai-driven invoicing, information technology & services, cloud-based payment facilitation, b2b payment solutions, software, digital payment solutions, erp integration, invoice automation, cash flow management, payment remittance, financial technology, b2b payment automation, payment remittance automation, payment processing technology, cash application automation, invoice-to-cash, ar process optimization, b2b cash cycle optimization, payment solutions, automated cash collection, operational efficiency, accounts receivable, payment automation platform, b2b cash cycle, payment processing, payment reconciliation automation, cash flow management tools, cloud invoice processing, cloud payment processing, growth business solutions, e-commerce, b2b, manufacturing, ai-powered cash application, b2b saas solutions, cash reconciliation ai, customer experience, b2b cash flow solutions, digital invoice processing, ai technology, cloud-based saas, payment processing partnerships, cloud-based ar platform, mobile app, b2b cash flow management, ai, payment reconciliation, technology, b2b receivables management, collaborative ar, invoice processing, ar dashboards, electronic invoicing, ai matching technology, virtual card payments, erp payment integrations, accounts receivable software, payment portals, credit card processing, fraud prevention, payment network, invoice-to-cash process, customer collaboration, ar automation solutions, payment optimization, remittance matching, automated collections, streamlined cash flows, straight-through processing, interchange optimization, multi-supplier access, self-service payment portals, flexibility in payment acceptance, customer insights, payments dashboard, recurring payments, accounting automation, customer satisfaction, payment trends, business analytics, document management, risk management, compliance solutions, scalable solutions, payment methods integration, customer experience enhancement, time-saving solutions, cost-effective automation, optimization tools, payment analytics, collaboration tools, finance, computer software, finance technology, professional training & coaching, enterprises, health care, health, wellness & fitness, hospital & health care, consumer internet, consumers, internet, mechanical or industrial engineering, payments, analytics",http://www.linkedin.com/in/bcchen,https://versapay.com,http://www.linkedin.com/company/versapay,https://www.facebook.com/versapay,https://twitter.com/Versapay,Toronto,Ontario,Canada,"Atlanta, Georgia, United States",Atlanta,Georgia,United States,'+1 855-418-2786,"Salesforce, Cloudflare DNS, Outlook, Microsoft Office 365, Zendesk, CloudFlare Hosting, DigitalOcean, Amazon SES, Mailchimp Mandrill, Pardot, Digital Ocean Spaces, Atlassian Cloud, Netlify, Drift, OneTrust, React Redux, The Trade Desk, Sophos, NetSuite, Slack, React, SalesLoft, YouTube, Visual Website Optimizer, Mobile Friendly, Wistia, Google Tag Manager, S/4HANA, AI, QuickBooks, Remote, Render, Android, Node.js, IoT, ZoomInfo, Fiserv, World Pay, Salesforce Sales Cloud, Salesforce Service Cloud, Ning, Flow, Wiz, Gearset, Act!, Tableau, Calendly, AWS Trusted Advisor, Microsoft Azure Monitor, Apple Pay, Google Pay for Business, GitHub Actions, SystemVue, Hubspot, Marketo, Active Campaign, Figma, Storybook, ebs, UniFi SDN, Sage Intacct, Microsoft Dynamics, Jira, Intercom, Javascript, HTML Pro, CSS, Material UI, Tailwind, REST",42000000,11000000,Merger / Acquisition,0,2022-04-01T00:00:00+00:00,"","",false,false,false,false,"",6982145fd00f7f000117145d,69821460d00f7f0001172059,"","","","","","","","",""
