First Name,Last Name,Title,Company,Company Name for Emails,Email,Email Status,Primary Email Source,Email Confidence,Primary Email Catch-all Status,Primary Email Last Verified At,Seniority,Departments,Contact Owner,Work Direct Phone,Home Phone,Mobile Phone,Corporate Phone,Other Phone,Stage,Lists,Last Contacted,Account Owner,# Employees,Industry,Keywords,Person Linkedin Url,Website,Company Linkedin Url,Facebook Url,Twitter Url,City,State,Country,Company Address,Company City,Company State,Company Country,Company Phone,Technologies,Annual Revenue,Total Funding,Latest Funding,Latest Funding Amount,Last Raised At,Subsidiary of,Email Sent,Email Open,Email Bounced,Replied,Demoed,Number of Retail Locations,Apollo Contact Id,Apollo Account Id,Secondary Email,Secondary Email Source,Secondary Email Status,Tertiary Email,Tertiary Email Source,Tertiary Email Status
Mark,Underdown,Enterprise Sales Director - RWS Linguistic AI Solutions,RWS Group,RWS Group,munderdown@rws.com,Verified,Apollo,"",Catch-all,2025-09-04T04:04:45+00:00,Director,"Engineering & Technical, Sales",asndn@bunkerboxmail.com,"","","",'+44 175 348 0200,'+44 791 933 8078,Cold,rackspace,"",asndn@bunkerboxmail.com,7800,online media,"content solutions, content transformation, content management, localization, ai data, ip protection, translation, language technology, machine translation, software, information technology, business content, content lifecycle automation, content scalability solutions, content efficiency tools, content security solutions for regulated industries, content lifecycle management, translation services, content intelligence, content automation, content security services, multilingual content, content creation tools, content security technology, intellectual property, content compliance, language services, content security systems, content security protocols, content security tools, structured content authoring, content platform, content security for aerospace, content quality assurance, content security standards, automotive, government, content transformation tools, ai translation, structured content management, content analytics, regulated content, content integration apis, content innovation, pharmaceuticals, aerospace & defense, neural machine translation, structured content publishing, content workflows, content management system, content security compliance, content security policies, content security for pharmaceuticals, content security for legal, content security for financial services, content transformation ai, content quality, content delivery platforms, content transformation services, content services, content compliance solutions, content security, content workflow automation, content localization, content strategy, content scalability, manufacturing, multilingual content security, content strategy consulting, content quality control, content compliance management, content security management, content management platform, content security for life sciences, financial services, content automation tools, content delivery network, content security best practices, content collaboration, content collaboration tools, content integration, content efficiency, artificial intelligence, content security solutions, content analysis, life sciences, ai-powered translation, content lifecycle, content security frameworks, content platforms, content technology, content solutions provider, content security for healthcare, patent translation, content scalability services, legal services, content optimization, content analysis software, content security for automotive, content security for defense, technology, content security architecture, content creation, content delivery, b2b, consulting, services, translation and interpretation services, regulatory compliance, customer engagement, customer retention, aerospace, industrial manufacturing, application development, information technology & services, online media, media, governments, medical, mechanical or industrial engineering, app development, apps, software development",http://www.linkedin.com/in/markunderdown,https://rws.com,http://www.linkedin.com/company/rws-group,https://www.facebook.com/TheRWSGroup,https://twitter.com/RWSGroup,Fleet,England,United Kingdom,"Vanwall Road, Maidenhead, England, United Kingdom, SL6 4UB",Maidenhead,England,United Kingdom,'+44 175 348 0200,"Amazon CloudFront, Cloudflare DNS, Route 53, Microsoft Office 365, Amazon AWS, CloudFlare Hosting, Mixpanel, Amazon SES, WP Engine, Netlify, OneTrust, React Redux, GitHub Hosting, Hubspot, Salesforce, Mobile Friendly, Microsoft-IIS, DoubleClick Conversion, Segment.io, Zencoder, Vimeo, Gettyimages, YouTube, Lever, Google Analytics, DoubleClick, CrazyEgg, Qualtrics, Cedexis Radar, iCIMS, Ruby On Rails, Google Font API, Facebook Widget, Facebook Custom Audiences, Linkedin Login, Facebook Login (Connect), Hotjar, Bootstrap Framework, Linkedin Widget, Google Tag Manager, Telligent, Adobe Media Optimizer, ASP.NET, Ruxit, WordPress.org, Intercom, Open AdStream (Appnexus), Linkedin Marketing Solutions, Google Dynamic Remarketing, Stripe, AI",960377000,"","","","","","",false,false,false,false,"",68be91947f19250001c07aa9,68be91957f19250001c07ace,"","","","","",""
Kieran,Maloney,IT Director (Services & Infrastructure),Charles Taylor,Charles Taylor,"",Unavailable,"","","","",Director,Information Technology,asndn@bunkerboxmail.com,"","",'+44 77 6636 5150,'+44 20 3320 8888,'+44 20 7759 4955,Cold,rackspace,"",asndn@bunkerboxmail.com,1900,insurance,"claims solutions, insuretech, insurance management, global insurance market, fraud prevention, air ambulance & repatriation, insurance services, document lifecycle, document processing, surge claims support, insurance technology, marine liabilities, insuretech saas, regulatory reporting, london market bordereaux management, data analytics, property insurance, digital core transformation, underwriting support, specialty lines insurance, document retrieval, natural resources insurance, risk assessment tools, aviation asset management, data ingestion, software development, specialist investigation services, cloud-based solutions, document compliance, document tagging, casualty insurance, energy insurance, document indexing, regulatory compliance, document management system, legacy systems upgrade, fraud detection, marine technical consultancy, real-time analytics, insurance fraud prevention, marine survey engineering, data integration, claims automation, third-party administration, claims management, policy administration, claims resolution, document access control, mutual insurance, complex insurance needs, document storage, engineering technical services, delegated authorities control, document versioning, document classification, marine survey services, market-leading solutions, governance technology, insurance broking, digital customer experience, document digitization, scientific consultancy, insuretech platform, loss adjusting, forensic accounting, marine insurance, technical insurance services, aviation insurance, document management, document integration, property & casualty risk management, document audit trail, document tracking, environmental technical services, risk management, digital experience modernization, international assistance, pre-deployment reports, operational efficiency, document workflow, document collaboration, digital transformation, document encryption, claims automation technology, document security, laboratory testing & analysis, claims support, claims processing, customer experience, insurance claims process optimization, b2b, consulting, services, other insurance related activities, managed services, information technology & services, computer & network security, enterprise software, enterprises, computer software, financial services",http://www.linkedin.com/in/kieran-maloney-6ab9b815,https://charlestaylor.com,http://www.linkedin.com/company/charles-taylor,"",https://twitter.com/ctcharlestaylor,London,England,United Kingdom,"Mincing Lane, London, England, United Kingdom, EC3R 7BB",London,England,United Kingdom,'+44 20 3320 8888,"Rackspace MailGun, Sendgrid, SendInBlue, Mimecast, UK Fast Hosting, Pardot, Microsoft Office 365, Amazon AWS, Amazon SES, Django Language, Mapbox, Hubspot, Google Tag Manager, Linkedin Marketing Solutions, Facebook Custom Audiences, Shutterstock, Mobile Friendly, Google Dynamic Remarketing, WordPress.org, Google Analytics, LeadForensics, Google AdWords Conversion, Sovrn, Google Font API, Facebook Widget, YouTube, DoubleClick Conversion, DoubleClick, DoubleClick Floodlight, Multilingual, Facebook Login (Connect), Django, Vimeo, reCAPTCHA, ShareThis, Nginx, AI",1000000000,"","","","","","",false,false,false,false,"",68be91accb63fc0001794ec5,68be91accb63fc0001794eeb,"","","","","",""
Campbell,Shaw,Associate Director - Information Technology,WTW,WTW,campbell.shaw@wtwco.com,Verified,Apollo,"",Not Catch-all,2025-08-18T11:57:13+00:00,Director,Information Technology,asndn@bunkerboxmail.com,"","","",'+44 20 3124 6000,'+44 138 220 2918,Cold,rackspace,"",asndn@bunkerboxmail.com,49000,financial services,"risk management, insurance, reinsurance, financial services consulting, human resources consulting, exchange solutions, employee benefits, pensions administration, consulting, hr software, insurance software, institutional investment, specialty insurers, finance, insurance product design for industries, insurance product development, financial risk, actuarial services, insurance product innovation, insurance technology, data analytics platforms, insurance product design, insurance product customization, risk transfer strategies, insurance brokerage, insurance products customization, industry expertise, data analytics, risk mitigation tools, insurance analytics platforms, risk modeling, risk mitigation strategies, investment management, risk assessment tools, insurance consulting, risk decision support, risk analytics in finance, actuarial software, pension fund management, strategic risk, reinsurance risk management, product design, benefits administration, actuarial risk modeling, risk transfer, risk management consulting, risk management tools, industry-specific risk solutions, global insurance markets, insurance industry analytics, benefits consulting for large organizations, risk management software, corporate risk, risk analytics, insurance solutions, insurance risk solutions, industry solutions, corporate risk advisory, actuarial analysis, insurance data platforms, actuarial modeling, financial services, risk data modeling, risk transfer products, reinsurance solutions, specialized risk solutions, risk consulting, data-driven decision making, client risk solutions, benefits administration systems, risk management technology, risk analytics for pensions, risk assessment, pension plan actuarial services, financial analytics, actuarial data platforms, actuarial modeling tools, data-driven insights, risk management innovation, client advisory, actuarial modeling software, risk assessment software, actuarial data analysis, actuarial consulting, insurance products, financial outcomes, pension and retirement analytics, risk forecasting, global risk services, advanced analytics, risk evaluation, insurance analytics, data science in insurance, investment analytics, enterprise risk management, risk analytics platforms, pension management, risk mitigation, risk data management, b2b, services, insurance agencies and brokerages, regulatory compliance, innovation, retirement planning, talent management, insurtech, insurance agencies & brokerages",http://www.linkedin.com/in/campbell-shaw-345a158,https://wtwco.com,http://www.linkedin.com/company/wtwcorporate,https://www.facebook.com/WTWcorporate,https://twitter.com/WTWcorporate,Dundee,Scotland,United Kingdom,"51 Lime Street, London, England, United Kingdom, EC3M 7DQ",London,England,United Kingdom,'+44 20 3124 6000,"Outlook, Microsoft Office 365, Microsoft Azure Hosting, OneTrust, Adobe Marketing Cloud, Marketo, Vimeo, WordPress.org, Ruby On Rails, ON24, New Relic, Highcharts JS Library, DoubleClick, Facebook Custom Audiences, Cvent, Mobile Friendly, Google Tag Manager, Bing Ads, Google Maps, Google AdWords Conversion, Cedexis Radar, Linkedin Marketing Solutions, Hubspot, Google Font API, Google Dynamic Remarketing, AddThis, Google Analytics, Nginx, Facebook Widget, Linkedin Widget, Facebook Login (Connect), Taleo, MediaMath, Adobe Media Optimizer, Gettyimages, Flashtalking, Webex, Google Maps (Non Paid Users), DoubleClick Conversion, Linkedin Login, DoubleClick Floodlight, YouTube",104941000,"","","","","","",false,false,false,false,"",68be916ff3789d0001595c16,68be9170f3789d0001595c31,"","","","","",""
Rob,McKillop,IT Director Aviva Health,Aviva,Aviva,rob.mckillop@aviva.com,Verified,Apollo,"",Catch-all,2025-08-22T07:26:33+00:00,Director,"Human Resources, Information Technology",asndn@bunkerboxmail.com,"","",'+44 78 0069 7722,'+44 20 7283 2000,'+44 160 368 2545,Cold,rackspace,"",asndn@bunkerboxmail.com,30000,insurance,"retirement, investments, insurance, health, insurtech, protection, wealth, firemen employment, insurance mergers, brand recognition, diversified insurer, financial services, first burglary policy, wealth accumulation, heritage, long-standing insurer, investment management, general insurance products, retirement solutions, life insurance, global insurance, trustworthy insurer, mutual insurer, pensions, mutual fire insurer, customer loyalty, wealth management, life insurance policies, risk management, market leader, health coverage, heritage of innovation, general insurance, health insurance, insurance history, long heritage, international insurance markets, innovation in insurance, heritage brand, product portfolio, heritage insurance company, brand marketing, customer service, customer-centric, investment services, b2c, d2c, services, retail, insurance agencies and brokerages, digital transformation, customer engagement, innovation, asset management, employee benefits, sustainability, retirement planning, financial planning, customer experience, marketing & advertising, enterprise software, enterprises, computer software, information technology & services, b2b, insurance agencies & brokerages, environmental services, renewables & environment",http://www.linkedin.com/in/rob-mckillop-40141b8,https://aviva.com,http://www.linkedin.com/company/aviva-plc,https://facebook.com/Aviva/,https://twitter.com/avivaplc,Norwich,England,United Kingdom,"1 Undershaft, London, England, United Kingdom, EC3A 8AB",London,England,United Kingdom,'+44 20 7283 2000,"Akamai, CSC Corporate Domains, Amazon AWS, Adobe Marketing Cloud, Zendesk, OneTrust, React Redux, Salesforce, Drupal, Datadog, Pardot, Workday, Campaign Monitor, Freshdesk, MailJet, Decibel Insight, Twitter Advertising, Google Dynamic Remarketing, reCAPTCHA, Google Tag Manager, Facebook Login (Connect), AppDynamics, Facebook Widget, Zencoder, DoubleClick Conversion, Google Font API, DoubleClick, Facebook Custom Audiences, Linkedin Marketing Solutions, Workday Recruit, Adobe Media Optimizer, Mobile Friendly, Bing Ads, Omniture (Adobe), Google Analytics, DoubleClick Floodlight, Google Maps (Non Paid Users), Google Maps, Vimeo, Google AdWords Conversion, Trustpilot, Shutterstock, TouchCommerce, Amazon Associates, Qualtrics, Cedexis Radar, AppNexus, Google Play, Bootstrap Framework, Google AdSense, Adobe TestAndTarget, Highcharts JS Library, New Relic, Sophus 3 eMetrics, Teads, Hotjar, AngularJS, IoT, Remote, AI",39872748000,"","","","",Irish Life (irishlife.ie),"",false,false,false,false,"",68be91947f19250001c07aac,68be9170f3789d0001595c39,"","","","","",""
Hannah,Gore,"Director, PwC IT Services Compliance Officer & CISO",PwC,PwC,"",Unavailable,"","","","",Director,"C-Suite, Information Technology, Legal",asndn@bunkerboxmail.com,"","",'+44 75 9560 9674,'+44 20 7583 5000,"",Cold,rackspace,"",asndn@bunkerboxmail.com,370000,professional training & coaching,"assurance, tax, advisory, professional services, cyber resilience, market insights, ai solutions, legal services, legal, digital innovation, regulatory technology, digital assurance, private equity, financial services, government, family enterprise services, esg strategy, risk and controls solutions, cloud computing, digital risk assessment, sustainability strategy, trust building, climate change advisory, stakeholder trust, tax services, global presence, private client services, ai, regulatory compliance, regulatory reporting automation, sustainable finance, business transformation, corporate governance frameworks, trust and transparency solutions, global network, esg data management, industry expertise, performance improvement, private business consulting, sustainability, family business succession, corporate strategy, climate risk analytics, climate risk management, client advisory, risk management, climate change, esg reporting, legal services in consulting, consulting, corporate social responsibility, mergers and acquisitions, family business, corporate governance assessments, data analytics, technology, enterprise risk, regulatory advisory, healthcare, cybersecurity, data security, digital trust, financial advisory, audit, regulatory compliance automation, climate change reporting, innovation, regulatory reporting, sustainability and climate change, private equity advisory, corporate governance, digital risk management, digital transformation, audit and assurance, b2b, services, accounting, tax preparation, bookkeeping, and payroll services, cloud solutions, media, telecommunications, managed services, customer experience, operational efficiency, leadership development, professional training & coaching, governments, enterprise software, enterprises, computer software, information technology & services, environmental services, renewables & environment, mergers & acquisitions, health care, health, wellness & fitness, hospital & health care, computer & network security, financial consulting, management consulting",http://www.linkedin.com/in/hannah-g-6455b827,https://pwc.com,http://www.linkedin.com/company/pwc,https://facebook.com/lifeatpwc,https://twitter.com/PwCUS,London,England,United Kingdom,"1 Embankment Place, London, United Kingdom, WC2N 5NP",London,"",United Kingdom,'+44 20 7583 5000,"Akamai, CSC Corporate Domains, Gmail, Google Apps, Microsoft Office 365, DemandBase, Drupal, VueJS, Salesforce, Microsoft Application Insights, Atlassian Cloud, Microsoft Power BI, OneTrust, React Redux, Datadog, Adobe Marketing Cloud, Adobe CQ, Eloqua, MongoDB, SuccessFactors (SAP), Amazon SES, LiveRamp, Taboola, Hotjar, SOASTA, Vimeo, The Trade Desk, Sizmek (MediaMind), Apache, Greenhouse.io, Cedexis Radar, Amadesa, Intercom, Gettyimages, SharpSpring, WordPress.org, Google translate API, Google translate widget, Google AdWords Conversion, Google Font API, Google Places, Google Analytics, GoToWebinar, Yahoo Analytics, Yahoo Ad Manager Plus, Open AdStream (Appnexus), eRecruit, Facebook Widget, FullStory, Linkedin Marketing Solutions, Wistia, Qualtrics, MouseFlow, Google Play, Adobe Media Optimizer, Dropbox, Shutterstock, Google Plus, YouTube, Turn, DoubleClick Floodlight, Google Maps, iTunes, Linkedin Widget, Marketo, Formstack, Adform, Bootstrap Framework, Google Tag Manager, AT Internet, Ruby On Rails, Stripe, iGoDigital, Highcharts JS Library, Kaltura, FreakOut, Google Dynamic Remarketing, DoubleClick Conversion, Facebook Custom Audiences, Webex, ON24, MicroAd, MailChimp, SoundCloud, DoubleClick, Perfect Audience, Adobe TestAndTarget, Twitter Advertising, reCAPTCHA, Cornerstone On Demand, AppNexus, AngularJS, CrazyEgg, Workday Recruit, JQuery 1.11.1, Cvent, Omniture (Adobe), Bing Ads, Scene7, Facebook Login (Connect), Mobile Friendly",55381000000,"","","","","","",false,false,false,false,"",68be91accb63fc0001794ecd,68be9170f3789d0001595c34,"","","","","",""
Wenyu,Bai,Divisional Director - AI and Automation,St. James’s Place,St. James’s Place,wenyu.bai@sjp.co.uk,Verified,Apollo,"",Not Catch-all,2025-08-13T14:15:47+00:00,Director,Engineering & Technical,asndn@bunkerboxmail.com,"","",'+44 792 036 1782,'+44 796 009 7335,"",Cold,rackspace,"",asndn@bunkerboxmail.com,6200,financial services,"wealth management, investment planning, retirement planning, protecting you, your estate, financial services, finance, digital advice, investment portfolios, wealth management compliance, wealth planning tools, wealth solutions, wealth management scalability, digital advice platform, digital banking, client relationship management software, financial strategy, adviser partnership model, client data protection, high-net-worth clients, wealth transfer strategies, wealth analytics, wealth management software, client confidentiality, investment fund management, wealth management reporting, wealth protection, wealth accumulation, wealth growth, data security, fund management, wealth management consulting, digital services, financial technology, digital client portal, estate planning services, client wealth protection, financial security, life insurance, client relationship management, wealth management analytics, multi-asset investment, digital client engagement, client engagement, asset under management, client portal, financial data security, wealth management technology, online platform, investment management, wealth transfer, estate transfer, digital wealth management tools, investment strategies, client data privacy, investment products, wealth preservation strategies, client onboarding platform, client communication, retirement income solutions, wealth management innovation, financial adviser network, client data, high-net-worth, international markets, wealth preservation, financial planning, personalized advice, adviser network, client wealth, wealth management platform, wealth advisory, client onboarding process, personalized financial advice, wealth transfer planning, protection products, financial advice, financial platform, insurance, client engagement platform, digital platforms, client trust, financial reporting, personalized financial planning, asset management, digital financial services, investment portfolio management, wealth building, pension management, b2c, services, retail, other financial investment activities, estate planning, employee benefits, risk management, tax planning, computer & network security, information technology & services, finance technology, law practice, legal services",http://www.linkedin.com/in/wenyubai,https://sjp.co.uk,http://www.linkedin.com/company/st-james-s-place,"","","","",United Kingdom,"1 Tetbury Road, England, United Kingdom, GL7 1FP","",England,United Kingdom,'+44 796 009 7335,"Route 53, SendInBlue, Amazon AWS, CloudFlare Hosting, Sendgrid, Outlook, Pardot, Kubernetes, Amazon SES, Atlassian Cloud, Cornerstone On Demand, Umbraco, React Redux, Google Maps, DoubleClick Conversion, Google AdSense, Intercom, Zencoder, Adobe Media Optimizer, reCAPTCHA, Stripe, Google Maps (Non Paid Users), Mobile Friendly, Nginx, Apache, LivePerson Monitor, Incapsula, Google Font API, Google Dynamic Remarketing, Highcharts JS Library, Amazon Associates, Hotjar, Facebook Login (Connect), AppDynamics, Bing Ads, Microsoft-IIS, Google Analytics, Linkedin Marketing Solutions, DoubleClick Floodlight, Google Analytics Ecommerce Tracking, Facebook Custom Audiences, DoubleClick, Trustpilot, Google Places, Shutterstock, Bootstrap Framework, Google Play, AT Internet, Cedexis Radar, Qualtrics, Facebook Widget, Amcharts JS Library, Wistia, Google Tag Manager, Vimeo, Quantcast, Google AdWords Conversion, AI","","","","","","","",false,false,false,false,"",68be916ff3789d0001595c08,68be9170f3789d0001595c36,"","","","","",""
Graham,Thompson,IT Director,PwC,PwC,graham.t.thompson@pwc.com,Verified,Apollo,"",Catch-all,2025-09-08T07:13:40+00:00,Director,Information Technology,asndn@bunkerboxmail.com,"","",'+1 773-412-9136,'+44 20 7583 5000,"",Cold,rackspace,"",asndn@bunkerboxmail.com,370000,professional training & coaching,"assurance, tax, advisory, professional services, cyber resilience, market insights, ai solutions, legal services, legal, digital innovation, regulatory technology, digital assurance, private equity, financial services, government, family enterprise services, esg strategy, risk and controls solutions, cloud computing, digital risk assessment, sustainability strategy, trust building, climate change advisory, stakeholder trust, tax services, global presence, private client services, ai, regulatory compliance, regulatory reporting automation, sustainable finance, business transformation, corporate governance frameworks, trust and transparency solutions, global network, esg data management, industry expertise, performance improvement, private business consulting, sustainability, family business succession, corporate strategy, climate risk analytics, climate risk management, client advisory, risk management, climate change, esg reporting, legal services in consulting, consulting, corporate social responsibility, mergers and acquisitions, family business, corporate governance assessments, data analytics, technology, enterprise risk, regulatory advisory, healthcare, cybersecurity, data security, digital trust, financial advisory, audit, regulatory compliance automation, climate change reporting, innovation, regulatory reporting, sustainability and climate change, private equity advisory, corporate governance, digital risk management, digital transformation, audit and assurance, b2b, services, accounting, tax preparation, bookkeeping, and payroll services, cloud solutions, media, telecommunications, managed services, customer experience, operational efficiency, leadership development, professional training & coaching, governments, enterprise software, enterprises, computer software, information technology & services, environmental services, renewables & environment, mergers & acquisitions, health care, health, wellness & fitness, hospital & health care, computer & network security, financial consulting, management consulting",http://www.linkedin.com/in/graham-thompson-185486144,https://pwc.com,http://www.linkedin.com/company/pwc,https://facebook.com/lifeatpwc,https://twitter.com/PwCUS,London,England,United Kingdom,"1 Embankment Place, London, United Kingdom, WC2N 5NP",London,"",United Kingdom,'+44 20 7583 5000,"Akamai, CSC Corporate Domains, Gmail, Google Apps, Microsoft Office 365, DemandBase, Drupal, VueJS, Salesforce, Microsoft Application Insights, Atlassian Cloud, Microsoft Power BI, OneTrust, React Redux, Datadog, Adobe Marketing Cloud, Adobe CQ, Eloqua, MongoDB, SuccessFactors (SAP), Amazon SES, LiveRamp, Taboola, Hotjar, SOASTA, Vimeo, The Trade Desk, Sizmek (MediaMind), Apache, Greenhouse.io, Cedexis Radar, Amadesa, Intercom, Gettyimages, SharpSpring, WordPress.org, Google translate API, Google translate widget, Google AdWords Conversion, Google Font API, Google Places, Google Analytics, GoToWebinar, Yahoo Analytics, Yahoo Ad Manager Plus, Open AdStream (Appnexus), eRecruit, Facebook Widget, FullStory, Linkedin Marketing Solutions, Wistia, Qualtrics, MouseFlow, Google Play, Adobe Media Optimizer, Dropbox, Shutterstock, Google Plus, YouTube, Turn, DoubleClick Floodlight, Google Maps, iTunes, Linkedin Widget, Marketo, Formstack, Adform, Bootstrap Framework, Google Tag Manager, AT Internet, Ruby On Rails, Stripe, iGoDigital, Highcharts JS Library, Kaltura, FreakOut, Google Dynamic Remarketing, DoubleClick Conversion, Facebook Custom Audiences, Webex, ON24, MicroAd, MailChimp, SoundCloud, DoubleClick, Perfect Audience, Adobe TestAndTarget, Twitter Advertising, reCAPTCHA, Cornerstone On Demand, AppNexus, AngularJS, CrazyEgg, Workday Recruit, JQuery 1.11.1, Cvent, Omniture (Adobe), Bing Ads, Scene7, Facebook Login (Connect), Mobile Friendly",55381000000,"","","","","","",false,false,false,false,"",68be91947f19250001c07aa8,68be9170f3789d0001595c34,"","","","","",""
Keisha,Roderick,EMEA AI Go-To-Market Director,PwC,PwC,keisha.roderick@pwc.com,Verified,Apollo,"",Catch-all,2025-08-31T00:38:12+00:00,Director,Engineering & Technical,asndn@bunkerboxmail.com,"","",'+44 77 1201 0676,'+44 20 7583 5000,"",Cold,rackspace,"",asndn@bunkerboxmail.com,370000,professional training & coaching,"assurance, tax, advisory, professional services, cyber resilience, market insights, ai solutions, legal services, legal, digital innovation, regulatory technology, digital assurance, private equity, financial services, government, family enterprise services, esg strategy, risk and controls solutions, cloud computing, digital risk assessment, sustainability strategy, trust building, climate change advisory, stakeholder trust, tax services, global presence, private client services, ai, regulatory compliance, regulatory reporting automation, sustainable finance, business transformation, corporate governance frameworks, trust and transparency solutions, global network, esg data management, industry expertise, performance improvement, private business consulting, sustainability, family business succession, corporate strategy, climate risk analytics, climate risk management, client advisory, risk management, climate change, esg reporting, legal services in consulting, consulting, corporate social responsibility, mergers and acquisitions, family business, corporate governance assessments, data analytics, technology, enterprise risk, regulatory advisory, healthcare, cybersecurity, data security, digital trust, financial advisory, audit, regulatory compliance automation, climate change reporting, innovation, regulatory reporting, sustainability and climate change, private equity advisory, corporate governance, digital risk management, digital transformation, audit and assurance, b2b, services, accounting, tax preparation, bookkeeping, and payroll services, cloud solutions, media, telecommunications, managed services, customer experience, operational efficiency, leadership development, professional training & coaching, governments, enterprise software, enterprises, computer software, information technology & services, environmental services, renewables & environment, mergers & acquisitions, health care, health, wellness & fitness, hospital & health care, computer & network security, financial consulting, management consulting",http://www.linkedin.com/in/keisha-roderick-563370123,https://pwc.com,http://www.linkedin.com/company/pwc,https://facebook.com/lifeatpwc,https://twitter.com/PwCUS,London,England,United Kingdom,"1 Embankment Place, London, United Kingdom, WC2N 5NP",London,"",United Kingdom,'+44 20 7583 5000,"Akamai, CSC Corporate Domains, Gmail, Google Apps, Microsoft Office 365, DemandBase, Drupal, VueJS, Salesforce, Microsoft Application Insights, Atlassian Cloud, Microsoft Power BI, OneTrust, React Redux, Datadog, Adobe Marketing Cloud, Adobe CQ, Eloqua, MongoDB, SuccessFactors (SAP), Amazon SES, LiveRamp, Taboola, Hotjar, SOASTA, Vimeo, The Trade Desk, Sizmek (MediaMind), Apache, Greenhouse.io, Cedexis Radar, Amadesa, Intercom, Gettyimages, SharpSpring, WordPress.org, Google translate API, Google translate widget, Google AdWords Conversion, Google Font API, Google Places, Google Analytics, GoToWebinar, Yahoo Analytics, Yahoo Ad Manager Plus, Open AdStream (Appnexus), eRecruit, Facebook Widget, FullStory, Linkedin Marketing Solutions, Wistia, Qualtrics, MouseFlow, Google Play, Adobe Media Optimizer, Dropbox, Shutterstock, Google Plus, YouTube, Turn, DoubleClick Floodlight, Google Maps, iTunes, Linkedin Widget, Marketo, Formstack, Adform, Bootstrap Framework, Google Tag Manager, AT Internet, Ruby On Rails, Stripe, iGoDigital, Highcharts JS Library, Kaltura, FreakOut, Google Dynamic Remarketing, DoubleClick Conversion, Facebook Custom Audiences, Webex, ON24, MicroAd, MailChimp, SoundCloud, DoubleClick, Perfect Audience, Adobe TestAndTarget, Twitter Advertising, reCAPTCHA, Cornerstone On Demand, AppNexus, AngularJS, CrazyEgg, Workday Recruit, JQuery 1.11.1, Cvent, Omniture (Adobe), Bing Ads, Scene7, Facebook Login (Connect), Mobile Friendly",55381000000,"","","","","","",false,false,false,false,"",68be91947f19250001c07aaf,68be9170f3789d0001595c34,"","","","","",""
John,Stewart,Group IT Director,Enact Conveyancing,Enact Conveyancing,john.stewart@enact.co.uk,Verified,Apollo,"",Not Catch-all,2025-08-22T13:10:34+00:00,Director,Information Technology,asndn@bunkerboxmail.com,"","",'+1 214-597-0964,'+44 844 244 2000,"",Cold,rackspace,"",asndn@bunkerboxmail.com,300,legal services,"conveyancing, property lawyers, legal services, moving home, real-time progress tracking, secure messaging, client portal, property sale, customer service excellence, client document portal, customer portal, client communication, title registration, property valuation, property law regulation, legal compliance, document upload, property law, property chain management, licensed conveyancer, property transfer, property purchase, online case tracker, digital legal services, remortgaging, digital conveyancing, real estate, case management, property law expertise, land registry, online conveyancing quotes, property transaction automation, property sale process, conveyancing training, property searches, property documentation, regulatory compliance, property transactions, b2c, d2c, services, offices of lawyers, customer service, risk management",http://www.linkedin.com/in/john-stewart-3a89b6,https://enact.co.uk,http://www.linkedin.com/company/enact-conveyancing-ltd.,"","",Harrogate,England,United Kingdom,"9 Manor Road, Leeds, England, United Kingdom, LS26 0",Leeds,England,United Kingdom,'+44 844 244 2000,"Netriplex, Mailchimp Mandrill, Mimecast, Zendesk, Bootstrap Framework, reCAPTCHA, Hotjar, Zopim, Trustpilot, Mobile Friendly, Google Tag Manager, DoubleClick Conversion, Google Dynamic Remarketing, Shutterstock, DoubleClick, WordPress.org, Google Font API, Vimeo, Remote",15000000,"","","","","","",false,false,false,false,"",68be91947f19250001c07ab4,68be91957f19250001c07ad6,"","","","","",""
Andy,Archer,Director HR IT,RWS Group,RWS Group,anarcher@rws.com,Verified,Apollo,"",Catch-all,2025-08-13T10:38:29+00:00,Director,"Human Resources, Information Technology",asndn@bunkerboxmail.com,"","",'+44 78 1276 6171,'+44 175 348 0200,'+44 115 992 2520,Cold,rackspace,"",asndn@bunkerboxmail.com,7800,online media,"content solutions, content transformation, content management, localization, ai data, ip protection, translation, language technology, machine translation, software, information technology, business content, content lifecycle automation, content scalability solutions, content efficiency tools, content security solutions for regulated industries, content lifecycle management, translation services, content intelligence, content automation, content security services, multilingual content, content creation tools, content security technology, intellectual property, content compliance, language services, content security systems, content security protocols, content security tools, structured content authoring, content platform, content security for aerospace, content quality assurance, content security standards, automotive, government, content transformation tools, ai translation, structured content management, content analytics, regulated content, content integration apis, content innovation, pharmaceuticals, aerospace & defense, neural machine translation, structured content publishing, content workflows, content management system, content security compliance, content security policies, content security for pharmaceuticals, content security for legal, content security for financial services, content transformation ai, content quality, content delivery platforms, content transformation services, content services, content compliance solutions, content security, content workflow automation, content localization, content strategy, content scalability, manufacturing, multilingual content security, content strategy consulting, content quality control, content compliance management, content security management, content management platform, content security for life sciences, financial services, content automation tools, content delivery network, content security best practices, content collaboration, content collaboration tools, content integration, content efficiency, artificial intelligence, content security solutions, content analysis, life sciences, ai-powered translation, content lifecycle, content security frameworks, content platforms, content technology, content solutions provider, content security for healthcare, patent translation, content scalability services, legal services, content optimization, content analysis software, content security for automotive, content security for defense, technology, content security architecture, content creation, content delivery, b2b, consulting, services, translation and interpretation services, regulatory compliance, customer engagement, customer retention, aerospace, industrial manufacturing, application development, information technology & services, online media, media, governments, medical, mechanical or industrial engineering, app development, apps, software development",http://www.linkedin.com/in/andy-archer-87b2a020,https://rws.com,http://www.linkedin.com/company/rws-group,https://www.facebook.com/TheRWSGroup,https://twitter.com/RWSGroup,Great Gonerby,England,United Kingdom,"Vanwall Road, Maidenhead, England, United Kingdom, SL6 4UB",Maidenhead,England,United Kingdom,'+44 175 348 0200,"Amazon CloudFront, Cloudflare DNS, Route 53, Microsoft Office 365, Amazon AWS, CloudFlare Hosting, Mixpanel, Amazon SES, WP Engine, Netlify, OneTrust, React Redux, GitHub Hosting, Hubspot, Salesforce, Mobile Friendly, Microsoft-IIS, DoubleClick Conversion, Segment.io, Zencoder, Vimeo, Gettyimages, YouTube, Lever, Google Analytics, DoubleClick, CrazyEgg, Qualtrics, Cedexis Radar, iCIMS, Ruby On Rails, Google Font API, Facebook Widget, Facebook Custom Audiences, Linkedin Login, Facebook Login (Connect), Hotjar, Bootstrap Framework, Linkedin Widget, Google Tag Manager, Telligent, Adobe Media Optimizer, ASP.NET, Ruxit, WordPress.org, Intercom, Open AdStream (Appnexus), Linkedin Marketing Solutions, Google Dynamic Remarketing, Stripe, AI",960377000,"","","","","","",false,false,false,false,"",68be91accb63fc0001794ec9,68be91957f19250001c07ace,"","","","","",""
Patrick,McMullan,Director of Data Analytics & AI,EY,EY,pmcmullan1@uk.ey.com,Verified,Apollo,"",Catch-all,2025-08-13T08:08:49+00:00,Director,"Engineering & Technical, Information Technology",asndn@bunkerboxmail.com,"","",'+44 738 896 8663,'+44 20 7951 2000,"",Cold,rackspace,"",asndn@bunkerboxmail.com,400000,professional training & coaching,"advisory, assurance, tax, transactions, audit, mergers, m, a, financial services, accounting, professional services, law, technology, consulting, data, transformation, strategy, legal, digital transformation, growth, managed services, risk management, supply chain transformation, industry verticals, client advisory, cloud security, industrial manufacturing, sustainability services, ai-powered fraud detection, digital ecosystems, data analytics, esg advisory, digital transformation in energy, sustainable growth, corporate restructuring, regulatory environment, iot for industrial automation, value chain optimization, business model innovation, ai-powered solutions, market entry strategy, cybersecurity, growth strategy, technology consulting, technology integration, strategy consulting, data security, corporate strategy, ai for financial modeling, climate risk analytics, restructuring and turnaround, iot in energy management, digital twin for manufacturing, sustainability reporting, tax advisory, climate risk management, ai governance, ai ethics, long-term value, digital solutions, regulatory strategy, digital health solutions, digital workplace solutions, climate change services, automation tools, corporate governance, blockchain for finance, government & public sector, financial audit, digital risk management, blockchain for real estate, energy, ai-driven customer insights, ai in risk management, capital markets, cyber risk management, enterprise software, regulatory compliance, digital compliance, forensic & integrity services, digital innovation, stakeholder engagement, sustainable supply chain, corporate finance, global network, sustainable finance solutions, business transformation, digital assets, transaction services, trust and assurance, performance improvement, industry expertise, risk analytics, business resilience, ai in healthcare, ai in legal services, value creation, risk assessment, regtech, tax technology, ai, climate change analytics, blockchain for supply chain, healthcare, market analysis, ai and automation, m&a advisory, digital innovation platforms, iot in supply chain, ai in tax, blockchain, ai in audit, smart contracts, automated compliance monitoring, climate tech, cybersecurity for iot, workforce analytics, cloud computing, assurance services, iot, regulatory technology (regtech), private equity, supply chain resilience platforms, digital risk assessment tools, digital risk, digital platforms, esg data platforms, client trust, financial reporting, cybersecurity in critical infrastructure, machine learning, digital twin, cybersecurity for financial services, b2b, government, services, management consulting services, customer experience, sustainability, innovation, compliance, retail, cloud services, supply chain management, renewable energy, business intelligence, operational efficiency, professional training & coaching, management consulting, strategic consulting, computer & network security, information technology & services, oil & energy, enterprises, computer software, health care, health, wellness & fitness, hospital & health care, artificial intelligence, environmental services, renewables & environment, logistics & supply chain, clean energy & technology, analytics",http://www.linkedin.com/in/pwmcmullan,https://ey.com,http://www.linkedin.com/company/ernstandyoung,https://www.facebook.com/pages/Ernst-Young/195665063800329,https://twitter.com/EYnews,Belfast,Northern Ireland,United Kingdom,"6 More London Riverside, England, United Kingdom, SE1","",England,United Kingdom,'+44 20 7951 2000,"Microsoft Azure Hosting, Brightcove, Adobe Marketing Cloud, Microsoft Application Insights, Atlassian Cloud, SignalR, SuccessFactors (SAP), Zendesk, Hubspot, Salesforce, Shutterstock, Linkedin Widget, Omniture (Adobe), Google Font API, Qualtrics, Bing Ads, WordPress.org, Facebook Widget, DoubleClick, Hotjar, DoubleClick Floodlight, The Trade Desk, Facebook Login (Connect), Facebook Custom Audiences, Google AdWords Conversion, AppDynamics, New Relic, Amadesa, Google AdSense, Typekit, Google Maps, Backbone JS Library, Twitter Advertising, Adobe Media Optimizer, Linkedin Marketing Solutions, Nginx, Kaltura, SiteScout, Vimeo, Linkedin Login, Google Places, Zencoder, Bootstrap Framework, Google Dynamic Remarketing, Mobile Friendly, Multilingual, YouTube, Google Analytics, Yahoo Analytics, Workday Recruit, JQuery 1.11.1, Teads, reCAPTCHA, Marketo, Cvent, AngularJS, SharePoint, Yahoo Ad Manager Plus, Fusioncharts JS Library, Cedexis Radar, Taleo, Webex, DoubleClick Conversion, ON24, ADX Studio, Google Tag Manager, Remote",51200000000,"","","","","","",false,false,false,false,"",68be916ff3789d0001595c0b,68be9170f3789d0001595c30,"","","","","",""
Sophie,Pettifer,"Director: UKFS Assurance Innovation, AI and Robotics",EY,EY,"",Unavailable,"","","","",Director,Engineering & Technical,asndn@bunkerboxmail.com,"","","",'+44 20 7951 2000,"",Cold,rackspace,"",asndn@bunkerboxmail.com,400000,professional training & coaching,"advisory, assurance, tax, transactions, audit, mergers, m, a, financial services, accounting, professional services, law, technology, consulting, data, transformation, strategy, legal, digital transformation, growth, managed services, risk management, supply chain transformation, industry verticals, client advisory, cloud security, industrial manufacturing, sustainability services, ai-powered fraud detection, digital ecosystems, data analytics, esg advisory, digital transformation in energy, sustainable growth, corporate restructuring, regulatory environment, iot for industrial automation, value chain optimization, business model innovation, ai-powered solutions, market entry strategy, cybersecurity, growth strategy, technology consulting, technology integration, strategy consulting, data security, corporate strategy, ai for financial modeling, climate risk analytics, restructuring and turnaround, iot in energy management, digital twin for manufacturing, sustainability reporting, tax advisory, climate risk management, ai governance, ai ethics, long-term value, digital solutions, regulatory strategy, digital health solutions, digital workplace solutions, climate change services, automation tools, corporate governance, blockchain for finance, government & public sector, financial audit, digital risk management, blockchain for real estate, energy, ai-driven customer insights, ai in risk management, capital markets, cyber risk management, enterprise software, regulatory compliance, digital compliance, forensic & integrity services, digital innovation, stakeholder engagement, sustainable supply chain, corporate finance, global network, sustainable finance solutions, business transformation, digital assets, transaction services, trust and assurance, performance improvement, industry expertise, risk analytics, business resilience, ai in healthcare, ai in legal services, value creation, risk assessment, regtech, tax technology, ai, climate change analytics, blockchain for supply chain, healthcare, market analysis, ai and automation, m&a advisory, digital innovation platforms, iot in supply chain, ai in tax, blockchain, ai in audit, smart contracts, automated compliance monitoring, climate tech, cybersecurity for iot, workforce analytics, cloud computing, assurance services, iot, regulatory technology (regtech), private equity, supply chain resilience platforms, digital risk assessment tools, digital risk, digital platforms, esg data platforms, client trust, financial reporting, cybersecurity in critical infrastructure, machine learning, digital twin, cybersecurity for financial services, b2b, government, services, management consulting services, customer experience, sustainability, innovation, compliance, retail, cloud services, supply chain management, renewable energy, business intelligence, operational efficiency, professional training & coaching, management consulting, strategic consulting, computer & network security, information technology & services, oil & energy, enterprises, computer software, health care, health, wellness & fitness, hospital & health care, artificial intelligence, environmental services, renewables & environment, logistics & supply chain, clean energy & technology, analytics",http://www.linkedin.com/in/sophie-pettifer-055659b7,https://ey.com,http://www.linkedin.com/company/ernstandyoung,https://www.facebook.com/pages/Ernst-Young/195665063800329,https://twitter.com/EYnews,London,England,United Kingdom,"6 More London Riverside, England, United Kingdom, SE1","",England,United Kingdom,'+44 20 7951 2000,"Microsoft Azure Hosting, Brightcove, Adobe Marketing Cloud, Microsoft Application Insights, Atlassian Cloud, SignalR, SuccessFactors (SAP), Zendesk, Hubspot, Salesforce, Shutterstock, Linkedin Widget, Omniture (Adobe), Google Font API, Qualtrics, Bing Ads, WordPress.org, Facebook Widget, DoubleClick, Hotjar, DoubleClick Floodlight, The Trade Desk, Facebook Login (Connect), Facebook Custom Audiences, Google AdWords Conversion, AppDynamics, New Relic, Amadesa, Google AdSense, Typekit, Google Maps, Backbone JS Library, Twitter Advertising, Adobe Media Optimizer, Linkedin Marketing Solutions, Nginx, Kaltura, SiteScout, Vimeo, Linkedin Login, Google Places, Zencoder, Bootstrap Framework, Google Dynamic Remarketing, Mobile Friendly, Multilingual, YouTube, Google Analytics, Yahoo Analytics, Workday Recruit, JQuery 1.11.1, Teads, reCAPTCHA, Marketo, Cvent, AngularJS, SharePoint, Yahoo Ad Manager Plus, Fusioncharts JS Library, Cedexis Radar, Taleo, Webex, DoubleClick Conversion, ON24, ADX Studio, Google Tag Manager, Remote",51200000000,"","","","","","",false,false,false,false,"",68be91947f19250001c07ab2,68be9170f3789d0001595c30,"","","","","",""
Febryan,Lao,IT Risk & Assurance Director,EY,EY,flao@uk.ey.com,Verified,Apollo,"",Catch-all,2025-09-07T20:15:25+00:00,Director,Information Technology,asndn@bunkerboxmail.com,"","",'+44 20 7951 6869,'+44 20 7951 2000,"",Cold,rackspace,"",asndn@bunkerboxmail.com,400000,professional training & coaching,"advisory, assurance, tax, transactions, audit, mergers, m, a, financial services, accounting, professional services, law, technology, consulting, data, transformation, strategy, legal, digital transformation, growth, managed services, risk management, supply chain transformation, industry verticals, client advisory, cloud security, industrial manufacturing, sustainability services, ai-powered fraud detection, digital ecosystems, data analytics, esg advisory, digital transformation in energy, sustainable growth, corporate restructuring, regulatory environment, iot for industrial automation, value chain optimization, business model innovation, ai-powered solutions, market entry strategy, cybersecurity, growth strategy, technology consulting, technology integration, strategy consulting, data security, corporate strategy, ai for financial modeling, climate risk analytics, restructuring and turnaround, iot in energy management, digital twin for manufacturing, sustainability reporting, tax advisory, climate risk management, ai governance, ai ethics, long-term value, digital solutions, regulatory strategy, digital health solutions, digital workplace solutions, climate change services, automation tools, corporate governance, blockchain for finance, government & public sector, financial audit, digital risk management, blockchain for real estate, energy, ai-driven customer insights, ai in risk management, capital markets, cyber risk management, enterprise software, regulatory compliance, digital compliance, forensic & integrity services, digital innovation, stakeholder engagement, sustainable supply chain, corporate finance, global network, sustainable finance solutions, business transformation, digital assets, transaction services, trust and assurance, performance improvement, industry expertise, risk analytics, business resilience, ai in healthcare, ai in legal services, value creation, risk assessment, regtech, tax technology, ai, climate change analytics, blockchain for supply chain, healthcare, market analysis, ai and automation, m&a advisory, digital innovation platforms, iot in supply chain, ai in tax, blockchain, ai in audit, smart contracts, automated compliance monitoring, climate tech, cybersecurity for iot, workforce analytics, cloud computing, assurance services, iot, regulatory technology (regtech), private equity, supply chain resilience platforms, digital risk assessment tools, digital risk, digital platforms, esg data platforms, client trust, financial reporting, cybersecurity in critical infrastructure, machine learning, digital twin, cybersecurity for financial services, b2b, government, services, management consulting services, customer experience, sustainability, innovation, compliance, retail, cloud services, supply chain management, renewable energy, business intelligence, operational efficiency, professional training & coaching, management consulting, strategic consulting, computer & network security, information technology & services, oil & energy, enterprises, computer software, health care, health, wellness & fitness, hospital & health care, artificial intelligence, environmental services, renewables & environment, logistics & supply chain, clean energy & technology, analytics",http://www.linkedin.com/in/febryan-lao-20982876,https://ey.com,http://www.linkedin.com/company/ernstandyoung,https://www.facebook.com/pages/Ernst-Young/195665063800329,https://twitter.com/EYnews,"","",United Kingdom,"6 More London Riverside, England, United Kingdom, SE1","",England,United Kingdom,'+44 20 7951 2000,"Microsoft Azure Hosting, Brightcove, Adobe Marketing Cloud, Microsoft Application Insights, Atlassian Cloud, SignalR, SuccessFactors (SAP), Zendesk, Hubspot, Salesforce, Shutterstock, Linkedin Widget, Omniture (Adobe), Google Font API, Qualtrics, Bing Ads, WordPress.org, Facebook Widget, DoubleClick, Hotjar, DoubleClick Floodlight, The Trade Desk, Facebook Login (Connect), Facebook Custom Audiences, Google AdWords Conversion, AppDynamics, New Relic, Amadesa, Google AdSense, Typekit, Google Maps, Backbone JS Library, Twitter Advertising, Adobe Media Optimizer, Linkedin Marketing Solutions, Nginx, Kaltura, SiteScout, Vimeo, Linkedin Login, Google Places, Zencoder, Bootstrap Framework, Google Dynamic Remarketing, Mobile Friendly, Multilingual, YouTube, Google Analytics, Yahoo Analytics, Workday Recruit, JQuery 1.11.1, Teads, reCAPTCHA, Marketo, Cvent, AngularJS, SharePoint, Yahoo Ad Manager Plus, Fusioncharts JS Library, Cedexis Radar, Taleo, Webex, DoubleClick Conversion, ON24, ADX Studio, Google Tag Manager, Remote",51200000000,"","","","","","",false,false,false,false,"",68be91accb63fc0001794ebe,68be9170f3789d0001595c30,"","","","","",""
Richard,Thompson,Director - AI & Data,EY,EY,richard.thompson@ey-seren.com,Verified,Apollo,"","",2025-09-04T01:06:06+00:00,Director,Engineering & Technical,asndn@bunkerboxmail.com,"","",'+44 77 6295 5502,'+44 20 7951 2000,'+44 771 149 5236,Cold,rackspace,"",asndn@bunkerboxmail.com,400000,professional training & coaching,"advisory, assurance, tax, transactions, audit, mergers, m, a, financial services, accounting, professional services, law, technology, consulting, data, transformation, strategy, legal, digital transformation, growth, managed services, risk management, supply chain transformation, industry verticals, client advisory, cloud security, industrial manufacturing, sustainability services, ai-powered fraud detection, digital ecosystems, data analytics, esg advisory, digital transformation in energy, sustainable growth, corporate restructuring, regulatory environment, iot for industrial automation, value chain optimization, business model innovation, ai-powered solutions, market entry strategy, cybersecurity, growth strategy, technology consulting, technology integration, strategy consulting, data security, corporate strategy, ai for financial modeling, climate risk analytics, restructuring and turnaround, iot in energy management, digital twin for manufacturing, sustainability reporting, tax advisory, climate risk management, ai governance, ai ethics, long-term value, digital solutions, regulatory strategy, digital health solutions, digital workplace solutions, climate change services, automation tools, corporate governance, blockchain for finance, government & public sector, financial audit, digital risk management, blockchain for real estate, energy, ai-driven customer insights, ai in risk management, capital markets, cyber risk management, enterprise software, regulatory compliance, digital compliance, forensic & integrity services, digital innovation, stakeholder engagement, sustainable supply chain, corporate finance, global network, sustainable finance solutions, business transformation, digital assets, transaction services, trust and assurance, performance improvement, industry expertise, risk analytics, business resilience, ai in healthcare, ai in legal services, value creation, risk assessment, regtech, tax technology, ai, climate change analytics, blockchain for supply chain, healthcare, market analysis, ai and automation, m&a advisory, digital innovation platforms, iot in supply chain, ai in tax, blockchain, ai in audit, smart contracts, automated compliance monitoring, climate tech, cybersecurity for iot, workforce analytics, cloud computing, assurance services, iot, regulatory technology (regtech), private equity, supply chain resilience platforms, digital risk assessment tools, digital risk, digital platforms, esg data platforms, client trust, financial reporting, cybersecurity in critical infrastructure, machine learning, digital twin, cybersecurity for financial services, b2b, government, services, management consulting services, customer experience, sustainability, innovation, compliance, retail, cloud services, supply chain management, renewable energy, business intelligence, operational efficiency, professional training & coaching, management consulting, strategic consulting, computer & network security, information technology & services, oil & energy, enterprises, computer software, health care, health, wellness & fitness, hospital & health care, artificial intelligence, environmental services, renewables & environment, logistics & supply chain, clean energy & technology, analytics",http://www.linkedin.com/in/thompsonrd,https://ey.com,http://www.linkedin.com/company/ernstandyoung,https://www.facebook.com/pages/Ernst-Young/195665063800329,https://twitter.com/EYnews,Belfast,Northern Ireland,United Kingdom,"6 More London Riverside, England, United Kingdom, SE1","",England,United Kingdom,'+44 20 7951 2000,"Microsoft Azure Hosting, Brightcove, Adobe Marketing Cloud, Microsoft Application Insights, Atlassian Cloud, SignalR, SuccessFactors (SAP), Zendesk, Hubspot, Salesforce, Shutterstock, Linkedin Widget, Omniture (Adobe), Google Font API, Qualtrics, Bing Ads, WordPress.org, Facebook Widget, DoubleClick, Hotjar, DoubleClick Floodlight, The Trade Desk, Facebook Login (Connect), Facebook Custom Audiences, Google AdWords Conversion, AppDynamics, New Relic, Amadesa, Google AdSense, Typekit, Google Maps, Backbone JS Library, Twitter Advertising, Adobe Media Optimizer, Linkedin Marketing Solutions, Nginx, Kaltura, SiteScout, Vimeo, Linkedin Login, Google Places, Zencoder, Bootstrap Framework, Google Dynamic Remarketing, Mobile Friendly, Multilingual, YouTube, Google Analytics, Yahoo Analytics, Workday Recruit, JQuery 1.11.1, Teads, reCAPTCHA, Marketo, Cvent, AngularJS, SharePoint, Yahoo Ad Manager Plus, Fusioncharts JS Library, Cedexis Radar, Taleo, Webex, DoubleClick Conversion, ON24, ADX Studio, Google Tag Manager, Remote",51200000000,"","","","","","",false,false,false,false,"",68be916ff3789d0001595c04,68be9170f3789d0001595c30,"","","","","",""
Ashley,Reed,Associate Director - Technology Support (CRB IT),WTW,WTW,ashley.reed2@wtwco.com,Verified,Apollo,"",Not Catch-all,2025-09-08T08:19:58+00:00,Director,"Engineering & Technical, Information Technology",asndn@bunkerboxmail.com,"","","",'+44 20 3124 6000,'+44 147 322 2994,Cold,rackspace,"",asndn@bunkerboxmail.com,49000,financial services,"risk management, insurance, reinsurance, financial services consulting, human resources consulting, exchange solutions, employee benefits, pensions administration, consulting, hr software, insurance software, institutional investment, specialty insurers, finance, insurance product design for industries, insurance product development, financial risk, actuarial services, insurance product innovation, insurance technology, data analytics platforms, insurance product design, insurance product customization, risk transfer strategies, insurance brokerage, insurance products customization, industry expertise, data analytics, risk mitigation tools, insurance analytics platforms, risk modeling, risk mitigation strategies, investment management, risk assessment tools, insurance consulting, risk decision support, risk analytics in finance, actuarial software, pension fund management, strategic risk, reinsurance risk management, product design, benefits administration, actuarial risk modeling, risk transfer, risk management consulting, risk management tools, industry-specific risk solutions, global insurance markets, insurance industry analytics, benefits consulting for large organizations, risk management software, corporate risk, risk analytics, insurance solutions, insurance risk solutions, industry solutions, corporate risk advisory, actuarial analysis, insurance data platforms, actuarial modeling, financial services, risk data modeling, risk transfer products, reinsurance solutions, specialized risk solutions, risk consulting, data-driven decision making, client risk solutions, benefits administration systems, risk management technology, risk analytics for pensions, risk assessment, pension plan actuarial services, financial analytics, actuarial data platforms, actuarial modeling tools, data-driven insights, risk management innovation, client advisory, actuarial modeling software, risk assessment software, actuarial data analysis, actuarial consulting, insurance products, financial outcomes, pension and retirement analytics, risk forecasting, global risk services, advanced analytics, risk evaluation, insurance analytics, data science in insurance, investment analytics, enterprise risk management, risk analytics platforms, pension management, risk mitigation, risk data management, b2b, services, insurance agencies and brokerages, regulatory compliance, innovation, retirement planning, talent management, insurtech, insurance agencies & brokerages",http://www.linkedin.com/in/ashley-reed-73094487,https://wtwco.com,http://www.linkedin.com/company/wtwcorporate,https://www.facebook.com/WTWcorporate,https://twitter.com/WTWcorporate,Colchester,England,United Kingdom,"51 Lime Street, London, England, United Kingdom, EC3M 7DQ",London,England,United Kingdom,'+44 20 3124 6000,"Outlook, Microsoft Office 365, Microsoft Azure Hosting, OneTrust, Adobe Marketing Cloud, Marketo, Vimeo, WordPress.org, Ruby On Rails, ON24, New Relic, Highcharts JS Library, DoubleClick, Facebook Custom Audiences, Cvent, Mobile Friendly, Google Tag Manager, Bing Ads, Google Maps, Google AdWords Conversion, Cedexis Radar, Linkedin Marketing Solutions, Hubspot, Google Font API, Google Dynamic Remarketing, AddThis, Google Analytics, Nginx, Facebook Widget, Linkedin Widget, Facebook Login (Connect), Taleo, MediaMath, Adobe Media Optimizer, Gettyimages, Flashtalking, Webex, Google Maps (Non Paid Users), DoubleClick Conversion, Linkedin Login, DoubleClick Floodlight, YouTube",104941000,"","","","","","",false,false,false,false,"",68be91accb63fc0001794ebc,68be9170f3789d0001595c31,"","","","","",""
Sarah,Emerson,"Group Director, Insight and Data & AI Business Partnering",Howden,Howden,sarah.emerson@howdengroup.com,Verified,Apollo,"",Not Catch-all,2025-09-08T08:19:59+00:00,Director,Engineering & Technical,asndn@bunkerboxmail.com,"","",'+44 78 1480 2267,'+44 20 7623 3806,"",Cold,rackspace,"",asndn@bunkerboxmail.com,12000,insurance,"insurance, reinsurance, employee benefits, broking, underwriting, risk consultancy, cyber, insurance innovation, insurance product development, insurance technology, market expertise, insurance product customization, insurance broker, bespoke insurance, insurance innovation technology, insurance broking, insurance claims innovation, market innovation, employee ownership model, insurance compliance, insurance consulting, insurance market trends, capital markets, insurance client services, technology investment, insurance automation, insurance market strategy, insurance market negotiation, market analysis, insurance digitalization, employee ownership, market negotiation, insurance negotiations, insurance market intelligence, local expertise, insurance regulatory, insurance industry leadership, insurance risk transfer mechanisms, insurance solutions, insurance sector expertise, international insurance network, global insurance, insurance sustainability initiatives, insurance digital transformation, insurance digital tools, insurance capacity building, insurance industry, tailored insurance solutions, insurance services, insurance sector, client relationships, insurance solutions innovation, insurance sector disruption, multinational clients, insurance platform, insurance risk transfer, specialist insurance, insurance market expansion, insurance market, insurance claims processing, insurance intermediary, insurance client relationship management, customized insurance programs, insurance digital platform, multinational insurance, mergers and acquisitions in insurance, insurance solutions provider, long-term relationships, client risk assessment, employee-owned, risk transfer solutions, innovative insurance, market disruption in insurance, b2b insurance, specialty insurance, insurance risk management, risk management, insurance client tailored solutions, insurance partnership networks, insurance risk consulting, insurance process automation, digital insurance, insurance partnerships, insurance market growth strategies, insurance data analytics, insurance claims management, insurance customer experience, insurance analytics, reinsurance broking, insurance coverage innovation, insurance coverage, trust and transparency, bespoke risk solutions, wholesale broking, insurance risk analysis, insurance underwriting, insurance data security, insurance data, insurance analytics tools, insurance policy management, client-centric, b2b, consulting, services, retail, insurance agencies and brokerages, oil and gas, pharmaceutical, digital transformation, risk assessment, financial services, insurance agencies & brokerages, oil & energy, medical",http://www.linkedin.com/in/sarahemersonwiles,https://howdengroup.com,http://www.linkedin.com/company/howden-insurance,https://facebook.com/HowdenEquineInsurance/,https://twitter.com/howdenab,"","",United Kingdom,"5af Church Ln, London, Kentucky, United States, 40744-9196",London,Kentucky,United States,'+44 20 7623 3806,"CloudFlare CDN, Mimecast, Microsoft Office 365, CloudFlare Hosting, Drupal, VueJS, CloudFlare, Atlassian Cloud, Netlify, Acquia Cloud, Hubspot, Salesforce, DoubleClick Conversion, LeadForensics, Nginx, Apache, GoToWebinar, Facebook Login (Connect), Facebook Custom Audiences, Shutterstock, Workday Recruit, FullStory, New Relic, DoubleClick, Google Dynamic Remarketing, Bing Ads, Google Analytics, Vimeo, Google Tag Manager, Google Play, WordPress.org, Google AdSense, Highcharts JS Library, Facebook Widget, Adobe Media Optimizer, Optimizely, Mobile Friendly, Google Font API, Linkedin Marketing Solutions, Varnish, Cedexis Radar",3764000000,1100000000,Debt Financing,1100000000,2023-04-01T00:00:00+00:00,"","",false,false,false,false,"",68be91accb63fc0001794ebf,68be9170f3789d0001595c32,"","","","","",""
Will,Hyams,Director of AI Productivity,Howden,Howden,"",Unavailable,"","","","",Director,Engineering & Technical,asndn@bunkerboxmail.com,"","",'+44 791 225 9397,'+44 20 7623 3806,'+44 773 331 2825,Cold,rackspace,"",asndn@bunkerboxmail.com,12000,insurance,"insurance, reinsurance, employee benefits, broking, underwriting, risk consultancy, cyber, insurance innovation, insurance product development, insurance technology, market expertise, insurance product customization, insurance broker, bespoke insurance, insurance innovation technology, insurance broking, insurance claims innovation, market innovation, employee ownership model, insurance compliance, insurance consulting, insurance market trends, capital markets, insurance client services, technology investment, insurance automation, insurance market strategy, insurance market negotiation, market analysis, insurance digitalization, employee ownership, market negotiation, insurance negotiations, insurance market intelligence, local expertise, insurance regulatory, insurance industry leadership, insurance risk transfer mechanisms, insurance solutions, insurance sector expertise, international insurance network, global insurance, insurance sustainability initiatives, insurance digital transformation, insurance digital tools, insurance capacity building, insurance industry, tailored insurance solutions, insurance services, insurance sector, client relationships, insurance solutions innovation, insurance sector disruption, multinational clients, insurance platform, insurance risk transfer, specialist insurance, insurance market expansion, insurance market, insurance claims processing, insurance intermediary, insurance client relationship management, customized insurance programs, insurance digital platform, multinational insurance, mergers and acquisitions in insurance, insurance solutions provider, long-term relationships, client risk assessment, employee-owned, risk transfer solutions, innovative insurance, market disruption in insurance, b2b insurance, specialty insurance, insurance risk management, risk management, insurance client tailored solutions, insurance partnership networks, insurance risk consulting, insurance process automation, digital insurance, insurance partnerships, insurance market growth strategies, insurance data analytics, insurance claims management, insurance customer experience, insurance analytics, reinsurance broking, insurance coverage innovation, insurance coverage, trust and transparency, bespoke risk solutions, wholesale broking, insurance risk analysis, insurance underwriting, insurance data security, insurance data, insurance analytics tools, insurance policy management, client-centric, b2b, consulting, services, retail, insurance agencies and brokerages, oil and gas, pharmaceutical, digital transformation, risk assessment, financial services, insurance agencies & brokerages, oil & energy, medical",http://www.linkedin.com/in/willhyams,https://howdengroup.com,http://www.linkedin.com/company/howden-insurance,https://facebook.com/HowdenEquineInsurance/,https://twitter.com/howdenab,London,England,United Kingdom,"5af Church Ln, London, Kentucky, United States, 40744-9196",London,Kentucky,United States,'+44 20 7623 3806,"CloudFlare CDN, Mimecast, Microsoft Office 365, CloudFlare Hosting, Drupal, VueJS, CloudFlare, Atlassian Cloud, Netlify, Acquia Cloud, Hubspot, Salesforce, DoubleClick Conversion, LeadForensics, Nginx, Apache, GoToWebinar, Facebook Login (Connect), Facebook Custom Audiences, Shutterstock, Workday Recruit, FullStory, New Relic, DoubleClick, Google Dynamic Remarketing, Bing Ads, Google Analytics, Vimeo, Google Tag Manager, Google Play, WordPress.org, Google AdSense, Highcharts JS Library, Facebook Widget, Adobe Media Optimizer, Optimizely, Mobile Friendly, Google Font API, Linkedin Marketing Solutions, Varnish, Cedexis Radar",3764000000,1100000000,Debt Financing,1100000000,2023-04-01T00:00:00+00:00,"","",false,false,false,false,"",68be916ff3789d0001595c02,68be9170f3789d0001595c32,"","","","","",""
Duncan,Jenkins,IT Director,Fidelity International,Fidelity International,duncan.jenkins@fil.com,Verified,Apollo,"",Not Catch-all,2025-08-28T14:54:34+00:00,Director,Information Technology,asndn@bunkerboxmail.com,"","",'+44 75 6621 8099,"",'+44 17 3277 6738,Cold,rackspace,"",asndn@bunkerboxmail.com,8400,financial services,"asset management, investment management, isa, sipp, junior isa, wealth manager, investment trusts, investment, multi-asset solutions, generational investing, portfolio management, investment solutions, equities, long-term returns, client assets, diversity and inclusion, research-driven strategies, esg principles, global investment platform, sustainable growth, active management, client-centric approach, pension solutions, trading platform, private ownership, real estate, technology platform, active portfolio management, fixed income, sustainable strategies, client-focused services, retirement services, retirement expertise, financial services, asset classes, investment research tools, global presence, sustainable investing, investment research, risk monitoring, active investment, long-term investment, esg integration, asset management outsourcing, b2b, b2c, services, retail, other financial investment activities, wealth management, financial planning, financial technology, risk management, employee benefits, wealth advisory, finance technology, information technology & services",http://www.linkedin.com/in/duncan-jenkins-b7a2804,https://fidelityinternational.com,http://www.linkedin.com/company/fidelity-international,https://facebook.com/FidelityInternationalCareers/,https://twitter.com/fundsnetwork,Rochester,England,United Kingdom,"25 Cannon Street, England, United Kingdom, EC4M","",England,United Kingdom,"","UltraDns, Microsoft Office 365, Route 53, Amazon AWS, Adobe Marketing Cloud, Create React App, Workday, Marketo, Facebook Login (Connect), Vimeo, Facebook Custom Audiences, Adobe Media Optimizer, Ensighten, New Relic, YouTube, Cedexis Radar, Mobile Friendly, Google Tag Manager, Decibel Insight, Facebook Widget, AI",5200000000,"","","","",Fidelity Investments (fidelity.com),"",false,false,false,false,"",68be91947f19250001c07aa5,68be9170f3789d0001595c37,"","","","","",""
Rachel,Goodinson,"Managing Director, Global IT & Third Parties, UK Audit & Corporate Governance",Standard Chartered,Standard Chartered,"",Unavailable,"","","","",Director,"Finance, Information Technology, Legal",asndn@bunkerboxmail.com,"","",'+44 78 2586 4864,'+44 20 7885 8888,'+44 124 685 4583,Cold,rackspace,"",asndn@bunkerboxmail.com,81000,banking,"personal banking, corporate banking, islamic banking, private banking, wealth management, commercial banking, banking, financial services, finance, financial innovation, international financial services center, financial innovation in emerging markets, local expertise, wealth solutions, international banking, digital banking, trade finance, global banking in africa, publicly listed bank, publicly listed, emerging markets, london and hong kong stock exchanges, local knowledge, banking in middle east, emerging market banking, retail securities broking, investment banking, retail banking, financial products, client solutions, transaction banking, financial markets, trade execution, banking technology, advisory services, financing solutions, heritage, long-term client relationships, international trade finance, market presence, client engagement, lending, global finance, diversity in banking, client base, banking in asia, local market expertise, global network, diversity, london-based, long-term client focus, client relationships, financial advisory, trade and investment, banking in europe, international financial services, banking in americas, art collection symbolism, market expansion, banking in india, financial services in developing markets, gift city, lending solutions, london headquarters, banking in gift city, trade facilitation, brokerage services, banking in asia and africa, client-centric approach, innovation, banking in africa, heritage banking, global banking in middle east, cash management, public company, global banking in asia, lending entities, investment services, trade and investment facilitation, financial infrastructure, b2b, b2c, government, services, retail, risk management, commercial real estate, oil and gas, customer service, investment management, capital markets, financial consulting, consulting, management consulting, oil & energy",http://www.linkedin.com/in/rachel-goodinson,"",http://www.linkedin.com/company/standardchartered,https://facebook.com/StandardChartered,https://twitter.com/StanChart,London,England,United Kingdom,"1 Basinghall Avenue, England, United Kingdom, EC2V 5DD","",England,United Kingdom,'+44 20 7885 8888,"Akamai, CSC Corporate Domains, Outlook, Microsoft Office 365, Datadog, Atlassian Cloud, UPS, React Redux, SignalR, The Trade Desk, Adobe Marketing Cloud, Amazon SES, Facebook Login (Connect), Wistia, Mobile Friendly, AddThis, BoldChat, Gravity Forms, Yahoo Ad Manager Plus, Amazon Associates, iTunes, Shutterstock, Google Maps, AngularJS, Multilingual, Twitter Advertising, Taboola, Amadesa, Google Tag Manager, Quantcast, DoubleClick, Taleo, Baidu Ads, Adobe Media Optimizer, Google AdWords Conversion, YouTube, Cedexis Radar, Google AdSense, Turn, Criteo, Vimeo, Teads, Backbone JS Library, Google Analytics Ecommerce Tracking, Linkedin Marketing Solutions, Facebook Custom Audiences, Bing Ads, AppNexus, Bootstrap Framework, Google Dynamic Remarketing, Omniture (Adobe), MediaMath, WordPress.org, SOASTA, DoubleClick Conversion, Google Maps (Paid Users), Akamai RUM, Google Font API, Visa Checkout, Knowledge Vision, Vidyard, Google Analytics, Yahoo Analytics, Facebook Widget, Adobe TestAndTarget, DoubleClick Floodlight, Google Play, Remote, Micro",40728000000,"","","","","","",false,false,false,false,"",68be91accb63fc0001794ed0,68be9170f3789d0001595c38,"","","","","",""
Santosh,Menon,IT Director - Data & Martech,Aviva,Aviva,santosh.menon@aviva.com,Verified,Apollo,"",Catch-all,2025-08-25T11:12:51+00:00,Director,Information Technology,asndn@bunkerboxmail.com,"","",'+44 778 643 6996,'+44 20 7283 2000,"",Cold,rackspace,"",asndn@bunkerboxmail.com,30000,insurance,"retirement, investments, insurance, health, insurtech, protection, wealth, firemen employment, insurance mergers, brand recognition, diversified insurer, financial services, first burglary policy, wealth accumulation, heritage, long-standing insurer, investment management, general insurance products, retirement solutions, life insurance, global insurance, trustworthy insurer, mutual insurer, pensions, mutual fire insurer, customer loyalty, wealth management, life insurance policies, risk management, market leader, health coverage, heritage of innovation, general insurance, health insurance, insurance history, long heritage, international insurance markets, innovation in insurance, heritage brand, product portfolio, heritage insurance company, brand marketing, customer service, customer-centric, investment services, b2c, d2c, services, retail, insurance agencies and brokerages, digital transformation, customer engagement, innovation, asset management, employee benefits, sustainability, retirement planning, financial planning, customer experience, marketing & advertising, enterprise software, enterprises, computer software, information technology & services, b2b, insurance agencies & brokerages, environmental services, renewables & environment",http://www.linkedin.com/in/santosh-menon-5710263,https://aviva.com,http://www.linkedin.com/company/aviva-plc,https://facebook.com/Aviva/,https://twitter.com/avivaplc,"","",United Kingdom,"1 Undershaft, London, England, United Kingdom, EC3A 8AB",London,England,United Kingdom,'+44 20 7283 2000,"Akamai, CSC Corporate Domains, Amazon AWS, Adobe Marketing Cloud, Zendesk, OneTrust, React Redux, Salesforce, Drupal, Datadog, Pardot, Workday, Campaign Monitor, Freshdesk, MailJet, Decibel Insight, Twitter Advertising, Google Dynamic Remarketing, reCAPTCHA, Google Tag Manager, Facebook Login (Connect), AppDynamics, Facebook Widget, Zencoder, DoubleClick Conversion, Google Font API, DoubleClick, Facebook Custom Audiences, Linkedin Marketing Solutions, Workday Recruit, Adobe Media Optimizer, Mobile Friendly, Bing Ads, Omniture (Adobe), Google Analytics, DoubleClick Floodlight, Google Maps (Non Paid Users), Google Maps, Vimeo, Google AdWords Conversion, Trustpilot, Shutterstock, TouchCommerce, Amazon Associates, Qualtrics, Cedexis Radar, AppNexus, Google Play, Bootstrap Framework, Google AdSense, Adobe TestAndTarget, Highcharts JS Library, New Relic, Sophus 3 eMetrics, Teads, Hotjar, AngularJS, IoT, Remote, AI",39872748000,"","","","",Irish Life (irishlife.ie),"",false,false,false,false,"",68be91accb63fc0001794ebb,68be9170f3789d0001595c39,"","","","","",""
Christopher,Kingsland-Roberts,Director - IT Systems & Architecture,WTW,WTW,christopher.kingsland-roberts@wtwco.com,Verified,Apollo,"",Not Catch-all,2025-09-08T08:19:01+00:00,Director,Information Technology,asndn@bunkerboxmail.com,"","","",'+44 20 3124 6000,"",Cold,rackspace,"",asndn@bunkerboxmail.com,49000,financial services,"risk management, insurance, reinsurance, financial services consulting, human resources consulting, exchange solutions, employee benefits, pensions administration, consulting, hr software, insurance software, institutional investment, specialty insurers, finance, insurance product design for industries, insurance product development, financial risk, actuarial services, insurance product innovation, insurance technology, data analytics platforms, insurance product design, insurance product customization, risk transfer strategies, insurance brokerage, insurance products customization, industry expertise, data analytics, risk mitigation tools, insurance analytics platforms, risk modeling, risk mitigation strategies, investment management, risk assessment tools, insurance consulting, risk decision support, risk analytics in finance, actuarial software, pension fund management, strategic risk, reinsurance risk management, product design, benefits administration, actuarial risk modeling, risk transfer, risk management consulting, risk management tools, industry-specific risk solutions, global insurance markets, insurance industry analytics, benefits consulting for large organizations, risk management software, corporate risk, risk analytics, insurance solutions, insurance risk solutions, industry solutions, corporate risk advisory, actuarial analysis, insurance data platforms, actuarial modeling, financial services, risk data modeling, risk transfer products, reinsurance solutions, specialized risk solutions, risk consulting, data-driven decision making, client risk solutions, benefits administration systems, risk management technology, risk analytics for pensions, risk assessment, pension plan actuarial services, financial analytics, actuarial data platforms, actuarial modeling tools, data-driven insights, risk management innovation, client advisory, actuarial modeling software, risk assessment software, actuarial data analysis, actuarial consulting, insurance products, financial outcomes, pension and retirement analytics, risk forecasting, global risk services, advanced analytics, risk evaluation, insurance analytics, data science in insurance, investment analytics, enterprise risk management, risk analytics platforms, pension management, risk mitigation, risk data management, b2b, services, insurance agencies and brokerages, regulatory compliance, innovation, retirement planning, talent management, insurtech, insurance agencies & brokerages",http://www.linkedin.com/in/christopher-kingsland-roberts-a4146b27,https://wtwco.com,http://www.linkedin.com/company/wtwcorporate,https://www.facebook.com/WTWcorporate,https://twitter.com/WTWcorporate,Canterbury,England,United Kingdom,"51 Lime Street, London, England, United Kingdom, EC3M 7DQ",London,England,United Kingdom,'+44 20 3124 6000,"Outlook, Microsoft Office 365, Microsoft Azure Hosting, OneTrust, Adobe Marketing Cloud, Marketo, Vimeo, WordPress.org, Ruby On Rails, ON24, New Relic, Highcharts JS Library, DoubleClick, Facebook Custom Audiences, Cvent, Mobile Friendly, Google Tag Manager, Bing Ads, Google Maps, Google AdWords Conversion, Cedexis Radar, Linkedin Marketing Solutions, Hubspot, Google Font API, Google Dynamic Remarketing, AddThis, Google Analytics, Nginx, Facebook Widget, Linkedin Widget, Facebook Login (Connect), Taleo, MediaMath, Adobe Media Optimizer, Gettyimages, Flashtalking, Webex, Google Maps (Non Paid Users), DoubleClick Conversion, Linkedin Login, DoubleClick Floodlight, YouTube",104941000,"","","","","","",false,false,false,false,"",68be916ff3789d0001595c00,68be9170f3789d0001595c31,"","","","","",""
Akansha,Goyal,"Director, Workspace Personalisation, AI & User Growth",LSEG,LSEG,akansha.goyal@lseg.com,Verified,Apollo,"",Not Catch-all,2025-08-11T20:49:01+00:00,Director,"Engineering & Technical, Marketing",asndn@bunkerboxmail.com,"","","",'+44 20 7797 1000,'+44 78 7999 7072,Cold,rackspace,"",asndn@bunkerboxmail.com,24000,financial services,"capital markets, posttrade services, information services, technology services, trade execution, esg data, market surveillance, market indices, financial services, workflow automation, analytics tools, trade lifecycle, financial technology, financial data feeds, post trade services, analytics, market connectivity, capital formation, index benchmarking, regulatory reporting, market data, data integration, market stability, market infrastructure, financial markets infrastructure, market regulation, clearing and settlement, market analytics, risk management, cloud infrastructure, risk solutions, market data feeds, post trade, data analytics, financial risk mitigation, index products, capital efficiency, trading platforms, sustainable finance, financial data, trade clearing, ai analytics, indices, b2b, services, securities and commodity contracts intermediation and brokerage, innovation, regulatory compliance, operational efficiency, portfolio management, machine learning, data management, risk assessment, information technology & services, finance technology, enterprise software, enterprises, computer software, internet infrastructure, internet, artificial intelligence",http://www.linkedin.com/in/akansha-goyal-56b4a6122,https://lseg.com,http://www.linkedin.com/company/london-stock-exchange-group,"",https://twitter.com/LSEGplc,London,England,United Kingdom,"10 Paternoster Square, England, United Kingdom, EC4M 7DX","",England,United Kingdom,'+44 20 7797 1000,"Amazon CloudFront, Salesforce, Cloudflare DNS, Route 53, Amazon SES, Mimecast, Outlook, Pardot, Amazon AWS, CloudFlare Hosting, Drupal, VueJS, Drift, React Redux, Adobe CQ, Eloqua, Adobe Marketing Cloud, Omniture (Adobe), Datadog, Salesforce Live Agent, Figma, Workday, DoubleClick Floodlight, Google Play, Google Tag Manager, Google Analytics Ecommerce Tracking, Adobe Media Optimizer, Facebook Login (Connect), Google AdSense, Bootstrap Framework, Amadesa, Linkedin Marketing Solutions, Wistia, Multilingual, Ruby On Rails, Google AdWords Conversion, WordPress.org, DoubleClick, YouTube, Google Font API, Workday Recruit, Facebook Custom Audiences, Google Dynamic Remarketing, DoubleClick Conversion, Vidyard, Elasticsearch, Qualtrics, reCAPTCHA, Kaltura, Google Plus, Amazon Associates, Facebook Widget, LiveRamp, Vimeo, Apache, Shutterstock, Bing Ads, DocuSign, Mobile Friendly, Quantcast, Cedexis Radar, Google Analytics",11989549000,"","","","","","",false,false,false,false,"",68be91947f19250001c07aa0,68be91957f19250001c07ad0,"","","","","",""
David,Hall,IT Infrastructure Director - London Clearing House & Post Trade,LSEG,LSEG,david.hall@lseg.com,Verified,Apollo,"",Not Catch-all,2025-08-28T11:25:10+00:00,Director,Information Technology,asndn@bunkerboxmail.com,"","",'+94 77 526 3423,'+44 20 7797 1000,"",Cold,rackspace,"",asndn@bunkerboxmail.com,24000,financial services,"capital markets, posttrade services, information services, technology services, trade execution, esg data, market surveillance, market indices, financial services, workflow automation, analytics tools, trade lifecycle, financial technology, financial data feeds, post trade services, analytics, market connectivity, capital formation, index benchmarking, regulatory reporting, market data, data integration, market stability, market infrastructure, financial markets infrastructure, market regulation, clearing and settlement, market analytics, risk management, cloud infrastructure, risk solutions, market data feeds, post trade, data analytics, financial risk mitigation, index products, capital efficiency, trading platforms, sustainable finance, financial data, trade clearing, ai analytics, indices, b2b, services, securities and commodity contracts intermediation and brokerage, innovation, regulatory compliance, operational efficiency, portfolio management, machine learning, data management, risk assessment, information technology & services, finance technology, enterprise software, enterprises, computer software, internet infrastructure, internet, artificial intelligence",http://www.linkedin.com/in/david-hall-143a97,https://lseg.com,http://www.linkedin.com/company/london-stock-exchange-group,"",https://twitter.com/LSEGplc,Milton Keynes,England,United Kingdom,"10 Paternoster Square, England, United Kingdom, EC4M 7DX","",England,United Kingdom,'+44 20 7797 1000,"Amazon CloudFront, Salesforce, Cloudflare DNS, Route 53, Amazon SES, Mimecast, Outlook, Pardot, Amazon AWS, CloudFlare Hosting, Drupal, VueJS, Drift, React Redux, Adobe CQ, Eloqua, Adobe Marketing Cloud, Omniture (Adobe), Datadog, Salesforce Live Agent, Figma, Workday, DoubleClick Floodlight, Google Play, Google Tag Manager, Google Analytics Ecommerce Tracking, Adobe Media Optimizer, Facebook Login (Connect), Google AdSense, Bootstrap Framework, Amadesa, Linkedin Marketing Solutions, Wistia, Multilingual, Ruby On Rails, Google AdWords Conversion, WordPress.org, DoubleClick, YouTube, Google Font API, Workday Recruit, Facebook Custom Audiences, Google Dynamic Remarketing, DoubleClick Conversion, Vidyard, Elasticsearch, Qualtrics, reCAPTCHA, Kaltura, Google Plus, Amazon Associates, Facebook Widget, LiveRamp, Vimeo, Apache, Shutterstock, Bing Ads, DocuSign, Mobile Friendly, Quantcast, Cedexis Radar, Google Analytics",11989549000,"","","","","","",false,false,false,false,"",68be91accb63fc0001794ec6,68be91957f19250001c07ad0,"","","","","",""
Osama,Khattab,Director - Product Design - Digital Transformation & Data and AI,EY,EY,osama.khattab@sa.ey.com,Verified,Apollo,"",Catch-all,2025-08-18T11:57:17+00:00,Director,"Product, Engineering & Technical, Design, Information Technology",asndn@bunkerboxmail.com,"","",'+44 739 314 8945,'+44 20 7951 2000,"",Cold,rackspace,"",asndn@bunkerboxmail.com,400000,professional training & coaching,"advisory, assurance, tax, transactions, audit, mergers, m, a, financial services, accounting, professional services, law, technology, consulting, data, transformation, strategy, legal, digital transformation, growth, managed services, risk management, supply chain transformation, industry verticals, client advisory, cloud security, industrial manufacturing, sustainability services, ai-powered fraud detection, digital ecosystems, data analytics, esg advisory, digital transformation in energy, sustainable growth, corporate restructuring, regulatory environment, iot for industrial automation, value chain optimization, business model innovation, ai-powered solutions, market entry strategy, cybersecurity, growth strategy, technology consulting, technology integration, strategy consulting, data security, corporate strategy, ai for financial modeling, climate risk analytics, restructuring and turnaround, iot in energy management, digital twin for manufacturing, sustainability reporting, tax advisory, climate risk management, ai governance, ai ethics, long-term value, digital solutions, regulatory strategy, digital health solutions, digital workplace solutions, climate change services, automation tools, corporate governance, blockchain for finance, government & public sector, financial audit, digital risk management, blockchain for real estate, energy, ai-driven customer insights, ai in risk management, capital markets, cyber risk management, enterprise software, regulatory compliance, digital compliance, forensic & integrity services, digital innovation, stakeholder engagement, sustainable supply chain, corporate finance, global network, sustainable finance solutions, business transformation, digital assets, transaction services, trust and assurance, performance improvement, industry expertise, risk analytics, business resilience, ai in healthcare, ai in legal services, value creation, risk assessment, regtech, tax technology, ai, climate change analytics, blockchain for supply chain, healthcare, market analysis, ai and automation, m&a advisory, digital innovation platforms, iot in supply chain, ai in tax, blockchain, ai in audit, smart contracts, automated compliance monitoring, climate tech, cybersecurity for iot, workforce analytics, cloud computing, assurance services, iot, regulatory technology (regtech), private equity, supply chain resilience platforms, digital risk assessment tools, digital risk, digital platforms, esg data platforms, client trust, financial reporting, cybersecurity in critical infrastructure, machine learning, digital twin, cybersecurity for financial services, b2b, government, services, management consulting services, customer experience, sustainability, innovation, compliance, retail, cloud services, supply chain management, renewable energy, business intelligence, operational efficiency, professional training & coaching, management consulting, strategic consulting, computer & network security, information technology & services, oil & energy, enterprises, computer software, health care, health, wellness & fitness, hospital & health care, artificial intelligence, environmental services, renewables & environment, logistics & supply chain, clean energy & technology, analytics",http://www.linkedin.com/in/osama-khattab-mba-1710b632,https://ey.com,http://www.linkedin.com/company/ernstandyoung,https://www.facebook.com/pages/Ernst-Young/195665063800329,https://twitter.com/EYnews,Oxford,England,United Kingdom,"6 More London Riverside, England, United Kingdom, SE1","",England,United Kingdom,'+44 20 7951 2000,"Microsoft Azure Hosting, Brightcove, Adobe Marketing Cloud, Microsoft Application Insights, Atlassian Cloud, SignalR, SuccessFactors (SAP), Zendesk, Hubspot, Salesforce, Shutterstock, Linkedin Widget, Omniture (Adobe), Google Font API, Qualtrics, Bing Ads, WordPress.org, Facebook Widget, DoubleClick, Hotjar, DoubleClick Floodlight, The Trade Desk, Facebook Login (Connect), Facebook Custom Audiences, Google AdWords Conversion, AppDynamics, New Relic, Amadesa, Google AdSense, Typekit, Google Maps, Backbone JS Library, Twitter Advertising, Adobe Media Optimizer, Linkedin Marketing Solutions, Nginx, Kaltura, SiteScout, Vimeo, Linkedin Login, Google Places, Zencoder, Bootstrap Framework, Google Dynamic Remarketing, Mobile Friendly, Multilingual, YouTube, Google Analytics, Yahoo Analytics, Workday Recruit, JQuery 1.11.1, Teads, reCAPTCHA, Marketo, Cvent, AngularJS, SharePoint, Yahoo Ad Manager Plus, Fusioncharts JS Library, Cedexis Radar, Taleo, Webex, DoubleClick Conversion, ON24, ADX Studio, Google Tag Manager, Remote",51200000000,"","","","","","",false,false,false,false,"",68be91accb63fc0001794ec8,68be9170f3789d0001595c30,"","","","","",""
Nancy,Dickie,"Director, PwC IT Services DPO",PwC,PwC,nancy.dickie@pwc.com,Verified,Apollo,"",Catch-all,2025-08-17T11:26:35+00:00,Director,Information Technology,asndn@bunkerboxmail.com,"","",'+44 75 6178 8933,'+44 20 7583 5000,"",Cold,rackspace,"",asndn@bunkerboxmail.com,370000,professional training & coaching,"assurance, tax, advisory, professional services, cyber resilience, market insights, ai solutions, legal services, legal, digital innovation, regulatory technology, digital assurance, private equity, financial services, government, family enterprise services, esg strategy, risk and controls solutions, cloud computing, digital risk assessment, sustainability strategy, trust building, climate change advisory, stakeholder trust, tax services, global presence, private client services, ai, regulatory compliance, regulatory reporting automation, sustainable finance, business transformation, corporate governance frameworks, trust and transparency solutions, global network, esg data management, industry expertise, performance improvement, private business consulting, sustainability, family business succession, corporate strategy, climate risk analytics, climate risk management, client advisory, risk management, climate change, esg reporting, legal services in consulting, consulting, corporate social responsibility, mergers and acquisitions, family business, corporate governance assessments, data analytics, technology, enterprise risk, regulatory advisory, healthcare, cybersecurity, data security, digital trust, financial advisory, audit, regulatory compliance automation, climate change reporting, innovation, regulatory reporting, sustainability and climate change, private equity advisory, corporate governance, digital risk management, digital transformation, audit and assurance, b2b, services, accounting, tax preparation, bookkeeping, and payroll services, cloud solutions, media, telecommunications, managed services, customer experience, operational efficiency, leadership development, professional training & coaching, governments, enterprise software, enterprises, computer software, information technology & services, environmental services, renewables & environment, mergers & acquisitions, health care, health, wellness & fitness, hospital & health care, computer & network security, financial consulting, management consulting",http://www.linkedin.com/in/nancy-dickie,https://pwc.com,http://www.linkedin.com/company/pwc,https://facebook.com/lifeatpwc,https://twitter.com/PwCUS,London,England,United Kingdom,"1 Embankment Place, London, United Kingdom, WC2N 5NP",London,"",United Kingdom,'+44 20 7583 5000,"Akamai, CSC Corporate Domains, Gmail, Google Apps, Microsoft Office 365, DemandBase, Drupal, VueJS, Salesforce, Microsoft Application Insights, Atlassian Cloud, Microsoft Power BI, OneTrust, React Redux, Datadog, Adobe Marketing Cloud, Adobe CQ, Eloqua, MongoDB, SuccessFactors (SAP), Amazon SES, LiveRamp, Taboola, Hotjar, SOASTA, Vimeo, The Trade Desk, Sizmek (MediaMind), Apache, Greenhouse.io, Cedexis Radar, Amadesa, Intercom, Gettyimages, SharpSpring, WordPress.org, Google translate API, Google translate widget, Google AdWords Conversion, Google Font API, Google Places, Google Analytics, GoToWebinar, Yahoo Analytics, Yahoo Ad Manager Plus, Open AdStream (Appnexus), eRecruit, Facebook Widget, FullStory, Linkedin Marketing Solutions, Wistia, Qualtrics, MouseFlow, Google Play, Adobe Media Optimizer, Dropbox, Shutterstock, Google Plus, YouTube, Turn, DoubleClick Floodlight, Google Maps, iTunes, Linkedin Widget, Marketo, Formstack, Adform, Bootstrap Framework, Google Tag Manager, AT Internet, Ruby On Rails, Stripe, iGoDigital, Highcharts JS Library, Kaltura, FreakOut, Google Dynamic Remarketing, DoubleClick Conversion, Facebook Custom Audiences, Webex, ON24, MicroAd, MailChimp, SoundCloud, DoubleClick, Perfect Audience, Adobe TestAndTarget, Twitter Advertising, reCAPTCHA, Cornerstone On Demand, AppNexus, AngularJS, CrazyEgg, Workday Recruit, JQuery 1.11.1, Cvent, Omniture (Adobe), Bing Ads, Scene7, Facebook Login (Connect), Mobile Friendly",55381000000,"","","","","","",false,false,false,false,"",68be91accb63fc0001794ed1,68be9170f3789d0001595c34,"","","","","",""
Constance,Moore-Ceaton,Associate Director IT Audit,Fidelity International,Fidelity International,constance.moore-ceaton@fil.com,Verified,Apollo,"",Not Catch-all,2025-09-07T20:15:58+00:00,Director,"Finance, Information Technology",asndn@bunkerboxmail.com,"","","","",'+44 333 300 3350,Cold,rackspace,"",asndn@bunkerboxmail.com,8400,financial services,"asset management, investment management, isa, sipp, junior isa, wealth manager, investment trusts, investment, multi-asset solutions, generational investing, portfolio management, investment solutions, equities, long-term returns, client assets, diversity and inclusion, research-driven strategies, esg principles, global investment platform, sustainable growth, active management, client-centric approach, pension solutions, trading platform, private ownership, real estate, technology platform, active portfolio management, fixed income, sustainable strategies, client-focused services, retirement services, retirement expertise, financial services, asset classes, investment research tools, global presence, sustainable investing, investment research, risk monitoring, active investment, long-term investment, esg integration, asset management outsourcing, b2b, b2c, services, retail, other financial investment activities, wealth management, financial planning, financial technology, risk management, employee benefits, wealth advisory, finance technology, information technology & services",http://www.linkedin.com/in/constance-moore-ceaton-5896b094,https://fidelityinternational.com,http://www.linkedin.com/company/fidelity-international,https://facebook.com/FidelityInternationalCareers/,https://twitter.com/fundsnetwork,Hurst Green,England,United Kingdom,"25 Cannon Street, England, United Kingdom, EC4M","",England,United Kingdom,"","UltraDns, Microsoft Office 365, Route 53, Amazon AWS, Adobe Marketing Cloud, Create React App, Workday, Marketo, Facebook Login (Connect), Vimeo, Facebook Custom Audiences, Adobe Media Optimizer, Ensighten, New Relic, YouTube, Cedexis Radar, Mobile Friendly, Google Tag Manager, Decibel Insight, Facebook Widget, AI",5200000000,"","","","",Fidelity Investments (fidelity.com),"",false,false,false,false,"",68be916ff3789d0001595c09,68be9170f3789d0001595c37,"","","","","",""
Swetalana,Mohanty,Software Developer | Associate Director - IT Systems & Architecture,WTW,WTW,swetalana.mohanty@wtwco.com,Verified,Apollo,"",Not Catch-all,2025-08-18T11:57:21+00:00,Director,"Engineering & Technical, Information Technology",asndn@bunkerboxmail.com,"","",'+91 97395 77477,'+44 20 3124 6000,"",Cold,rackspace,"",asndn@bunkerboxmail.com,49000,financial services,"risk management, insurance, reinsurance, financial services consulting, human resources consulting, exchange solutions, employee benefits, pensions administration, consulting, hr software, insurance software, institutional investment, specialty insurers, finance, insurance product design for industries, insurance product development, financial risk, actuarial services, insurance product innovation, insurance technology, data analytics platforms, insurance product design, insurance product customization, risk transfer strategies, insurance brokerage, insurance products customization, industry expertise, data analytics, risk mitigation tools, insurance analytics platforms, risk modeling, risk mitigation strategies, investment management, risk assessment tools, insurance consulting, risk decision support, risk analytics in finance, actuarial software, pension fund management, strategic risk, reinsurance risk management, product design, benefits administration, actuarial risk modeling, risk transfer, risk management consulting, risk management tools, industry-specific risk solutions, global insurance markets, insurance industry analytics, benefits consulting for large organizations, risk management software, corporate risk, risk analytics, insurance solutions, insurance risk solutions, industry solutions, corporate risk advisory, actuarial analysis, insurance data platforms, actuarial modeling, financial services, risk data modeling, risk transfer products, reinsurance solutions, specialized risk solutions, risk consulting, data-driven decision making, client risk solutions, benefits administration systems, risk management technology, risk analytics for pensions, risk assessment, pension plan actuarial services, financial analytics, actuarial data platforms, actuarial modeling tools, data-driven insights, risk management innovation, client advisory, actuarial modeling software, risk assessment software, actuarial data analysis, actuarial consulting, insurance products, financial outcomes, pension and retirement analytics, risk forecasting, global risk services, advanced analytics, risk evaluation, insurance analytics, data science in insurance, investment analytics, enterprise risk management, risk analytics platforms, pension management, risk mitigation, risk data management, b2b, services, insurance agencies and brokerages, regulatory compliance, innovation, retirement planning, talent management, insurtech, insurance agencies & brokerages",http://www.linkedin.com/in/swetalana-mohanty-58002631,https://wtwco.com,http://www.linkedin.com/company/wtwcorporate,https://www.facebook.com/WTWcorporate,https://twitter.com/WTWcorporate,Chelmsford,England,United Kingdom,"51 Lime Street, London, England, United Kingdom, EC3M 7DQ",London,England,United Kingdom,'+44 20 3124 6000,"Outlook, Microsoft Office 365, Microsoft Azure Hosting, OneTrust, Adobe Marketing Cloud, Marketo, Vimeo, WordPress.org, Ruby On Rails, ON24, New Relic, Highcharts JS Library, DoubleClick, Facebook Custom Audiences, Cvent, Mobile Friendly, Google Tag Manager, Bing Ads, Google Maps, Google AdWords Conversion, Cedexis Radar, Linkedin Marketing Solutions, Hubspot, Google Font API, Google Dynamic Remarketing, AddThis, Google Analytics, Nginx, Facebook Widget, Linkedin Widget, Facebook Login (Connect), Taleo, MediaMath, Adobe Media Optimizer, Gettyimages, Flashtalking, Webex, Google Maps (Non Paid Users), DoubleClick Conversion, Linkedin Login, DoubleClick Floodlight, YouTube",104941000,"","","","","","",false,false,false,false,"",68be91947f19250001c07aa1,68be9170f3789d0001595c31,"","","","","",""
Nik,White,IT Director,PwC,PwC,nik.white@pwc.com,Verified,Apollo,"",Catch-all,2025-09-05T15:53:12+00:00,Director,Information Technology,asndn@bunkerboxmail.com,"","",'+60 14-990 6550,'+44 20 7583 5000,'+60 3-2173 1464,Cold,rackspace,"",asndn@bunkerboxmail.com,370000,professional training & coaching,"assurance, tax, advisory, professional services, cyber resilience, market insights, ai solutions, legal services, legal, digital innovation, regulatory technology, digital assurance, private equity, financial services, government, family enterprise services, esg strategy, risk and controls solutions, cloud computing, digital risk assessment, sustainability strategy, trust building, climate change advisory, stakeholder trust, tax services, global presence, private client services, ai, regulatory compliance, regulatory reporting automation, sustainable finance, business transformation, corporate governance frameworks, trust and transparency solutions, global network, esg data management, industry expertise, performance improvement, private business consulting, sustainability, family business succession, corporate strategy, climate risk analytics, climate risk management, client advisory, risk management, climate change, esg reporting, legal services in consulting, consulting, corporate social responsibility, mergers and acquisitions, family business, corporate governance assessments, data analytics, technology, enterprise risk, regulatory advisory, healthcare, cybersecurity, data security, digital trust, financial advisory, audit, regulatory compliance automation, climate change reporting, innovation, regulatory reporting, sustainability and climate change, private equity advisory, corporate governance, digital risk management, digital transformation, audit and assurance, b2b, services, accounting, tax preparation, bookkeeping, and payroll services, cloud solutions, media, telecommunications, managed services, customer experience, operational efficiency, leadership development, professional training & coaching, governments, enterprise software, enterprises, computer software, information technology & services, environmental services, renewables & environment, mergers & acquisitions, health care, health, wellness & fitness, hospital & health care, computer & network security, financial consulting, management consulting",http://www.linkedin.com/in/nik-white,https://pwc.com,http://www.linkedin.com/company/pwc,https://facebook.com/lifeatpwc,https://twitter.com/PwCUS,"","",United Kingdom,"1 Embankment Place, London, United Kingdom, WC2N 5NP",London,"",United Kingdom,'+44 20 7583 5000,"Akamai, CSC Corporate Domains, Gmail, Google Apps, Microsoft Office 365, DemandBase, Drupal, VueJS, Salesforce, Microsoft Application Insights, Atlassian Cloud, Microsoft Power BI, OneTrust, React Redux, Datadog, Adobe Marketing Cloud, Adobe CQ, Eloqua, MongoDB, SuccessFactors (SAP), Amazon SES, LiveRamp, Taboola, Hotjar, SOASTA, Vimeo, The Trade Desk, Sizmek (MediaMind), Apache, Greenhouse.io, Cedexis Radar, Amadesa, Intercom, Gettyimages, SharpSpring, WordPress.org, Google translate API, Google translate widget, Google AdWords Conversion, Google Font API, Google Places, Google Analytics, GoToWebinar, Yahoo Analytics, Yahoo Ad Manager Plus, Open AdStream (Appnexus), eRecruit, Facebook Widget, FullStory, Linkedin Marketing Solutions, Wistia, Qualtrics, MouseFlow, Google Play, Adobe Media Optimizer, Dropbox, Shutterstock, Google Plus, YouTube, Turn, DoubleClick Floodlight, Google Maps, iTunes, Linkedin Widget, Marketo, Formstack, Adform, Bootstrap Framework, Google Tag Manager, AT Internet, Ruby On Rails, Stripe, iGoDigital, Highcharts JS Library, Kaltura, FreakOut, Google Dynamic Remarketing, DoubleClick Conversion, Facebook Custom Audiences, Webex, ON24, MicroAd, MailChimp, SoundCloud, DoubleClick, Perfect Audience, Adobe TestAndTarget, Twitter Advertising, reCAPTCHA, Cornerstone On Demand, AppNexus, AngularJS, CrazyEgg, Workday Recruit, JQuery 1.11.1, Cvent, Omniture (Adobe), Bing Ads, Scene7, Facebook Login (Connect), Mobile Friendly",55381000000,"","","","","","",false,false,false,false,"",68be91947f19250001c07ab5,68be9170f3789d0001595c34,"","","","","",""
Rohit,Pant,Associate Director - IT Systems & Architecture,WTW,WTW,rohit.pant@wtwco.com,Verified,Apollo,"",Not Catch-all,2025-08-25T20:36:05+00:00,Director,Information Technology,asndn@bunkerboxmail.com,"","",'+44 913 048 0039,'+44 20 3124 6000,"",Cold,rackspace,"",asndn@bunkerboxmail.com,49000,financial services,"risk management, insurance, reinsurance, financial services consulting, human resources consulting, exchange solutions, employee benefits, pensions administration, consulting, hr software, insurance software, institutional investment, specialty insurers, finance, insurance product design for industries, insurance product development, financial risk, actuarial services, insurance product innovation, insurance technology, data analytics platforms, insurance product design, insurance product customization, risk transfer strategies, insurance brokerage, insurance products customization, industry expertise, data analytics, risk mitigation tools, insurance analytics platforms, risk modeling, risk mitigation strategies, investment management, risk assessment tools, insurance consulting, risk decision support, risk analytics in finance, actuarial software, pension fund management, strategic risk, reinsurance risk management, product design, benefits administration, actuarial risk modeling, risk transfer, risk management consulting, risk management tools, industry-specific risk solutions, global insurance markets, insurance industry analytics, benefits consulting for large organizations, risk management software, corporate risk, risk analytics, insurance solutions, insurance risk solutions, industry solutions, corporate risk advisory, actuarial analysis, insurance data platforms, actuarial modeling, financial services, risk data modeling, risk transfer products, reinsurance solutions, specialized risk solutions, risk consulting, data-driven decision making, client risk solutions, benefits administration systems, risk management technology, risk analytics for pensions, risk assessment, pension plan actuarial services, financial analytics, actuarial data platforms, actuarial modeling tools, data-driven insights, risk management innovation, client advisory, actuarial modeling software, risk assessment software, actuarial data analysis, actuarial consulting, insurance products, financial outcomes, pension and retirement analytics, risk forecasting, global risk services, advanced analytics, risk evaluation, insurance analytics, data science in insurance, investment analytics, enterprise risk management, risk analytics platforms, pension management, risk mitigation, risk data management, b2b, services, insurance agencies and brokerages, regulatory compliance, innovation, retirement planning, talent management, insurtech, insurance agencies & brokerages",http://www.linkedin.com/in/rpant1,https://wtwco.com,http://www.linkedin.com/company/wtwcorporate,https://www.facebook.com/WTWcorporate,https://twitter.com/WTWcorporate,"",England,United Kingdom,"51 Lime Street, London, England, United Kingdom, EC3M 7DQ",London,England,United Kingdom,'+44 20 3124 6000,"Outlook, Microsoft Office 365, Microsoft Azure Hosting, OneTrust, Adobe Marketing Cloud, Marketo, Vimeo, WordPress.org, Ruby On Rails, ON24, New Relic, Highcharts JS Library, DoubleClick, Facebook Custom Audiences, Cvent, Mobile Friendly, Google Tag Manager, Bing Ads, Google Maps, Google AdWords Conversion, Cedexis Radar, Linkedin Marketing Solutions, Hubspot, Google Font API, Google Dynamic Remarketing, AddThis, Google Analytics, Nginx, Facebook Widget, Linkedin Widget, Facebook Login (Connect), Taleo, MediaMath, Adobe Media Optimizer, Gettyimages, Flashtalking, Webex, Google Maps (Non Paid Users), DoubleClick Conversion, Linkedin Login, DoubleClick Floodlight, YouTube",104941000,"","","","","","",false,false,false,false,"",68be916ff3789d0001595c06,68be9170f3789d0001595c31,"","","","","",""
Jean-Bruno,Villette,IT Director,thinkmoney,thinkmoney,"",Unavailable,"","","","",Director,Information Technology,asndn@bunkerboxmail.com,"","",'+44 791 724 3127,'+44 161 672 8910,'+44 161 713 4071,Cold,rackspace,"",asndn@bunkerboxmail.com,140,financial services,"financial services & fintech, financial products, banking, account sign-in, eligibility checks, financial services, inclusive products, budgeting tools, online application, credit card application, loans, financial support, money management, spend and save features, financial inclusion, simple communication, financial wellbeing support, customer communication, credit cards, financial wellbeing, customer support, current accounts, banking services, consumer finance, b2c, e-commerce, d2c, services, commercial banking, financial planning, cash flow management, consumer internet, consumers, internet, information technology & services",http://www.linkedin.com/in/villettejb,https://thinkmoney.co.uk,http://www.linkedin.com/company/thinkmoneyltd,https://facebook.com/ThinkMoneyUK,https://twitter.com/thinkmoney,Manchester,England,United Kingdom,"Manchester, England, United Kingdom, M32 9",Manchester,England,United Kingdom,'+44 161 672 8910,"Cloudflare DNS, Rackspace MailGun, Mimecast, Microsoft Office 365, CloudFlare Hosting, Atlassian Cloud, OneTrust, React, StatusPage IO, Taboola, Bing Ads, Yahoo Analytics, Yahoo Ad Manager Plus, Bootstrap Framework, Monetate, Google Font API, Mobile Friendly, Trustpilot, Google Tag Manager, Google Analytics, AI, Remote",2168000,"","","","","","",false,false,false,false,"",68be91947f19250001c07ab3,68be91957f19250001c07ad5,"","","","","",""
Alexander,Liddle,"Director, Legal Innovation, Legal Technology, Legal AI",PwC,PwC,"",Unavailable,"","","","",Director,"Engineering & Technical, Legal",asndn@bunkerboxmail.com,"","",'+44 780 959 5873,'+44 20 7583 5000,'+44 20 7825 3163,Cold,rackspace,"",asndn@bunkerboxmail.com,370000,professional training & coaching,"assurance, tax, advisory, professional services, cyber resilience, market insights, ai solutions, legal services, legal, digital innovation, regulatory technology, digital assurance, private equity, financial services, government, family enterprise services, esg strategy, risk and controls solutions, cloud computing, digital risk assessment, sustainability strategy, trust building, climate change advisory, stakeholder trust, tax services, global presence, private client services, ai, regulatory compliance, regulatory reporting automation, sustainable finance, business transformation, corporate governance frameworks, trust and transparency solutions, global network, esg data management, industry expertise, performance improvement, private business consulting, sustainability, family business succession, corporate strategy, climate risk analytics, climate risk management, client advisory, risk management, climate change, esg reporting, legal services in consulting, consulting, corporate social responsibility, mergers and acquisitions, family business, corporate governance assessments, data analytics, technology, enterprise risk, regulatory advisory, healthcare, cybersecurity, data security, digital trust, financial advisory, audit, regulatory compliance automation, climate change reporting, innovation, regulatory reporting, sustainability and climate change, private equity advisory, corporate governance, digital risk management, digital transformation, audit and assurance, b2b, services, accounting, tax preparation, bookkeeping, and payroll services, cloud solutions, media, telecommunications, managed services, customer experience, operational efficiency, leadership development, professional training & coaching, governments, enterprise software, enterprises, computer software, information technology & services, environmental services, renewables & environment, mergers & acquisitions, health care, health, wellness & fitness, hospital & health care, computer & network security, financial consulting, management consulting",http://www.linkedin.com/in/alexanderliddle,https://pwc.com,http://www.linkedin.com/company/pwc,https://facebook.com/lifeatpwc,https://twitter.com/PwCUS,London,England,United Kingdom,"1 Embankment Place, London, United Kingdom, WC2N 5NP",London,"",United Kingdom,'+44 20 7583 5000,"Akamai, CSC Corporate Domains, Gmail, Google Apps, Microsoft Office 365, DemandBase, Drupal, VueJS, Salesforce, Microsoft Application Insights, Atlassian Cloud, Microsoft Power BI, OneTrust, React Redux, Datadog, Adobe Marketing Cloud, Adobe CQ, Eloqua, MongoDB, SuccessFactors (SAP), Amazon SES, LiveRamp, Taboola, Hotjar, SOASTA, Vimeo, The Trade Desk, Sizmek (MediaMind), Apache, Greenhouse.io, Cedexis Radar, Amadesa, Intercom, Gettyimages, SharpSpring, WordPress.org, Google translate API, Google translate widget, Google AdWords Conversion, Google Font API, Google Places, Google Analytics, GoToWebinar, Yahoo Analytics, Yahoo Ad Manager Plus, Open AdStream (Appnexus), eRecruit, Facebook Widget, FullStory, Linkedin Marketing Solutions, Wistia, Qualtrics, MouseFlow, Google Play, Adobe Media Optimizer, Dropbox, Shutterstock, Google Plus, YouTube, Turn, DoubleClick Floodlight, Google Maps, iTunes, Linkedin Widget, Marketo, Formstack, Adform, Bootstrap Framework, Google Tag Manager, AT Internet, Ruby On Rails, Stripe, iGoDigital, Highcharts JS Library, Kaltura, FreakOut, Google Dynamic Remarketing, DoubleClick Conversion, Facebook Custom Audiences, Webex, ON24, MicroAd, MailChimp, SoundCloud, DoubleClick, Perfect Audience, Adobe TestAndTarget, Twitter Advertising, reCAPTCHA, Cornerstone On Demand, AppNexus, AngularJS, CrazyEgg, Workday Recruit, JQuery 1.11.1, Cvent, Omniture (Adobe), Bing Ads, Scene7, Facebook Login (Connect), Mobile Friendly",55381000000,"","","","","","",false,false,false,false,"",68be91accb63fc0001794ec7,68be9170f3789d0001595c34,"","","","","",""
Rekha,Teli,Global Network Finance Director/CFO PwC IT Services Ltd,PwC,PwC,rekha.teli@strategyand.pwc.com,Verified,Apollo,"",Catch-all,2025-09-01T17:48:45+00:00,C suite,"C-Suite, Finance, Information Technology",asndn@bunkerboxmail.com,"","","",'+44 20 7583 5000,"",Cold,rackspace,"",asndn@bunkerboxmail.com,370000,professional training & coaching,"assurance, tax, advisory, professional services, cyber resilience, market insights, ai solutions, legal services, legal, digital innovation, regulatory technology, digital assurance, private equity, financial services, government, family enterprise services, esg strategy, risk and controls solutions, cloud computing, digital risk assessment, sustainability strategy, trust building, climate change advisory, stakeholder trust, tax services, global presence, private client services, ai, regulatory compliance, regulatory reporting automation, sustainable finance, business transformation, corporate governance frameworks, trust and transparency solutions, global network, esg data management, industry expertise, performance improvement, private business consulting, sustainability, family business succession, corporate strategy, climate risk analytics, climate risk management, client advisory, risk management, climate change, esg reporting, legal services in consulting, consulting, corporate social responsibility, mergers and acquisitions, family business, corporate governance assessments, data analytics, technology, enterprise risk, regulatory advisory, healthcare, cybersecurity, data security, digital trust, financial advisory, audit, regulatory compliance automation, climate change reporting, innovation, regulatory reporting, sustainability and climate change, private equity advisory, corporate governance, digital risk management, digital transformation, audit and assurance, b2b, services, accounting, tax preparation, bookkeeping, and payroll services, cloud solutions, media, telecommunications, managed services, customer experience, operational efficiency, leadership development, professional training & coaching, governments, enterprise software, enterprises, computer software, information technology & services, environmental services, renewables & environment, mergers & acquisitions, health care, health, wellness & fitness, hospital & health care, computer & network security, financial consulting, management consulting",http://www.linkedin.com/in/rekha-k-teli-39a172112,https://pwc.com,http://www.linkedin.com/company/pwc,https://facebook.com/lifeatpwc,https://twitter.com/PwCUS,London,England,United Kingdom,"1 Embankment Place, London, United Kingdom, WC2N 5NP",London,"",United Kingdom,'+44 20 7583 5000,"Akamai, CSC Corporate Domains, Gmail, Google Apps, Microsoft Office 365, DemandBase, Drupal, VueJS, Salesforce, Microsoft Application Insights, Atlassian Cloud, Microsoft Power BI, OneTrust, React Redux, Datadog, Adobe Marketing Cloud, Adobe CQ, Eloqua, MongoDB, SuccessFactors (SAP), Amazon SES, LiveRamp, Taboola, Hotjar, SOASTA, Vimeo, The Trade Desk, Sizmek (MediaMind), Apache, Greenhouse.io, Cedexis Radar, Amadesa, Intercom, Gettyimages, SharpSpring, WordPress.org, Google translate API, Google translate widget, Google AdWords Conversion, Google Font API, Google Places, Google Analytics, GoToWebinar, Yahoo Analytics, Yahoo Ad Manager Plus, Open AdStream (Appnexus), eRecruit, Facebook Widget, FullStory, Linkedin Marketing Solutions, Wistia, Qualtrics, MouseFlow, Google Play, Adobe Media Optimizer, Dropbox, Shutterstock, Google Plus, YouTube, Turn, DoubleClick Floodlight, Google Maps, iTunes, Linkedin Widget, Marketo, Formstack, Adform, Bootstrap Framework, Google Tag Manager, AT Internet, Ruby On Rails, Stripe, iGoDigital, Highcharts JS Library, Kaltura, FreakOut, Google Dynamic Remarketing, DoubleClick Conversion, Facebook Custom Audiences, Webex, ON24, MicroAd, MailChimp, SoundCloud, DoubleClick, Perfect Audience, Adobe TestAndTarget, Twitter Advertising, reCAPTCHA, Cornerstone On Demand, AppNexus, AngularJS, CrazyEgg, Workday Recruit, JQuery 1.11.1, Cvent, Omniture (Adobe), Bing Ads, Scene7, Facebook Login (Connect), Mobile Friendly",55381000000,"","","","","","",false,false,false,false,"",68be91b9ac4e7800198c8dec,68be9170f3789d0001595c34,"","","","","",""
Daniel,Sugar,Director of Information Technology,Bank of England,Bank of England,"",Unavailable,"","","","",Director,Information Technology,asndn@bunkerboxmail.com,"","","",'+44 20 7601 4878,'+44 191 250 5168,Cold,rackspace,"",asndn@bunkerboxmail.com,6000,banking,"regulation, banknote counterfeit detection, interest rate policy, financial services, central bank, government, banknote counterfeit resilience, financial system oversight, banknote production, banknotes, cash handling security, cash circulation management, foreign reserves, banking services, banking supervision, systemic risk management, payment system oversight, banknote security features testing, inflation targeting, monetary policy, payment system management, counterfeit prevention, banknote circulation scheme, banknote security standards, banking, banknote authentication technology, banking regulation, financial oversight, banknote authentication, banknote circulation management, banknote security features innovation, banknote security features, central banking, bank supervision, banknote circulation control, payment systems, interest rate, banknote design, liquidity support, digital pound, banking oversight, economic stability, digital currency, banknote circulation, banknote design innovation, banknote security technology, financial stability, banknote security features development, interest rate management, currency management, interest rate setting, systemic risk, payment infrastructure, currency issuance, banknote security, payment system supervision, banknote quality control, banknote design process, financial regulation, cash handling security measures, banknote production process, inflation control, banknote security innovation, financial system resilience, cash distribution, b2b, services, asset management, risk management, regulatory compliance, governments",http://www.linkedin.com/in/daniel-sugar-93074b193,https://bankofengland.co.uk,http://www.linkedin.com/company/bank-of-england,https://facebook.com/BOECONservativeC,https://twitter.com/bankofengland,"",England,United Kingdom,"Threadneedle Street, England, United Kingdom, EC2R 8AY","",England,United Kingdom,'+44 20 7601 4878,"Akamai, Mimecast, Outlook, MailChimp SPF, Microsoft Azure Hosting, Microsoft Office 365, Microsoft-IIS, Google Tag Manager, WordPress.org, SOASTA, Mobile Friendly, Remote, AI",1078000000,"","","","","","",false,false,false,false,"",68be916ff3789d0001595c03,68be9170f3789d0001595c33,"","","","","",""
Nicholas,Woolley,IT Director,allpay Limited,allpay,"",Unavailable,"","","","",Director,Information Technology,asndn@bunkerboxmail.com,"","",'+44 330 135 9510,'+44 330 135 9515,"",Cold,rackspace,"",asndn@bunkerboxmail.com,280,financial services,"payment solutions, prepaid cards, payment reference cards, direct debits, bill payment collection, internet payments, text payments, cashless payments, print & design, broadband, card manufacturing, housing sector news, housing sector jobs, card bureau facilities, open banking, confirmation of payee, cash, prepaid, reporting and insights, payment compliance, payment reconciliation reports, secure payment platform, financial services, payment collection, financial management, public sector, customer account management, cashless payment networks, payment security, public sector payments, customer data management, cash payments, disbursements, payment processing, financial technology, healthcare fund disbursement, data & analytics, industry compliance, multi-channel payments, payment data analytics, government payment services, information technology & services, real-time payment tracking, cloud-based portal, housing disbursements, fund disbursement, payment automation, credit & debit card acceptance, payment file download, customer engagement, payment automation tools, direct debit, rent collection solutions, secure disbursement channels, multi-outlet cash collection, payment reconciliation, api integration, payment reporting, b2b, non-profit, government, services, financial transactions processing, reserve, and clearinghouse activities, finance technology, nonprofit organization management",http://www.linkedin.com/in/nicholas-woolley-8b461328,https://allpay.net,http://www.linkedin.com/company/allpay-limited,https://www.facebook.com/allpayltd/,https://twitter.com/allpaylimited/,Hereford,England,United Kingdom,"Whitestone, England, United Kingdom, HR1 3SE",Whitestone,England,United Kingdom,'+44 330 135 9515,"Amazon SES, Mimecast, Outlook, Microsoft Azure Hosting, Google Analytics, reCAPTCHA, Mobile Friendly, Gravity Forms, WordPress.org, Google Tag Manager, Google Font API, Google Maps (Non Paid Users), Google Maps, Remote",62000000,"","","","","","",false,false,false,false,"",68be91947f19250001c07a9f,68be91957f19250001c07acf,"","","","","",""
Bala,Subramanian,Director - Cloud and AI,EY,EY,bal.s@ey.com,Extrapolated,Apollo,0.7,Catch-all,"",Director,Engineering & Technical,asndn@bunkerboxmail.com,"","","",'+44 20 7951 2000,"",Cold,rackspace,"",asndn@bunkerboxmail.com,400000,professional training & coaching,"advisory, assurance, tax, transactions, audit, mergers, m, a, financial services, accounting, professional services, law, technology, consulting, data, transformation, strategy, legal, digital transformation, growth, managed services, risk management, supply chain transformation, industry verticals, client advisory, cloud security, industrial manufacturing, sustainability services, ai-powered fraud detection, digital ecosystems, data analytics, esg advisory, digital transformation in energy, sustainable growth, corporate restructuring, regulatory environment, iot for industrial automation, value chain optimization, business model innovation, ai-powered solutions, market entry strategy, cybersecurity, growth strategy, technology consulting, technology integration, strategy consulting, data security, corporate strategy, ai for financial modeling, climate risk analytics, restructuring and turnaround, iot in energy management, digital twin for manufacturing, sustainability reporting, tax advisory, climate risk management, ai governance, ai ethics, long-term value, digital solutions, regulatory strategy, digital health solutions, digital workplace solutions, climate change services, automation tools, corporate governance, blockchain for finance, government & public sector, financial audit, digital risk management, blockchain for real estate, energy, ai-driven customer insights, ai in risk management, capital markets, cyber risk management, enterprise software, regulatory compliance, digital compliance, forensic & integrity services, digital innovation, stakeholder engagement, sustainable supply chain, corporate finance, global network, sustainable finance solutions, business transformation, digital assets, transaction services, trust and assurance, performance improvement, industry expertise, risk analytics, business resilience, ai in healthcare, ai in legal services, value creation, risk assessment, regtech, tax technology, ai, climate change analytics, blockchain for supply chain, healthcare, market analysis, ai and automation, m&a advisory, digital innovation platforms, iot in supply chain, ai in tax, blockchain, ai in audit, smart contracts, automated compliance monitoring, climate tech, cybersecurity for iot, workforce analytics, cloud computing, assurance services, iot, regulatory technology (regtech), private equity, supply chain resilience platforms, digital risk assessment tools, digital risk, digital platforms, esg data platforms, client trust, financial reporting, cybersecurity in critical infrastructure, machine learning, digital twin, cybersecurity for financial services, b2b, government, services, management consulting services, customer experience, sustainability, innovation, compliance, retail, cloud services, supply chain management, renewable energy, business intelligence, operational efficiency, professional training & coaching, management consulting, strategic consulting, computer & network security, information technology & services, oil & energy, enterprises, computer software, health care, health, wellness & fitness, hospital & health care, artificial intelligence, environmental services, renewables & environment, logistics & supply chain, clean energy & technology, analytics",http://www.linkedin.com/in/balasubramanian-ns,https://ey.com,http://www.linkedin.com/company/ernstandyoung,https://www.facebook.com/pages/Ernst-Young/195665063800329,https://twitter.com/EYnews,Chester,England,United Kingdom,"6 More London Riverside, England, United Kingdom, SE1","",England,United Kingdom,'+44 20 7951 2000,"Microsoft Azure Hosting, Brightcove, Adobe Marketing Cloud, Microsoft Application Insights, Atlassian Cloud, SignalR, SuccessFactors (SAP), Zendesk, Hubspot, Salesforce, Shutterstock, Linkedin Widget, Omniture (Adobe), Google Font API, Qualtrics, Bing Ads, WordPress.org, Facebook Widget, DoubleClick, Hotjar, DoubleClick Floodlight, The Trade Desk, Facebook Login (Connect), Facebook Custom Audiences, Google AdWords Conversion, AppDynamics, New Relic, Amadesa, Google AdSense, Typekit, Google Maps, Backbone JS Library, Twitter Advertising, Adobe Media Optimizer, Linkedin Marketing Solutions, Nginx, Kaltura, SiteScout, Vimeo, Linkedin Login, Google Places, Zencoder, Bootstrap Framework, Google Dynamic Remarketing, Mobile Friendly, Multilingual, YouTube, Google Analytics, Yahoo Analytics, Workday Recruit, JQuery 1.11.1, Teads, reCAPTCHA, Marketo, Cvent, AngularJS, SharePoint, Yahoo Ad Manager Plus, Fusioncharts JS Library, Cedexis Radar, Taleo, Webex, DoubleClick Conversion, ON24, ADX Studio, Google Tag Manager, Remote",51200000000,"","","","","","",false,false,false,false,"",68be916ff3789d0001595c0d,68be9170f3789d0001595c30,"","","","","",""
Chris,Goodwin,Director - IT Systems & Architecture,WTW,WTW,"",Unavailable,"","","","",Director,Information Technology,asndn@bunkerboxmail.com,"","",'+44 918 271 0942,'+44 20 3124 6000,'+44 173 728 4827,Cold,rackspace,"",asndn@bunkerboxmail.com,49000,financial services,"risk management, insurance, reinsurance, financial services consulting, human resources consulting, exchange solutions, employee benefits, pensions administration, consulting, hr software, insurance software, institutional investment, specialty insurers, finance, insurance product design for industries, insurance product development, financial risk, actuarial services, insurance product innovation, insurance technology, data analytics platforms, insurance product design, insurance product customization, risk transfer strategies, insurance brokerage, insurance products customization, industry expertise, data analytics, risk mitigation tools, insurance analytics platforms, risk modeling, risk mitigation strategies, investment management, risk assessment tools, insurance consulting, risk decision support, risk analytics in finance, actuarial software, pension fund management, strategic risk, reinsurance risk management, product design, benefits administration, actuarial risk modeling, risk transfer, risk management consulting, risk management tools, industry-specific risk solutions, global insurance markets, insurance industry analytics, benefits consulting for large organizations, risk management software, corporate risk, risk analytics, insurance solutions, insurance risk solutions, industry solutions, corporate risk advisory, actuarial analysis, insurance data platforms, actuarial modeling, financial services, risk data modeling, risk transfer products, reinsurance solutions, specialized risk solutions, risk consulting, data-driven decision making, client risk solutions, benefits administration systems, risk management technology, risk analytics for pensions, risk assessment, pension plan actuarial services, financial analytics, actuarial data platforms, actuarial modeling tools, data-driven insights, risk management innovation, client advisory, actuarial modeling software, risk assessment software, actuarial data analysis, actuarial consulting, insurance products, financial outcomes, pension and retirement analytics, risk forecasting, global risk services, advanced analytics, risk evaluation, insurance analytics, data science in insurance, investment analytics, enterprise risk management, risk analytics platforms, pension management, risk mitigation, risk data management, b2b, services, insurance agencies and brokerages, regulatory compliance, innovation, retirement planning, talent management, insurtech, insurance agencies & brokerages",http://www.linkedin.com/in/chris-goodwin-54670925,https://wtwco.com,http://www.linkedin.com/company/wtwcorporate,https://www.facebook.com/WTWcorporate,https://twitter.com/WTWcorporate,Redhill,England,United Kingdom,"51 Lime Street, London, England, United Kingdom, EC3M 7DQ",London,England,United Kingdom,'+44 20 3124 6000,"Outlook, Microsoft Office 365, Microsoft Azure Hosting, OneTrust, Adobe Marketing Cloud, Marketo, Vimeo, WordPress.org, Ruby On Rails, ON24, New Relic, Highcharts JS Library, DoubleClick, Facebook Custom Audiences, Cvent, Mobile Friendly, Google Tag Manager, Bing Ads, Google Maps, Google AdWords Conversion, Cedexis Radar, Linkedin Marketing Solutions, Hubspot, Google Font API, Google Dynamic Remarketing, AddThis, Google Analytics, Nginx, Facebook Widget, Linkedin Widget, Facebook Login (Connect), Taleo, MediaMath, Adobe Media Optimizer, Gettyimages, Flashtalking, Webex, Google Maps (Non Paid Users), DoubleClick Conversion, Linkedin Login, DoubleClick Floodlight, YouTube",104941000,"","","","","","",false,false,false,false,"",68be916ff3789d0001595c15,68be9170f3789d0001595c31,"","","","","",""
Samantha,Trippy,Director - Health AI Product Development,PwC,PwC,"",Unavailable,"","","","",Director,"Product, Engineering & Technical, Human Resources",asndn@bunkerboxmail.com,"","","",'+44 20 7583 5000,'+1 949-306-0771,Cold,rackspace,"",asndn@bunkerboxmail.com,370000,professional training & coaching,"assurance, tax, advisory, professional services, cyber resilience, market insights, ai solutions, legal services, legal, digital innovation, regulatory technology, digital assurance, private equity, financial services, government, family enterprise services, esg strategy, risk and controls solutions, cloud computing, digital risk assessment, sustainability strategy, trust building, climate change advisory, stakeholder trust, tax services, global presence, private client services, ai, regulatory compliance, regulatory reporting automation, sustainable finance, business transformation, corporate governance frameworks, trust and transparency solutions, global network, esg data management, industry expertise, performance improvement, private business consulting, sustainability, family business succession, corporate strategy, climate risk analytics, climate risk management, client advisory, risk management, climate change, esg reporting, legal services in consulting, consulting, corporate social responsibility, mergers and acquisitions, family business, corporate governance assessments, data analytics, technology, enterprise risk, regulatory advisory, healthcare, cybersecurity, data security, digital trust, financial advisory, audit, regulatory compliance automation, climate change reporting, innovation, regulatory reporting, sustainability and climate change, private equity advisory, corporate governance, digital risk management, digital transformation, audit and assurance, b2b, services, accounting, tax preparation, bookkeeping, and payroll services, cloud solutions, media, telecommunications, managed services, customer experience, operational efficiency, leadership development, professional training & coaching, governments, enterprise software, enterprises, computer software, information technology & services, environmental services, renewables & environment, mergers & acquisitions, health care, health, wellness & fitness, hospital & health care, computer & network security, financial consulting, management consulting",http://www.linkedin.com/in/srtrippy,https://pwc.com,http://www.linkedin.com/company/pwc,https://facebook.com/lifeatpwc,https://twitter.com/PwCUS,London,England,United Kingdom,"1 Embankment Place, London, United Kingdom, WC2N 5NP",London,"",United Kingdom,'+44 20 7583 5000,"Akamai, CSC Corporate Domains, Gmail, Google Apps, Microsoft Office 365, DemandBase, Drupal, VueJS, Salesforce, Microsoft Application Insights, Atlassian Cloud, Microsoft Power BI, OneTrust, React Redux, Datadog, Adobe Marketing Cloud, Adobe CQ, Eloqua, MongoDB, SuccessFactors (SAP), Amazon SES, LiveRamp, Taboola, Hotjar, SOASTA, Vimeo, The Trade Desk, Sizmek (MediaMind), Apache, Greenhouse.io, Cedexis Radar, Amadesa, Intercom, Gettyimages, SharpSpring, WordPress.org, Google translate API, Google translate widget, Google AdWords Conversion, Google Font API, Google Places, Google Analytics, GoToWebinar, Yahoo Analytics, Yahoo Ad Manager Plus, Open AdStream (Appnexus), eRecruit, Facebook Widget, FullStory, Linkedin Marketing Solutions, Wistia, Qualtrics, MouseFlow, Google Play, Adobe Media Optimizer, Dropbox, Shutterstock, Google Plus, YouTube, Turn, DoubleClick Floodlight, Google Maps, iTunes, Linkedin Widget, Marketo, Formstack, Adform, Bootstrap Framework, Google Tag Manager, AT Internet, Ruby On Rails, Stripe, iGoDigital, Highcharts JS Library, Kaltura, FreakOut, Google Dynamic Remarketing, DoubleClick Conversion, Facebook Custom Audiences, Webex, ON24, MicroAd, MailChimp, SoundCloud, DoubleClick, Perfect Audience, Adobe TestAndTarget, Twitter Advertising, reCAPTCHA, Cornerstone On Demand, AppNexus, AngularJS, CrazyEgg, Workday Recruit, JQuery 1.11.1, Cvent, Omniture (Adobe), Bing Ads, Scene7, Facebook Login (Connect), Mobile Friendly",55381000000,"","","","","","",false,false,false,false,"",68be91947f19250001c07aa7,68be9170f3789d0001595c34,"","","","","",""
Ben,Briggs,IT Director IWR Retirement Solutions (Interim),Aviva,Aviva,ben.briggs@aviva.com,Verified,Apollo,"",Catch-all,2025-08-22T07:26:56+00:00,Director,Information Technology,asndn@bunkerboxmail.com,"","","",'+44 20 7283 2000,"",Cold,rackspace,"",asndn@bunkerboxmail.com,30000,insurance,"retirement, investments, insurance, health, insurtech, protection, wealth, firemen employment, insurance mergers, brand recognition, diversified insurer, financial services, first burglary policy, wealth accumulation, heritage, long-standing insurer, investment management, general insurance products, retirement solutions, life insurance, global insurance, trustworthy insurer, mutual insurer, pensions, mutual fire insurer, customer loyalty, wealth management, life insurance policies, risk management, market leader, health coverage, heritage of innovation, general insurance, health insurance, insurance history, long heritage, international insurance markets, innovation in insurance, heritage brand, product portfolio, heritage insurance company, brand marketing, customer service, customer-centric, investment services, b2c, d2c, services, retail, insurance agencies and brokerages, digital transformation, customer engagement, innovation, asset management, employee benefits, sustainability, retirement planning, financial planning, customer experience, marketing & advertising, enterprise software, enterprises, computer software, information technology & services, b2b, insurance agencies & brokerages, environmental services, renewables & environment",http://www.linkedin.com/in/ben-briggs-310ab4297,https://aviva.com,http://www.linkedin.com/company/aviva-plc,https://facebook.com/Aviva/,https://twitter.com/avivaplc,York,England,United Kingdom,"1 Undershaft, London, England, United Kingdom, EC3A 8AB",London,England,United Kingdom,'+44 20 7283 2000,"Akamai, CSC Corporate Domains, Amazon AWS, Adobe Marketing Cloud, Zendesk, OneTrust, React Redux, Salesforce, Drupal, Datadog, Pardot, Workday, Campaign Monitor, Freshdesk, MailJet, Decibel Insight, Twitter Advertising, Google Dynamic Remarketing, reCAPTCHA, Google Tag Manager, Facebook Login (Connect), AppDynamics, Facebook Widget, Zencoder, DoubleClick Conversion, Google Font API, DoubleClick, Facebook Custom Audiences, Linkedin Marketing Solutions, Workday Recruit, Adobe Media Optimizer, Mobile Friendly, Bing Ads, Omniture (Adobe), Google Analytics, DoubleClick Floodlight, Google Maps (Non Paid Users), Google Maps, Vimeo, Google AdWords Conversion, Trustpilot, Shutterstock, TouchCommerce, Amazon Associates, Qualtrics, Cedexis Radar, AppNexus, Google Play, Bootstrap Framework, Google AdSense, Adobe TestAndTarget, Highcharts JS Library, New Relic, Sophus 3 eMetrics, Teads, Hotjar, AngularJS, IoT, Remote, AI",39872748000,"","","","",Irish Life (irishlife.ie),"",false,false,false,false,"",68be91accb63fc0001794ec0,68be9170f3789d0001595c39,"","","","","",""
Gerard,Amura,Director - Head of End User IT Services IB & International,Commerzbank AG,Commerzbank AG,gerard.amura@commerzbank.com,Verified,Apollo,"",Not Catch-all,2025-08-26T10:30:27+00:00,Head,Information Technology,asndn@bunkerboxmail.com,"","",'+44 771 379 0540,'+49 69 13620,'+44 168 988 9266,Cold,rackspace,"",asndn@bunkerboxmail.com,40000,banking,"financial services, long history, digital banking services, customer experience, global presence, customer-centric approach, blockchain payments, financial solutions, sme financing, large corporations, germany banking, trade finance solutions, mobile payment solutions, financial data security, digital wealth management, climate finance, international trade support, digital onboarding, international banking, mobile banking, cloud banking, banking solutions, financial stability, sustainable investment, cross-border transactions, blockchain in banking, financial services innovation, corporate lending, customer support, green bonds, fintech partnerships, asset management, sustainable banking, financial consulting, banking compliance, bank partnerships, digital banking, banking services, fintech integration, fintech-driven banking, digital solutions, corporate banking, banking digitalization, branch network, banking apps, sustainable banking products, financial products, sme banking, digital onboarding process, investment banking, financial partnerships, private customers, impact investing, commercial banking, banking and financial services, customized financial products, banking for entrepreneurs, regulatory compliance, capital market services, cybersecurity in banking, private banking, banking technology, smes, corporate finance, banking customer service, trade finance, global footprint, banking security, esg banking, wealth management, banking infrastructure, banking analytics, automated credit scoring, retail banking, bank network, financial advisory, banking apis, universal bank, digital transformation, financial market expertise, capital markets, online banking, digital client onboarding, digital payments, financial technology, ai in banking, sustainable finance, financial risk assessment, mortgages, financial innovation, bank history, online account opening, financial planning, green banking, banking operations, risk management, digital asset management, financial regulation, cash management, banking modernization, banking automation, customer service, financial resilience, business banking, wealth planning, b2b, b2c, services, retail, innovation, sustainability, compliance, performance, banking, loans, retirement planning, portfolio management, payment processing, cyber security, financial reporting, management consulting, investment management, consulting, finance technology, information technology & services, environmental services, renewables & environment, computer & network security",http://www.linkedin.com/in/gerard-amura-94b7101,https://commerzbank.de,http://www.linkedin.com/company/commerzbank-ag,https://www.facebook.com/commerzbank,https://twitter.com/commerzbank,"",England,United Kingdom,"16 Kaiserstrasse, Frankfurt am Main, Hessen, Germany, 60311",Frankfurt am Main,Hessen,Germany,'+49 69 13620,"Outlook, Microsoft Office 365, Zendesk, Typeform, VueJS, React Redux, ExactTarget, DoubleClick Conversion, Google Font API, Facebook Widget, Facebook Login (Connect), Criteo, Adobe Media Optimizer, DoubleClick Floodlight, Facebook Custom Audiences, Google Dynamic Remarketing, Highcharts JS Library, Vimeo, DoubleClick, Mobile Friendly, Ruxit, Apache, Nginx, Google Analytics, Google Tag Manager, Google AdWords Conversion, Google Play, Bootstrap Framework, Google Maps (Non Paid Users), Cedexis Radar, Google Maps, Taleo, WordPress.org, ADX Studio, Etracker",27090279000,"","","","","","",false,false,false,false,"",68be91accb63fc0001794ecf,68be9170f3789d0001595c35,"","","","","",""
Benjamin,Netanyahu,Director of Information Technology,Standard Chartered,Standard Chartered,"",Unavailable,"","","","",Director,Information Technology,asndn@bunkerboxmail.com,"","",'+44 77 4586 7567,'+44 20 7885 8888,"",Cold,rackspace,"",asndn@bunkerboxmail.com,81000,banking,"personal banking, corporate banking, islamic banking, private banking, wealth management, commercial banking, banking, financial services, finance, financial innovation, international financial services center, financial innovation in emerging markets, local expertise, wealth solutions, international banking, digital banking, trade finance, global banking in africa, publicly listed bank, publicly listed, emerging markets, london and hong kong stock exchanges, local knowledge, banking in middle east, emerging market banking, retail securities broking, investment banking, retail banking, financial products, client solutions, transaction banking, financial markets, trade execution, banking technology, advisory services, financing solutions, heritage, long-term client relationships, international trade finance, market presence, client engagement, lending, global finance, diversity in banking, client base, banking in asia, local market expertise, global network, diversity, london-based, long-term client focus, client relationships, financial advisory, trade and investment, banking in europe, international financial services, banking in americas, art collection symbolism, market expansion, banking in india, financial services in developing markets, gift city, lending solutions, london headquarters, banking in gift city, trade facilitation, brokerage services, banking in asia and africa, client-centric approach, innovation, banking in africa, heritage banking, global banking in middle east, cash management, public company, global banking in asia, lending entities, investment services, trade and investment facilitation, financial infrastructure, b2b, b2c, government, services, retail, risk management, commercial real estate, oil and gas, customer service, investment management, capital markets, financial consulting, consulting, management consulting, oil & energy",http://www.linkedin.com/in/benjamin-netanyahu-0379b3187,"",http://www.linkedin.com/company/standardchartered,https://facebook.com/StandardChartered,https://twitter.com/StanChart,London,England,United Kingdom,"1 Basinghall Avenue, England, United Kingdom, EC2V 5DD","",England,United Kingdom,'+44 20 7885 8888,"Akamai, CSC Corporate Domains, Outlook, Microsoft Office 365, Datadog, Atlassian Cloud, UPS, React Redux, SignalR, The Trade Desk, Adobe Marketing Cloud, Amazon SES, Facebook Login (Connect), Wistia, Mobile Friendly, AddThis, BoldChat, Gravity Forms, Yahoo Ad Manager Plus, Amazon Associates, iTunes, Shutterstock, Google Maps, AngularJS, Multilingual, Twitter Advertising, Taboola, Amadesa, Google Tag Manager, Quantcast, DoubleClick, Taleo, Baidu Ads, Adobe Media Optimizer, Google AdWords Conversion, YouTube, Cedexis Radar, Google AdSense, Turn, Criteo, Vimeo, Teads, Backbone JS Library, Google Analytics Ecommerce Tracking, Linkedin Marketing Solutions, Facebook Custom Audiences, Bing Ads, AppNexus, Bootstrap Framework, Google Dynamic Remarketing, Omniture (Adobe), MediaMath, WordPress.org, SOASTA, DoubleClick Conversion, Google Maps (Paid Users), Akamai RUM, Google Font API, Visa Checkout, Knowledge Vision, Vidyard, Google Analytics, Yahoo Analytics, Facebook Widget, Adobe TestAndTarget, DoubleClick Floodlight, Google Play, Remote, Micro",40728000000,"","","","","","",false,false,false,false,"",68be916ff3789d0001595c0c,68be9170f3789d0001595c38,"","","","","",""
Adam,Fussey,IT Director,Generation Investment Management,Generation Investment Management,adam.fussey@generationim.com,Verified,Apollo,"",Not Catch-all,2025-08-28T14:42:54+00:00,Director,Information Technology,asndn@bunkerboxmail.com,"","",'+44 782 343 8445,'+44 20 7534 4700,'+44 20 7542 6760,Cold,rackspace,"",asndn@bunkerboxmail.com,190,investment management,"sustainable investing, public markets, climate solutions funds, private equity funds, private equity, active stewardship, stewardship, climate investing, sustainable business, climate impact measurement, esg factors, climate change mitigation, sustainable development goals, climate change, corporate governance standards, long-term returns, climate solutions, asset owner, sustainable investment, esg stewardship, renewable energy, corporate governance, asset management, climate impact reporting, sustainable capital allocation, public equity funds, long-term investment, sustainable capital, climate risk assessment tools, impact measurement, climate risk assessment, climate risk, private markets, public equity, esg analysis, responsible stewardship, net-zero, impact investing, public markets investing, climate assets, renewable energy investments, asset owner engagement, climate advocacy, climate risk management, investment analysis, climate-focused private equity, climate impact, climate-focused funds, climate transition funds, responsible investment, esg integration, esg integration techniques, climate transition, financial services, climate funds, responsible investing, esg integration frameworks, net zero commitments, sustainable development investing, investment strategies, sustainable finance, climate-aligned portfolios, sustainable finance principles, sustainable development, private markets investing, investment management, net zero asset management, investment research, climate advocacy initiatives, renewable energy project finance, sustainability research, climate transition strategies, climate change mitigation strategies, sustainable infrastructure investments, sustainable business models, b2b, services, other financial investment activities, portfolio management, clean energy & technology, environmental services, renewables & environment, venture capital & private equity, sustainability",http://www.linkedin.com/in/adam-fussey-4377b71,https://generationim.com,http://www.linkedin.com/company/generation-investment-management,"","","","",United Kingdom,"20 Air Street, England, United Kingdom, W1B 5DL","",England,United Kingdom,'+44 20 7534 4700,"Salesforce, CSC Corporate Domains, Mimecast, Outlook, Pardot, MailChimp SPF, Microsoft Office 365, CloudFlare Hosting, Microsoft Azure Hosting, Drupal, Media Temple DNS, Circle",46200000,5154317309,Other,1700000000,2022-05-01T00:00:00+00:00,"","",false,false,false,false,"",68be91947f19250001c07ab0,68be91957f19250001c07ad4,"","","","","",""
Charlotte,Mitchell,Managing Director - Commercial Data Leader | Data and AI | Tech Catalyst,PwC,PwC,charlotte.h.mitchell@pwc.com,Verified,Apollo,"",Catch-all,2025-09-04T14:06:38+00:00,Director,Engineering & Technical,asndn@bunkerboxmail.com,"","",'+44 77 2570 6646,'+44 20 7583 5000,'+44 20 7213 8337,Cold,rackspace,"",asndn@bunkerboxmail.com,370000,professional training & coaching,"assurance, tax, advisory, professional services, cyber resilience, market insights, ai solutions, legal services, legal, digital innovation, regulatory technology, digital assurance, private equity, financial services, government, family enterprise services, esg strategy, risk and controls solutions, cloud computing, digital risk assessment, sustainability strategy, trust building, climate change advisory, stakeholder trust, tax services, global presence, private client services, ai, regulatory compliance, regulatory reporting automation, sustainable finance, business transformation, corporate governance frameworks, trust and transparency solutions, global network, esg data management, industry expertise, performance improvement, private business consulting, sustainability, family business succession, corporate strategy, climate risk analytics, climate risk management, client advisory, risk management, climate change, esg reporting, legal services in consulting, consulting, corporate social responsibility, mergers and acquisitions, family business, corporate governance assessments, data analytics, technology, enterprise risk, regulatory advisory, healthcare, cybersecurity, data security, digital trust, financial advisory, audit, regulatory compliance automation, climate change reporting, innovation, regulatory reporting, sustainability and climate change, private equity advisory, corporate governance, digital risk management, digital transformation, audit and assurance, b2b, services, accounting, tax preparation, bookkeeping, and payroll services, cloud solutions, media, telecommunications, managed services, customer experience, operational efficiency, leadership development, professional training & coaching, governments, enterprise software, enterprises, computer software, information technology & services, environmental services, renewables & environment, mergers & acquisitions, health care, health, wellness & fitness, hospital & health care, computer & network security, financial consulting, management consulting",http://www.linkedin.com/in/charlotte-h-mitchell,https://pwc.com,http://www.linkedin.com/company/pwc,https://facebook.com/lifeatpwc,https://twitter.com/PwCUS,Oxford,England,United Kingdom,"1 Embankment Place, London, United Kingdom, WC2N 5NP",London,"",United Kingdom,'+44 20 7583 5000,"Akamai, CSC Corporate Domains, Gmail, Google Apps, Microsoft Office 365, DemandBase, Drupal, VueJS, Salesforce, Microsoft Application Insights, Atlassian Cloud, Microsoft Power BI, OneTrust, React Redux, Datadog, Adobe Marketing Cloud, Adobe CQ, Eloqua, MongoDB, SuccessFactors (SAP), Amazon SES, LiveRamp, Taboola, Hotjar, SOASTA, Vimeo, The Trade Desk, Sizmek (MediaMind), Apache, Greenhouse.io, Cedexis Radar, Amadesa, Intercom, Gettyimages, SharpSpring, WordPress.org, Google translate API, Google translate widget, Google AdWords Conversion, Google Font API, Google Places, Google Analytics, GoToWebinar, Yahoo Analytics, Yahoo Ad Manager Plus, Open AdStream (Appnexus), eRecruit, Facebook Widget, FullStory, Linkedin Marketing Solutions, Wistia, Qualtrics, MouseFlow, Google Play, Adobe Media Optimizer, Dropbox, Shutterstock, Google Plus, YouTube, Turn, DoubleClick Floodlight, Google Maps, iTunes, Linkedin Widget, Marketo, Formstack, Adform, Bootstrap Framework, Google Tag Manager, AT Internet, Ruby On Rails, Stripe, iGoDigital, Highcharts JS Library, Kaltura, FreakOut, Google Dynamic Remarketing, DoubleClick Conversion, Facebook Custom Audiences, Webex, ON24, MicroAd, MailChimp, SoundCloud, DoubleClick, Perfect Audience, Adobe TestAndTarget, Twitter Advertising, reCAPTCHA, Cornerstone On Demand, AppNexus, AngularJS, CrazyEgg, Workday Recruit, JQuery 1.11.1, Cvent, Omniture (Adobe), Bing Ads, Scene7, Facebook Login (Connect), Mobile Friendly",55381000000,"","","","","","",false,false,false,false,"",68be91accb63fc0001794eca,68be9170f3789d0001595c34,"","","","","",""
John,Carroll,"Director, AI & Data",EY,EY,"",Unavailable,"","","","",Director,Engineering & Technical,asndn@bunkerboxmail.com,"","",'+44 74 0140 4088,'+44 20 7951 2000,"",Cold,rackspace,"",asndn@bunkerboxmail.com,400000,professional training & coaching,"advisory, assurance, tax, transactions, audit, mergers, m, a, financial services, accounting, professional services, law, technology, consulting, data, transformation, strategy, legal, digital transformation, growth, managed services, risk management, supply chain transformation, industry verticals, client advisory, cloud security, industrial manufacturing, sustainability services, ai-powered fraud detection, digital ecosystems, data analytics, esg advisory, digital transformation in energy, sustainable growth, corporate restructuring, regulatory environment, iot for industrial automation, value chain optimization, business model innovation, ai-powered solutions, market entry strategy, cybersecurity, growth strategy, technology consulting, technology integration, strategy consulting, data security, corporate strategy, ai for financial modeling, climate risk analytics, restructuring and turnaround, iot in energy management, digital twin for manufacturing, sustainability reporting, tax advisory, climate risk management, ai governance, ai ethics, long-term value, digital solutions, regulatory strategy, digital health solutions, digital workplace solutions, climate change services, automation tools, corporate governance, blockchain for finance, government & public sector, financial audit, digital risk management, blockchain for real estate, energy, ai-driven customer insights, ai in risk management, capital markets, cyber risk management, enterprise software, regulatory compliance, digital compliance, forensic & integrity services, digital innovation, stakeholder engagement, sustainable supply chain, corporate finance, global network, sustainable finance solutions, business transformation, digital assets, transaction services, trust and assurance, performance improvement, industry expertise, risk analytics, business resilience, ai in healthcare, ai in legal services, value creation, risk assessment, regtech, tax technology, ai, climate change analytics, blockchain for supply chain, healthcare, market analysis, ai and automation, m&a advisory, digital innovation platforms, iot in supply chain, ai in tax, blockchain, ai in audit, smart contracts, automated compliance monitoring, climate tech, cybersecurity for iot, workforce analytics, cloud computing, assurance services, iot, regulatory technology (regtech), private equity, supply chain resilience platforms, digital risk assessment tools, digital risk, digital platforms, esg data platforms, client trust, financial reporting, cybersecurity in critical infrastructure, machine learning, digital twin, cybersecurity for financial services, b2b, government, services, management consulting services, customer experience, sustainability, innovation, compliance, retail, cloud services, supply chain management, renewable energy, business intelligence, operational efficiency, professional training & coaching, management consulting, strategic consulting, computer & network security, information technology & services, oil & energy, enterprises, computer software, health care, health, wellness & fitness, hospital & health care, artificial intelligence, environmental services, renewables & environment, logistics & supply chain, clean energy & technology, analytics",http://www.linkedin.com/in/john-carroll-6b3152196,https://ey.com,http://www.linkedin.com/company/ernstandyoung,https://www.facebook.com/pages/Ernst-Young/195665063800329,https://twitter.com/EYnews,Belfast,Northern Ireland,United Kingdom,"6 More London Riverside, England, United Kingdom, SE1","",England,United Kingdom,'+44 20 7951 2000,"Microsoft Azure Hosting, Brightcove, Adobe Marketing Cloud, Microsoft Application Insights, Atlassian Cloud, SignalR, SuccessFactors (SAP), Zendesk, Hubspot, Salesforce, Shutterstock, Linkedin Widget, Omniture (Adobe), Google Font API, Qualtrics, Bing Ads, WordPress.org, Facebook Widget, DoubleClick, Hotjar, DoubleClick Floodlight, The Trade Desk, Facebook Login (Connect), Facebook Custom Audiences, Google AdWords Conversion, AppDynamics, New Relic, Amadesa, Google AdSense, Typekit, Google Maps, Backbone JS Library, Twitter Advertising, Adobe Media Optimizer, Linkedin Marketing Solutions, Nginx, Kaltura, SiteScout, Vimeo, Linkedin Login, Google Places, Zencoder, Bootstrap Framework, Google Dynamic Remarketing, Mobile Friendly, Multilingual, YouTube, Google Analytics, Yahoo Analytics, Workday Recruit, JQuery 1.11.1, Teads, reCAPTCHA, Marketo, Cvent, AngularJS, SharePoint, Yahoo Ad Manager Plus, Fusioncharts JS Library, Cedexis Radar, Taleo, Webex, DoubleClick Conversion, ON24, ADX Studio, Google Tag Manager, Remote",51200000000,"","","","","","",false,false,false,false,"",68be916ff3789d0001595c0e,68be9170f3789d0001595c30,"","","","","",""
Mark,Slater,Director - FS AI & Data,EY,EY,"",Unavailable,"","","","",Director,Engineering & Technical,asndn@bunkerboxmail.com,"","","",'+44 20 7951 2000,"",Cold,rackspace,"",asndn@bunkerboxmail.com,400000,professional training & coaching,"advisory, assurance, tax, transactions, audit, mergers, m, a, financial services, accounting, professional services, law, technology, consulting, data, transformation, strategy, legal, digital transformation, growth, managed services, risk management, supply chain transformation, industry verticals, client advisory, cloud security, industrial manufacturing, sustainability services, ai-powered fraud detection, digital ecosystems, data analytics, esg advisory, digital transformation in energy, sustainable growth, corporate restructuring, regulatory environment, iot for industrial automation, value chain optimization, business model innovation, ai-powered solutions, market entry strategy, cybersecurity, growth strategy, technology consulting, technology integration, strategy consulting, data security, corporate strategy, ai for financial modeling, climate risk analytics, restructuring and turnaround, iot in energy management, digital twin for manufacturing, sustainability reporting, tax advisory, climate risk management, ai governance, ai ethics, long-term value, digital solutions, regulatory strategy, digital health solutions, digital workplace solutions, climate change services, automation tools, corporate governance, blockchain for finance, government & public sector, financial audit, digital risk management, blockchain for real estate, energy, ai-driven customer insights, ai in risk management, capital markets, cyber risk management, enterprise software, regulatory compliance, digital compliance, forensic & integrity services, digital innovation, stakeholder engagement, sustainable supply chain, corporate finance, global network, sustainable finance solutions, business transformation, digital assets, transaction services, trust and assurance, performance improvement, industry expertise, risk analytics, business resilience, ai in healthcare, ai in legal services, value creation, risk assessment, regtech, tax technology, ai, climate change analytics, blockchain for supply chain, healthcare, market analysis, ai and automation, m&a advisory, digital innovation platforms, iot in supply chain, ai in tax, blockchain, ai in audit, smart contracts, automated compliance monitoring, climate tech, cybersecurity for iot, workforce analytics, cloud computing, assurance services, iot, regulatory technology (regtech), private equity, supply chain resilience platforms, digital risk assessment tools, digital risk, digital platforms, esg data platforms, client trust, financial reporting, cybersecurity in critical infrastructure, machine learning, digital twin, cybersecurity for financial services, b2b, government, services, management consulting services, customer experience, sustainability, innovation, compliance, retail, cloud services, supply chain management, renewable energy, business intelligence, operational efficiency, professional training & coaching, management consulting, strategic consulting, computer & network security, information technology & services, oil & energy, enterprises, computer software, health care, health, wellness & fitness, hospital & health care, artificial intelligence, environmental services, renewables & environment, logistics & supply chain, clean energy & technology, analytics",http://www.linkedin.com/in/marktslater,https://ey.com,http://www.linkedin.com/company/ernstandyoung,https://www.facebook.com/pages/Ernst-Young/195665063800329,https://twitter.com/EYnews,"",England,United Kingdom,"6 More London Riverside, England, United Kingdom, SE1","",England,United Kingdom,'+44 20 7951 2000,"Microsoft Azure Hosting, Brightcove, Adobe Marketing Cloud, Microsoft Application Insights, Atlassian Cloud, SignalR, SuccessFactors (SAP), Zendesk, Hubspot, Salesforce, Shutterstock, Linkedin Widget, Omniture (Adobe), Google Font API, Qualtrics, Bing Ads, WordPress.org, Facebook Widget, DoubleClick, Hotjar, DoubleClick Floodlight, The Trade Desk, Facebook Login (Connect), Facebook Custom Audiences, Google AdWords Conversion, AppDynamics, New Relic, Amadesa, Google AdSense, Typekit, Google Maps, Backbone JS Library, Twitter Advertising, Adobe Media Optimizer, Linkedin Marketing Solutions, Nginx, Kaltura, SiteScout, Vimeo, Linkedin Login, Google Places, Zencoder, Bootstrap Framework, Google Dynamic Remarketing, Mobile Friendly, Multilingual, YouTube, Google Analytics, Yahoo Analytics, Workday Recruit, JQuery 1.11.1, Teads, reCAPTCHA, Marketo, Cvent, AngularJS, SharePoint, Yahoo Ad Manager Plus, Fusioncharts JS Library, Cedexis Radar, Taleo, Webex, DoubleClick Conversion, ON24, ADX Studio, Google Tag Manager, Remote",51200000000,"","","","","","",false,false,false,false,"",68be91947f19250001c07aae,68be9170f3789d0001595c30,"","","","","",""
Audrie,Powell,"Assistant Director, Head of Business & IT Services",The ABI,The ABI,audrie.powell@abi.org.uk,Verified,Apollo,"",Not Catch-all,2025-08-18T10:27:04+00:00,Head,Information Technology,asndn@bunkerboxmail.com,"","",'+44 780 864 3811,'+44 20 7600 3333,"",Cold,rackspace,"",asndn@bunkerboxmail.com,150,financial services,"financial literacy, regulatory compliance, member firms, industry data, industry collaboration, industry diversity initiatives, public trust in insurance, regulatory influence, insurance market regulation, long-term savings, sector contribution, consumer education, financial protection, investment management, industry events, policy influence, industry ethics standards, industry innovation support, financial sector, public affairs, sector policy influence, public policy engagement, insurance sector sustainability, trade association, financial literacy promotion, financial services, public engagement, public policy influence, financial sector regulation, insurance market, industry advocacy, public voice, climate change initiatives, insurance sector innovation, employment in insurance, industry standards enforcement, insurance industry standards, regulatory engagement, climate risk management, insurance industry, sector regulatory environment, market promotion, regulatory affairs, sector representation, industry stakeholder engagement, economic contribution, policy advocacy, long-term savings advocacy, insurance, consumer protection, industry standards, regulation support, industry research, industry growth strategies, insurance standards, insurance sector, sector development, insurance market development, market regulation, consumer understanding, policy shaping, savings products, sector resilience strategies, industry data transparency, financial stability, tax contribution, sector regulation, public policy advocacy in insurance, industry growth, public policy debates, industry policy debates, public policy, insurance advocacy, sector sustainability, sector public relations, public relations, industry ethics, uk insurance, professional body, insurance products, market competitiveness, sector diversity, industry leadership, industry data analytics, sector growth, sector innovation, consumer trust, industry innovation, sector resilience, b2b, services, insurance agencies and brokerages, health insurance, innovation, sustainability, risk management, insurance agencies & brokerages, environmental services, renewables & environment",http://www.linkedin.com/in/audrie-powell-91b91b14,https://abi.org.uk,http://www.linkedin.com/company/the-abi,https://www.facebook.com/The.ABI.UK,https://twitter.com/britishinsurers,London,England,United Kingdom,"3 America Square, London, England, United Kingdom, EC3N 2LR",London,England,United Kingdom,'+44 20 7600 3333,"Cloudflare DNS, Postmark, Mimecast, Outlook, Microsoft Office 365, CloudFlare Hosting, Microsoft Application Insights, Workable, Google Analytics Ecommerce Tracking, Hotjar, WordPress.org, YouTube, Facebook Widget, Mobile Friendly, Cedexis Radar, Facebook Login (Connect), Linkedin Marketing Solutions, ASP.NET, Google Tag Manager, Facebook Custom Audiences, Google Maps, Mixpanel, Google Analytics, Vimeo, Adobe Media Optimizer, Taboola, Render, Accredible","","","","","","","",false,false,false,false,"",68be91accb63fc0001794ec4,68be91accb63fc0001794eed,"","","","","",""
Christine,Theodore,IT Director,Admiral Group Plc,Admiral Group Plc,christine.theodore@admiralgroup.co.uk,Verified,Apollo,"",Catch-all,2025-08-21T11:54:31+00:00,Director,Information Technology,asndn@bunkerboxmail.com,"","",'+44 77 2599 7255,'+44 333 220 2062,"",Cold,rackspace,"",asndn@bunkerboxmail.com,16000,financial services,"motor insurance, home insurance, price comparison, commercial vehicles vans, loans, pet insurance, travel insurance, research, development, personal injury law, landlord insurance, tech, insurance, financial services, auto insurance, insurance claims, product innovation, customer loyalty, policy management, long-term growth, technology-driven, customer-centric, market resilience, international presence, business diversification, regulatory compliance, brand recognition, profitability, market analysis, multi-brand strategy, brand portfolio, digital insurance, insurance market, sustainable business, customer base, digital transformation, insurance products, pricing algorithms, insurance policies, market share, data analytics, customer insights, digital platform, policy administration, global operations, risk management, business growth, customer support, claims processing, market expansion, premium pricing, customer experience, customer engagement, customer data, revenue growth, digital solutions, price comparison services, financial stability, market diversification, market penetration, personal loans, home protection, market strategy, underwriting technology, uk market, sustainability, market leadership, b2c, d2c, services, retail, insurance agencies and brokerages, customer service, innovation, customer retention, employee benefits, environmental services, renewables & environment, insurance agencies & brokerages",http://www.linkedin.com/in/christine-theodore-89333822,https://admiralgroup.co.uk,http://www.linkedin.com/company/admiral-group-plc,https://facebook.com/admirallife/,https://twitter.com/AdmiralLife,London,England,United Kingdom,"David Street, Wales, United Kingdom, CF10 2EH","",Wales,United Kingdom,'+44 333 220 2062,"UltraDns, Typekit, Google Tag Manager, Mobile Friendly, Google Font API, Cloudinary, Akamai RUM, Remote, AI",6109720000,"","","","",Admiral Money (admiral.com),"",false,false,false,false,"",68be91947f19250001c07aa2,68be91957f19250001c07ad1,"","","","","",""
Andrew,Hall,Associate Director - ( IT Global Infrastructure),EY,EY,"",Unavailable,"","","","",Director,Information Technology,asndn@bunkerboxmail.com,"","","",'+44 20 7951 2000,'+44 788 777 5743,Cold,rackspace,"",asndn@bunkerboxmail.com,400000,professional training & coaching,"advisory, assurance, tax, transactions, audit, mergers, m, a, financial services, accounting, professional services, law, technology, consulting, data, transformation, strategy, legal, digital transformation, growth, managed services, risk management, supply chain transformation, industry verticals, client advisory, cloud security, industrial manufacturing, sustainability services, ai-powered fraud detection, digital ecosystems, data analytics, esg advisory, digital transformation in energy, sustainable growth, corporate restructuring, regulatory environment, iot for industrial automation, value chain optimization, business model innovation, ai-powered solutions, market entry strategy, cybersecurity, growth strategy, technology consulting, technology integration, strategy consulting, data security, corporate strategy, ai for financial modeling, climate risk analytics, restructuring and turnaround, iot in energy management, digital twin for manufacturing, sustainability reporting, tax advisory, climate risk management, ai governance, ai ethics, long-term value, digital solutions, regulatory strategy, digital health solutions, digital workplace solutions, climate change services, automation tools, corporate governance, blockchain for finance, government & public sector, financial audit, digital risk management, blockchain for real estate, energy, ai-driven customer insights, ai in risk management, capital markets, cyber risk management, enterprise software, regulatory compliance, digital compliance, forensic & integrity services, digital innovation, stakeholder engagement, sustainable supply chain, corporate finance, global network, sustainable finance solutions, business transformation, digital assets, transaction services, trust and assurance, performance improvement, industry expertise, risk analytics, business resilience, ai in healthcare, ai in legal services, value creation, risk assessment, regtech, tax technology, ai, climate change analytics, blockchain for supply chain, healthcare, market analysis, ai and automation, m&a advisory, digital innovation platforms, iot in supply chain, ai in tax, blockchain, ai in audit, smart contracts, automated compliance monitoring, climate tech, cybersecurity for iot, workforce analytics, cloud computing, assurance services, iot, regulatory technology (regtech), private equity, supply chain resilience platforms, digital risk assessment tools, digital risk, digital platforms, esg data platforms, client trust, financial reporting, cybersecurity in critical infrastructure, machine learning, digital twin, cybersecurity for financial services, b2b, government, services, management consulting services, customer experience, sustainability, innovation, compliance, retail, cloud services, supply chain management, renewable energy, business intelligence, operational efficiency, professional training & coaching, management consulting, strategic consulting, computer & network security, information technology & services, oil & energy, enterprises, computer software, health care, health, wellness & fitness, hospital & health care, artificial intelligence, environmental services, renewables & environment, logistics & supply chain, clean energy & technology, analytics",http://www.linkedin.com/in/admhall,https://ey.com,http://www.linkedin.com/company/ernstandyoung,https://www.facebook.com/pages/Ernst-Young/195665063800329,https://twitter.com/EYnews,London,England,United Kingdom,"6 More London Riverside, England, United Kingdom, SE1","",England,United Kingdom,'+44 20 7951 2000,"Microsoft Azure Hosting, Brightcove, Adobe Marketing Cloud, Microsoft Application Insights, Atlassian Cloud, SignalR, SuccessFactors (SAP), Zendesk, Hubspot, Salesforce, Shutterstock, Linkedin Widget, Omniture (Adobe), Google Font API, Qualtrics, Bing Ads, WordPress.org, Facebook Widget, DoubleClick, Hotjar, DoubleClick Floodlight, The Trade Desk, Facebook Login (Connect), Facebook Custom Audiences, Google AdWords Conversion, AppDynamics, New Relic, Amadesa, Google AdSense, Typekit, Google Maps, Backbone JS Library, Twitter Advertising, Adobe Media Optimizer, Linkedin Marketing Solutions, Nginx, Kaltura, SiteScout, Vimeo, Linkedin Login, Google Places, Zencoder, Bootstrap Framework, Google Dynamic Remarketing, Mobile Friendly, Multilingual, YouTube, Google Analytics, Yahoo Analytics, Workday Recruit, JQuery 1.11.1, Teads, reCAPTCHA, Marketo, Cvent, AngularJS, SharePoint, Yahoo Ad Manager Plus, Fusioncharts JS Library, Cedexis Radar, Taleo, Webex, DoubleClick Conversion, ON24, ADX Studio, Google Tag Manager, Remote",51200000000,"","","","","","",false,false,false,false,"",68be916ff3789d0001595bff,68be9170f3789d0001595c30,"","","","","",""
Jade,Bickerstaff,Director of IT Systems and Architecture,WTW,WTW,jade.bickerstaff@wtwco.com,Verified,Apollo,"",Not Catch-all,2025-08-16T09:32:30+00:00,Director,Information Technology,asndn@bunkerboxmail.com,"","",'+44 771 784 0243,'+44 20 3124 6000,'+44 75 5205 3710,Cold,rackspace,"",asndn@bunkerboxmail.com,49000,financial services,"risk management, insurance, reinsurance, financial services consulting, human resources consulting, exchange solutions, employee benefits, pensions administration, consulting, hr software, insurance software, institutional investment, specialty insurers, finance, insurance product design for industries, insurance product development, financial risk, actuarial services, insurance product innovation, insurance technology, data analytics platforms, insurance product design, insurance product customization, risk transfer strategies, insurance brokerage, insurance products customization, industry expertise, data analytics, risk mitigation tools, insurance analytics platforms, risk modeling, risk mitigation strategies, investment management, risk assessment tools, insurance consulting, risk decision support, risk analytics in finance, actuarial software, pension fund management, strategic risk, reinsurance risk management, product design, benefits administration, actuarial risk modeling, risk transfer, risk management consulting, risk management tools, industry-specific risk solutions, global insurance markets, insurance industry analytics, benefits consulting for large organizations, risk management software, corporate risk, risk analytics, insurance solutions, insurance risk solutions, industry solutions, corporate risk advisory, actuarial analysis, insurance data platforms, actuarial modeling, financial services, risk data modeling, risk transfer products, reinsurance solutions, specialized risk solutions, risk consulting, data-driven decision making, client risk solutions, benefits administration systems, risk management technology, risk analytics for pensions, risk assessment, pension plan actuarial services, financial analytics, actuarial data platforms, actuarial modeling tools, data-driven insights, risk management innovation, client advisory, actuarial modeling software, risk assessment software, actuarial data analysis, actuarial consulting, insurance products, financial outcomes, pension and retirement analytics, risk forecasting, global risk services, advanced analytics, risk evaluation, insurance analytics, data science in insurance, investment analytics, enterprise risk management, risk analytics platforms, pension management, risk mitigation, risk data management, b2b, services, insurance agencies and brokerages, regulatory compliance, innovation, retirement planning, talent management, insurtech, insurance agencies & brokerages",http://www.linkedin.com/in/jade-bickerstaff,https://wtwco.com,http://www.linkedin.com/company/wtwcorporate,https://www.facebook.com/WTWcorporate,https://twitter.com/WTWcorporate,Brentwood,England,United Kingdom,"51 Lime Street, London, England, United Kingdom, EC3M 7DQ",London,England,United Kingdom,'+44 20 3124 6000,"Outlook, Microsoft Office 365, Microsoft Azure Hosting, OneTrust, Adobe Marketing Cloud, Marketo, Vimeo, WordPress.org, Ruby On Rails, ON24, New Relic, Highcharts JS Library, DoubleClick, Facebook Custom Audiences, Cvent, Mobile Friendly, Google Tag Manager, Bing Ads, Google Maps, Google AdWords Conversion, Cedexis Radar, Linkedin Marketing Solutions, Hubspot, Google Font API, Google Dynamic Remarketing, AddThis, Google Analytics, Nginx, Facebook Widget, Linkedin Widget, Facebook Login (Connect), Taleo, MediaMath, Adobe Media Optimizer, Gettyimages, Flashtalking, Webex, Google Maps (Non Paid Users), DoubleClick Conversion, Linkedin Login, DoubleClick Floodlight, YouTube",104941000,"","","","","","",false,false,false,false,"",68be916ff3789d0001595c11,68be9170f3789d0001595c31,"","","","","",""
Abid,Gill,IT Services Director,Charles Taylor,Charles Taylor,"",Unavailable,"","","","",Director,Information Technology,asndn@bunkerboxmail.com,"","",'+44 20 3320 2226,'+44 20 3320 8888,"",Cold,rackspace,"",asndn@bunkerboxmail.com,1900,insurance,"claims solutions, insuretech, insurance management, global insurance market, fraud prevention, air ambulance & repatriation, insurance services, document lifecycle, document processing, surge claims support, insurance technology, marine liabilities, insuretech saas, regulatory reporting, london market bordereaux management, data analytics, property insurance, digital core transformation, underwriting support, specialty lines insurance, document retrieval, natural resources insurance, risk assessment tools, aviation asset management, data ingestion, software development, specialist investigation services, cloud-based solutions, document compliance, document tagging, casualty insurance, energy insurance, document indexing, regulatory compliance, document management system, legacy systems upgrade, fraud detection, marine technical consultancy, real-time analytics, insurance fraud prevention, marine survey engineering, data integration, claims automation, third-party administration, claims management, policy administration, claims resolution, document access control, mutual insurance, complex insurance needs, document storage, engineering technical services, delegated authorities control, document versioning, document classification, marine survey services, market-leading solutions, governance technology, insurance broking, digital customer experience, document digitization, scientific consultancy, insuretech platform, loss adjusting, forensic accounting, marine insurance, technical insurance services, aviation insurance, document management, document integration, property & casualty risk management, document audit trail, document tracking, environmental technical services, risk management, digital experience modernization, international assistance, pre-deployment reports, operational efficiency, document workflow, document collaboration, digital transformation, document encryption, claims automation technology, document security, laboratory testing & analysis, claims support, claims processing, customer experience, insurance claims process optimization, b2b, consulting, services, other insurance related activities, managed services, information technology & services, computer & network security, enterprise software, enterprises, computer software, financial services",http://www.linkedin.com/in/abid-gill-6b5a011b,https://charlestaylor.com,http://www.linkedin.com/company/charles-taylor,"",https://twitter.com/ctcharlestaylor,London,England,United Kingdom,"Mincing Lane, London, England, United Kingdom, EC3R 7BB",London,England,United Kingdom,'+44 20 3320 8888,"Rackspace MailGun, Sendgrid, SendInBlue, Mimecast, UK Fast Hosting, Pardot, Microsoft Office 365, Amazon AWS, Amazon SES, Django Language, Mapbox, Hubspot, Google Tag Manager, Linkedin Marketing Solutions, Facebook Custom Audiences, Shutterstock, Mobile Friendly, Google Dynamic Remarketing, WordPress.org, Google Analytics, LeadForensics, Google AdWords Conversion, Sovrn, Google Font API, Facebook Widget, YouTube, DoubleClick Conversion, DoubleClick, DoubleClick Floodlight, Multilingual, Facebook Login (Connect), Django, Vimeo, reCAPTCHA, ShareThis, Nginx, AI",1000000000,"","","","","","",false,false,false,false,"",68be91accb63fc0001794ebd,68be91accb63fc0001794eeb,"","","","","",""
Nathan,Monk,"CIO, Executive Director of Technology.",Bank of England,Bank of England,nathan.monk@bankofengland.co.uk,Verified,Apollo,"",Not Catch-all,2025-09-04T09:59:56+00:00,C suite,"C-Suite, Information Technology",asndn@bunkerboxmail.com,"","",'+44 796 859 3542,'+44 20 7601 4878,"",Cold,rackspace,"",asndn@bunkerboxmail.com,6000,banking,"regulation, banknote counterfeit detection, interest rate policy, financial services, central bank, government, banknote counterfeit resilience, financial system oversight, banknote production, banknotes, cash handling security, cash circulation management, foreign reserves, banking services, banking supervision, systemic risk management, payment system oversight, banknote security features testing, inflation targeting, monetary policy, payment system management, counterfeit prevention, banknote circulation scheme, banknote security standards, banking, banknote authentication technology, banking regulation, financial oversight, banknote authentication, banknote circulation management, banknote security features innovation, banknote security features, central banking, bank supervision, banknote circulation control, payment systems, interest rate, banknote design, liquidity support, digital pound, banking oversight, economic stability, digital currency, banknote circulation, banknote design innovation, banknote security technology, financial stability, banknote security features development, interest rate management, currency management, interest rate setting, systemic risk, payment infrastructure, currency issuance, banknote security, payment system supervision, banknote quality control, banknote design process, financial regulation, cash handling security measures, banknote production process, inflation control, banknote security innovation, financial system resilience, cash distribution, b2b, services, asset management, risk management, regulatory compliance, governments",http://www.linkedin.com/in/nathanmonk1,https://bankofengland.co.uk,http://www.linkedin.com/company/bank-of-england,https://facebook.com/BOECONservativeC,https://twitter.com/bankofengland,"","",United Kingdom,"Threadneedle Street, England, United Kingdom, EC2R 8AY","",England,United Kingdom,'+44 20 7601 4878,"Akamai, Mimecast, Outlook, MailChimp SPF, Microsoft Azure Hosting, Microsoft Office 365, Microsoft-IIS, Google Tag Manager, WordPress.org, SOASTA, Mobile Friendly, Remote, AI",1078000000,"","","","","","",false,false,false,false,"",68be91accb63fc0001794ecc,68be9170f3789d0001595c33,"","","","","",""
Sehl,Akhtar,Director of IT Strategy and Digital Transformation,Howden,Howden,"",Unavailable,"","","","",Director,"Engineering & Technical, Information Technology, Operations",asndn@bunkerboxmail.com,"","",'+44 778 866 4318,'+44 20 7623 3806,'+44 20 7535 1110,Cold,rackspace,"",asndn@bunkerboxmail.com,12000,insurance,"insurance, reinsurance, employee benefits, broking, underwriting, risk consultancy, cyber, insurance innovation, insurance product development, insurance technology, market expertise, insurance product customization, insurance broker, bespoke insurance, insurance innovation technology, insurance broking, insurance claims innovation, market innovation, employee ownership model, insurance compliance, insurance consulting, insurance market trends, capital markets, insurance client services, technology investment, insurance automation, insurance market strategy, insurance market negotiation, market analysis, insurance digitalization, employee ownership, market negotiation, insurance negotiations, insurance market intelligence, local expertise, insurance regulatory, insurance industry leadership, insurance risk transfer mechanisms, insurance solutions, insurance sector expertise, international insurance network, global insurance, insurance sustainability initiatives, insurance digital transformation, insurance digital tools, insurance capacity building, insurance industry, tailored insurance solutions, insurance services, insurance sector, client relationships, insurance solutions innovation, insurance sector disruption, multinational clients, insurance platform, insurance risk transfer, specialist insurance, insurance market expansion, insurance market, insurance claims processing, insurance intermediary, insurance client relationship management, customized insurance programs, insurance digital platform, multinational insurance, mergers and acquisitions in insurance, insurance solutions provider, long-term relationships, client risk assessment, employee-owned, risk transfer solutions, innovative insurance, market disruption in insurance, b2b insurance, specialty insurance, insurance risk management, risk management, insurance client tailored solutions, insurance partnership networks, insurance risk consulting, insurance process automation, digital insurance, insurance partnerships, insurance market growth strategies, insurance data analytics, insurance claims management, insurance customer experience, insurance analytics, reinsurance broking, insurance coverage innovation, insurance coverage, trust and transparency, bespoke risk solutions, wholesale broking, insurance risk analysis, insurance underwriting, insurance data security, insurance data, insurance analytics tools, insurance policy management, client-centric, b2b, consulting, services, retail, insurance agencies and brokerages, oil and gas, pharmaceutical, digital transformation, risk assessment, financial services, insurance agencies & brokerages, oil & energy, medical",http://www.linkedin.com/in/sehl-akhtar-79b23a2,https://howdengroup.com,http://www.linkedin.com/company/howden-insurance,https://facebook.com/HowdenEquineInsurance/,https://twitter.com/howdenab,"","",United Kingdom,"5af Church Ln, London, Kentucky, United States, 40744-9196",London,Kentucky,United States,'+44 20 7623 3806,"CloudFlare CDN, Mimecast, Microsoft Office 365, CloudFlare Hosting, Drupal, VueJS, CloudFlare, Atlassian Cloud, Netlify, Acquia Cloud, Hubspot, Salesforce, DoubleClick Conversion, LeadForensics, Nginx, Apache, GoToWebinar, Facebook Login (Connect), Facebook Custom Audiences, Shutterstock, Workday Recruit, FullStory, New Relic, DoubleClick, Google Dynamic Remarketing, Bing Ads, Google Analytics, Vimeo, Google Tag Manager, Google Play, WordPress.org, Google AdSense, Highcharts JS Library, Facebook Widget, Adobe Media Optimizer, Optimizely, Mobile Friendly, Google Font API, Linkedin Marketing Solutions, Varnish, Cedexis Radar",3764000000,1100000000,Debt Financing,1100000000,2023-04-01T00:00:00+00:00,"","",false,false,false,false,"",68be916ff3789d0001595c17,68be9170f3789d0001595c32,"","","","","",""
Neil,Hendricks,IT Director,Hg,Hg,neil.hendricks@hgcapital.com,Verified,Apollo,"",Not Catch-all,2025-08-30T19:04:53+00:00,Director,Information Technology,asndn@bunkerboxmail.com,"","",'+44 794 137 5976,'+44 20 8396 0930,'+44 20 3998 8010,Cold,rackspace,"",asndn@bunkerboxmail.com,1600,venture capital & private equity,"technology & services, venture capital & private equity principals, private markets, asset management, private equity funds, business services, software investments, private equity, financial services, saas, private equity in financial services, portfolio management, buyouts, software, transatlantic markets, european tech champions, transatlantic investments, investment management, long-term growth, private equity in healthcare, private equity buyouts, software sector expertise, long-term investments, sustainable businesses, european markets, transatlantic tech investments, technology sector, strategic m&a in software, growth capital, digital transformation investments, it services, long-term partnerships, european sector focus, operational support, european software investor, sector specialization, long-term value creation, esg integration, b2b, services, other financial investment activities, digital transformation, payroll services, healthcare technology, enterprise software, cloud solutions, data analytics, financial planning, technology consulting, software as a service, risk management, financial technology, customer engagement, business intelligence, regulatory compliance, capital markets, market research, artificial intelligence, software development, computer software, information technology & services, venture capital & private equity, enterprises, cloud computing, management consulting, finance technology, analytics",http://www.linkedin.com/in/neilhendricks,https://hgcapital.com,http://www.linkedin.com/company/hgcapital,"",https://twitter.com/hgcapital,London,England,United Kingdom,"2 More London Riverside, England, United Kingdom, SE1 2JP","",England,United Kingdom,'+44 20 8396 0930,"CSC Corporate Domains, Sendgrid, Mimecast, Outlook, Amazon AWS, Cedexis Radar, Adobe Media Optimizer, Google Font API, Mobile Friendly, Telligent, WordPress.org, Typekit, Vimeo, Google Tag Manager, Incapsula, Remote, AI",20000000000,1952160000,Other,1952160000,2018-10-01T00:00:00+00:00,"","",false,false,false,false,"",68be91947f19250001c07aab,68be91957f19250001c07ad3,"","","","","",""
John,McGuigan,"Director, Global IT Operations Manager",Permira,Permira,"",Unavailable,"","","","",Director,"Information Technology, Operations",asndn@bunkerboxmail.com,"","",'+44 77 6802 0407,'+44 20 7632 1000,'+1 212-386-7472,Cold,rackspace,"",asndn@bunkerboxmail.com,670,venture capital & private equity,"private equity, longterm investment, buyout, consumer, technology, healthcare, growth equity, services, direct lending, clo management, private credit, climate, credit opportunities, alternative investment, venture capital & private equity principals, private equity funds, consumer market expansion, venture capital & private equity, healthcare investments, management partnership, operational improvements, global presence, investment management, strategic partnerships, global reach, credit funds, technology sector, growth capital funding, growth capital, mergers and acquisitions, private capital, institutional investors, market disruption, private equity portfolio, portfolio company support, regional offices, partnership approach, sector-specific expertise, digital innovation, sector-specific value creation, sector focus, sustainable investment approach, disruptive trends, disruptive innovation support, investment team, technology sector growth, company transformation, long-term investment, technology-enabled growth, growth strategies, global investment platform, disruptive trends analysis, strategic growth, private equity value creation, credit investment strategies, healthcare sector, consumer investments, investment in innovation, long-term strategic growth, international offices, credit fund management, long-term value creation, portfolio companies, private markets, portfolio company transformation, disruptive technology, healthcare sector investments, sustainable investing, sustainable investment practices, long-term value, thematic approach, sector expertise, market growth, private capital markets, long-term partnership, credit strategies, market leadership, sustainable business growth, value creation tools, operational support, sector-focused investments, value creation, investment partnership, company scaling strategies, investment philosophy, market leadership development, long-term value focus, sustainable growth, digital transformation, market leadership strategies, consumer sector, private equity investments, investment in technology, financial services, portfolio management, investment support, sector expertise in healthcare, company scaling, global offices, long-term growth, global investment, investment strategies, value-based investing, capital management, investment partners, technology investments, consumer sector investments, value-based investment, market expansion, digital transformation support, market expansion initiatives, management collaboration, global investment network, b2b, other financial investment activities, health care, health, wellness & fitness, hospital & health care, mergers & acquisitions",http://www.linkedin.com/in/john-mcguigan-235b3538,https://permira.com,http://www.linkedin.com/company/permira,"",http://www.twitter.com/PermiraNews,"","",United Kingdom,"80 Pall Mall, England, United Kingdom, SW1Y 5ES","",England,United Kingdom,'+44 20 7632 1000,"Amazon CloudFront, Route 53, Mimecast, Amazon AWS, Amazon SES, Atlassian Cloud, React, Campaign Monitor, Vimeo, Google Tag Manager, Google Maps, Hotjar, Google Analytics, Twitter Advertising, Adobe Media Optimizer, WordPress.org, Shutterstock, ShareThis, Zendesk, Mobile Friendly, Cedexis Radar, Linkedin Marketing Solutions, Google Font API, Android, Remote, AI, Data Analytics",85000000,26633123300,Debt Financing,359664300,2023-09-01T00:00:00+00:00,"","",false,false,false,false,"",68be91accb63fc0001794ec2,68be91accb63fc0001794eec,"","","","","",""
Alastair,Gunn,"Director, AI & Modelling",PwC,PwC,"",Unavailable,"","","","",Director,Engineering & Technical,asndn@bunkerboxmail.com,"","","",'+44 20 7583 5000,'+44 794 902 6187,Cold,rackspace,"",asndn@bunkerboxmail.com,370000,professional training & coaching,"assurance, tax, advisory, professional services, cyber resilience, market insights, ai solutions, legal services, legal, digital innovation, regulatory technology, digital assurance, private equity, financial services, government, family enterprise services, esg strategy, risk and controls solutions, cloud computing, digital risk assessment, sustainability strategy, trust building, climate change advisory, stakeholder trust, tax services, global presence, private client services, ai, regulatory compliance, regulatory reporting automation, sustainable finance, business transformation, corporate governance frameworks, trust and transparency solutions, global network, esg data management, industry expertise, performance improvement, private business consulting, sustainability, family business succession, corporate strategy, climate risk analytics, climate risk management, client advisory, risk management, climate change, esg reporting, legal services in consulting, consulting, corporate social responsibility, mergers and acquisitions, family business, corporate governance assessments, data analytics, technology, enterprise risk, regulatory advisory, healthcare, cybersecurity, data security, digital trust, financial advisory, audit, regulatory compliance automation, climate change reporting, innovation, regulatory reporting, sustainability and climate change, private equity advisory, corporate governance, digital risk management, digital transformation, audit and assurance, b2b, services, accounting, tax preparation, bookkeeping, and payroll services, cloud solutions, media, telecommunications, managed services, customer experience, operational efficiency, leadership development, professional training & coaching, governments, enterprise software, enterprises, computer software, information technology & services, environmental services, renewables & environment, mergers & acquisitions, health care, health, wellness & fitness, hospital & health care, computer & network security, financial consulting, management consulting",http://www.linkedin.com/in/alastair-gunn,https://pwc.com,http://www.linkedin.com/company/pwc,https://facebook.com/lifeatpwc,https://twitter.com/PwCUS,Durham,England,United Kingdom,"1 Embankment Place, London, United Kingdom, WC2N 5NP",London,"",United Kingdom,'+44 20 7583 5000,"Akamai, CSC Corporate Domains, Gmail, Google Apps, Microsoft Office 365, DemandBase, Drupal, VueJS, Salesforce, Microsoft Application Insights, Atlassian Cloud, Microsoft Power BI, OneTrust, React Redux, Datadog, Adobe Marketing Cloud, Adobe CQ, Eloqua, MongoDB, SuccessFactors (SAP), Amazon SES, LiveRamp, Taboola, Hotjar, SOASTA, Vimeo, The Trade Desk, Sizmek (MediaMind), Apache, Greenhouse.io, Cedexis Radar, Amadesa, Intercom, Gettyimages, SharpSpring, WordPress.org, Google translate API, Google translate widget, Google AdWords Conversion, Google Font API, Google Places, Google Analytics, GoToWebinar, Yahoo Analytics, Yahoo Ad Manager Plus, Open AdStream (Appnexus), eRecruit, Facebook Widget, FullStory, Linkedin Marketing Solutions, Wistia, Qualtrics, MouseFlow, Google Play, Adobe Media Optimizer, Dropbox, Shutterstock, Google Plus, YouTube, Turn, DoubleClick Floodlight, Google Maps, iTunes, Linkedin Widget, Marketo, Formstack, Adform, Bootstrap Framework, Google Tag Manager, AT Internet, Ruby On Rails, Stripe, iGoDigital, Highcharts JS Library, Kaltura, FreakOut, Google Dynamic Remarketing, DoubleClick Conversion, Facebook Custom Audiences, Webex, ON24, MicroAd, MailChimp, SoundCloud, DoubleClick, Perfect Audience, Adobe TestAndTarget, Twitter Advertising, reCAPTCHA, Cornerstone On Demand, AppNexus, AngularJS, CrazyEgg, Workday Recruit, JQuery 1.11.1, Cvent, Omniture (Adobe), Bing Ads, Scene7, Facebook Login (Connect), Mobile Friendly",55381000000,"","","","","","",false,false,false,false,"",68be916ff3789d0001595c05,68be9170f3789d0001595c34,"","","","","",""
Jon,Davies,Director of IT,Progeny,Progeny,jon.davies@theprogenygroup.com,Verified,Apollo,"",Not Catch-all,2025-08-26T12:18:07+00:00,Director,Information Technology,asndn@bunkerboxmail.com,"","","",'+44 113 519 4549,'+44 113 487 2245,Cold,rackspace,"",asndn@bunkerboxmail.com,390,financial services,"wealth management, strategic financial planning, asset management, investment services, corporate legal services, private legal services, hr consultancy, tax services, real estate, conveyancing, mortgage advice, outsourced hr, financial planning, private wealth management, business succession, legal & tax integration, tax compliance, complex asset management, legal expertise, holistic approach, global advisory network, legal & tax advisory, family wealth, global family wealth, business exits, tax planning, global advisory, client-centric service, tax efficiency, asset protection strategies, asset structuring for families, family wealth structuring, wealth & tax advisory, international estate planning, tax advisory, inheritance tax planning, complex needs, tax planning for expatriates, wealth management solutions, international tax planning, complex financial needs, business exit strategies, financial advice, tax optimization for families, retirement planning, inheritance planning, high-net-worth advisory, cross-border wealth management, independent advice, chartered financial planners, complex family wealth, succession planning strategies, wealth preservation strategies, multi-specialist team, multi-jurisdictional planning, complex financial solutions, family office services, tax optimization, legal support, holistic wealth planning, retirement solutions, holistic financial advice, client-centric, wealth transfer strategies, wealth growth, asset management solutions, estate planning, business succession planning, legal services, investment advisory, business & family wealth, legal & tax solutions, legal & financial integration, tax compliance services, tax structuring, tax-efficient investments, high-net-worth tax planning, multi-disciplinary team, global reach, family office, family office setup, personalized service, succession planning, financial services, financial planning tools, estate & succession, wealth preservation, global service, client goals, succession & estate planning, inheritance tax, private client services, legal & tax synergy, asset protection, investment management, legal advisory, business planning, financial strategy, personalized advice, multi-disciplinary advisory, b2b, b2c, consulting, services, management consulting services, corporate law, portfolio management, risk management, corporate finance, law practice",http://www.linkedin.com/in/jon-davies-87711195,https://theprogenygroup.com,http://www.linkedin.com/company/theprogenygroup,https://facebook.com/theprogenygroup/,https://twitter.com/theprogenygroup,Leeds,England,United Kingdom,"Leeds, England, United Kingdom",Leeds,England,United Kingdom,'+44 113 519 4549,"Cloudflare DNS, Rackspace MailGun, Mimecast, Outlook, Microsoft Office 365, MessageGears, Hubspot, Microsoft Dynamics 365 Marketing, Flywheel, Angular JS v1, WordPress.org, Gravity Forms, Google Tag Manager, Mobile Friendly, reCAPTCHA, ShareThis, ClickDimensions, Reviews, Remote",13000000,"","","","",Further Global Capital Management (furtherglobal.com),"",false,false,false,false,"",68be916ff3789d0001595c14,68be9170f3789d0001595c3a,"","","","","",""
Sanja,Hukovic,"Group Director, Head of Model and AI Risk Management",LSEG,LSEG,sanja.hukovic@lseg.com,Verified,Apollo,"",Not Catch-all,2025-09-02T11:21:25+00:00,Head,"Engineering & Technical, Legal",asndn@bunkerboxmail.com,"","","",'+44 20 7797 1000,"",Cold,rackspace,"",asndn@bunkerboxmail.com,24000,financial services,"capital markets, posttrade services, information services, technology services, trade execution, esg data, market surveillance, market indices, financial services, workflow automation, analytics tools, trade lifecycle, financial technology, financial data feeds, post trade services, analytics, market connectivity, capital formation, index benchmarking, regulatory reporting, market data, data integration, market stability, market infrastructure, financial markets infrastructure, market regulation, clearing and settlement, market analytics, risk management, cloud infrastructure, risk solutions, market data feeds, post trade, data analytics, financial risk mitigation, index products, capital efficiency, trading platforms, sustainable finance, financial data, trade clearing, ai analytics, indices, b2b, services, securities and commodity contracts intermediation and brokerage, innovation, regulatory compliance, operational efficiency, portfolio management, machine learning, data management, risk assessment, information technology & services, finance technology, enterprise software, enterprises, computer software, internet infrastructure, internet, artificial intelligence",http://www.linkedin.com/in/sanja-hukovic,https://lseg.com,http://www.linkedin.com/company/london-stock-exchange-group,"",https://twitter.com/LSEGplc,London,England,United Kingdom,"10 Paternoster Square, England, United Kingdom, EC4M 7DX","",England,United Kingdom,'+44 20 7797 1000,"Amazon CloudFront, Salesforce, Cloudflare DNS, Route 53, Amazon SES, Mimecast, Outlook, Pardot, Amazon AWS, CloudFlare Hosting, Drupal, VueJS, Drift, React Redux, Adobe CQ, Eloqua, Adobe Marketing Cloud, Omniture (Adobe), Datadog, Salesforce Live Agent, Figma, Workday, DoubleClick Floodlight, Google Play, Google Tag Manager, Google Analytics Ecommerce Tracking, Adobe Media Optimizer, Facebook Login (Connect), Google AdSense, Bootstrap Framework, Amadesa, Linkedin Marketing Solutions, Wistia, Multilingual, Ruby On Rails, Google AdWords Conversion, WordPress.org, DoubleClick, YouTube, Google Font API, Workday Recruit, Facebook Custom Audiences, Google Dynamic Remarketing, DoubleClick Conversion, Vidyard, Elasticsearch, Qualtrics, reCAPTCHA, Kaltura, Google Plus, Amazon Associates, Facebook Widget, LiveRamp, Vimeo, Apache, Shutterstock, Bing Ads, DocuSign, Mobile Friendly, Quantcast, Cedexis Radar, Google Analytics",11989549000,"","","","","","",false,false,false,false,"",68be91947f19250001c07aa3,68be91957f19250001c07ad0,"","","","","",""
Patrice,Ropert,Director Fixed Income IT,Commerzbank AG,Commerzbank AG,patrice.ropert@commerzbank.com,Verified,Apollo,"",Not Catch-all,2025-08-21T10:19:00+00:00,Director,Information Technology,asndn@bunkerboxmail.com,"","","",'+49 69 13620,'+44 790 334 7230,Cold,rackspace,"",asndn@bunkerboxmail.com,40000,banking,"financial services, long history, digital banking services, customer experience, global presence, customer-centric approach, blockchain payments, financial solutions, sme financing, large corporations, germany banking, trade finance solutions, mobile payment solutions, financial data security, digital wealth management, climate finance, international trade support, digital onboarding, international banking, mobile banking, cloud banking, banking solutions, financial stability, sustainable investment, cross-border transactions, blockchain in banking, financial services innovation, corporate lending, customer support, green bonds, fintech partnerships, asset management, sustainable banking, financial consulting, banking compliance, bank partnerships, digital banking, banking services, fintech integration, fintech-driven banking, digital solutions, corporate banking, banking digitalization, branch network, banking apps, sustainable banking products, financial products, sme banking, digital onboarding process, investment banking, financial partnerships, private customers, impact investing, commercial banking, banking and financial services, customized financial products, banking for entrepreneurs, regulatory compliance, capital market services, cybersecurity in banking, private banking, banking technology, smes, corporate finance, banking customer service, trade finance, global footprint, banking security, esg banking, wealth management, banking infrastructure, banking analytics, automated credit scoring, retail banking, bank network, financial advisory, banking apis, universal bank, digital transformation, financial market expertise, capital markets, online banking, digital client onboarding, digital payments, financial technology, ai in banking, sustainable finance, financial risk assessment, mortgages, financial innovation, bank history, online account opening, financial planning, green banking, banking operations, risk management, digital asset management, financial regulation, cash management, banking modernization, banking automation, customer service, financial resilience, business banking, wealth planning, b2b, b2c, services, retail, innovation, sustainability, compliance, performance, banking, loans, retirement planning, portfolio management, payment processing, cyber security, financial reporting, management consulting, investment management, consulting, finance technology, information technology & services, environmental services, renewables & environment, computer & network security",http://www.linkedin.com/in/patrice-ropert-368133b2,https://commerzbank.de,http://www.linkedin.com/company/commerzbank-ag,https://www.facebook.com/commerzbank,https://twitter.com/commerzbank,"",England,United Kingdom,"16 Kaiserstrasse, Frankfurt am Main, Hessen, Germany, 60311",Frankfurt am Main,Hessen,Germany,'+49 69 13620,"Outlook, Microsoft Office 365, Zendesk, Typeform, VueJS, React Redux, ExactTarget, DoubleClick Conversion, Google Font API, Facebook Widget, Facebook Login (Connect), Criteo, Adobe Media Optimizer, DoubleClick Floodlight, Facebook Custom Audiences, Google Dynamic Remarketing, Highcharts JS Library, Vimeo, DoubleClick, Mobile Friendly, Ruxit, Apache, Nginx, Google Analytics, Google Tag Manager, Google AdWords Conversion, Google Play, Bootstrap Framework, Google Maps (Non Paid Users), Cedexis Radar, Google Maps, Taleo, WordPress.org, ADX Studio, Etracker",27090279000,"","","","","","",false,false,false,false,"",68be91accb63fc0001794ec1,68be9170f3789d0001595c35,"","","","","",""
Sarah,Self,Artificial Intelligence Director,Aviva,Aviva,sarah.self@aviva.com,Verified,Apollo,"",Catch-all,2025-08-25T11:12:13+00:00,Director,Engineering & Technical,asndn@bunkerboxmail.com,"","",'+44 774 832 0794,'+44 20 7283 2000,'+44 11 5137 6620,Cold,rackspace,"",asndn@bunkerboxmail.com,30000,insurance,"retirement, investments, insurance, health, insurtech, protection, wealth, firemen employment, insurance mergers, brand recognition, diversified insurer, financial services, first burglary policy, wealth accumulation, heritage, long-standing insurer, investment management, general insurance products, retirement solutions, life insurance, global insurance, trustworthy insurer, mutual insurer, pensions, mutual fire insurer, customer loyalty, wealth management, life insurance policies, risk management, market leader, health coverage, heritage of innovation, general insurance, health insurance, insurance history, long heritage, international insurance markets, innovation in insurance, heritage brand, product portfolio, heritage insurance company, brand marketing, customer service, customer-centric, investment services, b2c, d2c, services, retail, insurance agencies and brokerages, digital transformation, customer engagement, innovation, asset management, employee benefits, sustainability, retirement planning, financial planning, customer experience, marketing & advertising, enterprise software, enterprises, computer software, information technology & services, b2b, insurance agencies & brokerages, environmental services, renewables & environment",http://www.linkedin.com/in/sarah-self-ba0b0642,https://aviva.com,http://www.linkedin.com/company/aviva-plc,https://facebook.com/Aviva/,https://twitter.com/avivaplc,Norwich,England,United Kingdom,"1 Undershaft, London, England, United Kingdom, EC3A 8AB",London,England,United Kingdom,'+44 20 7283 2000,"Akamai, CSC Corporate Domains, Amazon AWS, Adobe Marketing Cloud, Zendesk, OneTrust, React Redux, Salesforce, Drupal, Datadog, Pardot, Workday, Campaign Monitor, Freshdesk, MailJet, Decibel Insight, Twitter Advertising, Google Dynamic Remarketing, reCAPTCHA, Google Tag Manager, Facebook Login (Connect), AppDynamics, Facebook Widget, Zencoder, DoubleClick Conversion, Google Font API, DoubleClick, Facebook Custom Audiences, Linkedin Marketing Solutions, Workday Recruit, Adobe Media Optimizer, Mobile Friendly, Bing Ads, Omniture (Adobe), Google Analytics, DoubleClick Floodlight, Google Maps (Non Paid Users), Google Maps, Vimeo, Google AdWords Conversion, Trustpilot, Shutterstock, TouchCommerce, Amazon Associates, Qualtrics, Cedexis Radar, AppNexus, Google Play, Bootstrap Framework, Google AdSense, Adobe TestAndTarget, Highcharts JS Library, New Relic, Sophus 3 eMetrics, Teads, Hotjar, AngularJS, IoT, Remote, AI",39872748000,"","","","",Irish Life (irishlife.ie),"",false,false,false,false,"",68be916ff3789d0001595c10,68be9170f3789d0001595c39,"","","","","",""
Aslam,Ismail,Finance & IT Director,Howden,Howden,aslam_ismail@howdengroupholdings.com,Verified,Apollo,"",Catch-all,2025-08-21T11:26:43+00:00,Director,"Finance, Information Technology",asndn@bunkerboxmail.com,"","","",'+44 20 7623 3806,'+44 121 698 8062,Cold,rackspace,"",asndn@bunkerboxmail.com,12000,insurance,"insurance, reinsurance, employee benefits, broking, underwriting, risk consultancy, cyber, insurance innovation, insurance product development, insurance technology, market expertise, insurance product customization, insurance broker, bespoke insurance, insurance innovation technology, insurance broking, insurance claims innovation, market innovation, employee ownership model, insurance compliance, insurance consulting, insurance market trends, capital markets, insurance client services, technology investment, insurance automation, insurance market strategy, insurance market negotiation, market analysis, insurance digitalization, employee ownership, market negotiation, insurance negotiations, insurance market intelligence, local expertise, insurance regulatory, insurance industry leadership, insurance risk transfer mechanisms, insurance solutions, insurance sector expertise, international insurance network, global insurance, insurance sustainability initiatives, insurance digital transformation, insurance digital tools, insurance capacity building, insurance industry, tailored insurance solutions, insurance services, insurance sector, client relationships, insurance solutions innovation, insurance sector disruption, multinational clients, insurance platform, insurance risk transfer, specialist insurance, insurance market expansion, insurance market, insurance claims processing, insurance intermediary, insurance client relationship management, customized insurance programs, insurance digital platform, multinational insurance, mergers and acquisitions in insurance, insurance solutions provider, long-term relationships, client risk assessment, employee-owned, risk transfer solutions, innovative insurance, market disruption in insurance, b2b insurance, specialty insurance, insurance risk management, risk management, insurance client tailored solutions, insurance partnership networks, insurance risk consulting, insurance process automation, digital insurance, insurance partnerships, insurance market growth strategies, insurance data analytics, insurance claims management, insurance customer experience, insurance analytics, reinsurance broking, insurance coverage innovation, insurance coverage, trust and transparency, bespoke risk solutions, wholesale broking, insurance risk analysis, insurance underwriting, insurance data security, insurance data, insurance analytics tools, insurance policy management, client-centric, b2b, consulting, services, retail, insurance agencies and brokerages, oil and gas, pharmaceutical, digital transformation, risk assessment, financial services, insurance agencies & brokerages, oil & energy, medical",http://www.linkedin.com/in/aslam-ismail-44720843,https://howdengroup.com,http://www.linkedin.com/company/howden-insurance,https://facebook.com/HowdenEquineInsurance/,https://twitter.com/howdenab,"",England,United Kingdom,"5af Church Ln, London, Kentucky, United States, 40744-9196",London,Kentucky,United States,'+44 20 7623 3806,"CloudFlare CDN, Mimecast, Microsoft Office 365, CloudFlare Hosting, Drupal, VueJS, CloudFlare, Atlassian Cloud, Netlify, Acquia Cloud, Hubspot, Salesforce, DoubleClick Conversion, LeadForensics, Nginx, Apache, GoToWebinar, Facebook Login (Connect), Facebook Custom Audiences, Shutterstock, Workday Recruit, FullStory, New Relic, DoubleClick, Google Dynamic Remarketing, Bing Ads, Google Analytics, Vimeo, Google Tag Manager, Google Play, WordPress.org, Google AdSense, Highcharts JS Library, Facebook Widget, Adobe Media Optimizer, Optimizely, Mobile Friendly, Google Font API, Linkedin Marketing Solutions, Varnish, Cedexis Radar",3764000000,1100000000,Debt Financing,1100000000,2023-04-01T00:00:00+00:00,"","",false,false,false,false,"",68be91947f19250001c07a9d,68be9170f3789d0001595c32,"","","","","",""
Luke,Sheridan,Director Cloud and AI,PwC,PwC,"",Unavailable,"","","","",Director,Engineering & Technical,asndn@bunkerboxmail.com,"","","",'+44 20 7583 5000,"",Cold,rackspace,"",asndn@bunkerboxmail.com,370000,professional training & coaching,"assurance, tax, advisory, professional services, cyber resilience, market insights, ai solutions, legal services, legal, digital innovation, regulatory technology, digital assurance, private equity, financial services, government, family enterprise services, esg strategy, risk and controls solutions, cloud computing, digital risk assessment, sustainability strategy, trust building, climate change advisory, stakeholder trust, tax services, global presence, private client services, ai, regulatory compliance, regulatory reporting automation, sustainable finance, business transformation, corporate governance frameworks, trust and transparency solutions, global network, esg data management, industry expertise, performance improvement, private business consulting, sustainability, family business succession, corporate strategy, climate risk analytics, climate risk management, client advisory, risk management, climate change, esg reporting, legal services in consulting, consulting, corporate social responsibility, mergers and acquisitions, family business, corporate governance assessments, data analytics, technology, enterprise risk, regulatory advisory, healthcare, cybersecurity, data security, digital trust, financial advisory, audit, regulatory compliance automation, climate change reporting, innovation, regulatory reporting, sustainability and climate change, private equity advisory, corporate governance, digital risk management, digital transformation, audit and assurance, b2b, services, accounting, tax preparation, bookkeeping, and payroll services, cloud solutions, media, telecommunications, managed services, customer experience, operational efficiency, leadership development, professional training & coaching, governments, enterprise software, enterprises, computer software, information technology & services, environmental services, renewables & environment, mergers & acquisitions, health care, health, wellness & fitness, hospital & health care, computer & network security, financial consulting, management consulting",http://www.linkedin.com/in/luke-sheridan-933307222,https://pwc.com,http://www.linkedin.com/company/pwc,https://facebook.com/lifeatpwc,https://twitter.com/PwCUS,"","",United Kingdom,"1 Embankment Place, London, United Kingdom, WC2N 5NP",London,"",United Kingdom,'+44 20 7583 5000,"Akamai, CSC Corporate Domains, Gmail, Google Apps, Microsoft Office 365, DemandBase, Drupal, VueJS, Salesforce, Microsoft Application Insights, Atlassian Cloud, Microsoft Power BI, OneTrust, React Redux, Datadog, Adobe Marketing Cloud, Adobe CQ, Eloqua, MongoDB, SuccessFactors (SAP), Amazon SES, LiveRamp, Taboola, Hotjar, SOASTA, Vimeo, The Trade Desk, Sizmek (MediaMind), Apache, Greenhouse.io, Cedexis Radar, Amadesa, Intercom, Gettyimages, SharpSpring, WordPress.org, Google translate API, Google translate widget, Google AdWords Conversion, Google Font API, Google Places, Google Analytics, GoToWebinar, Yahoo Analytics, Yahoo Ad Manager Plus, Open AdStream (Appnexus), eRecruit, Facebook Widget, FullStory, Linkedin Marketing Solutions, Wistia, Qualtrics, MouseFlow, Google Play, Adobe Media Optimizer, Dropbox, Shutterstock, Google Plus, YouTube, Turn, DoubleClick Floodlight, Google Maps, iTunes, Linkedin Widget, Marketo, Formstack, Adform, Bootstrap Framework, Google Tag Manager, AT Internet, Ruby On Rails, Stripe, iGoDigital, Highcharts JS Library, Kaltura, FreakOut, Google Dynamic Remarketing, DoubleClick Conversion, Facebook Custom Audiences, Webex, ON24, MicroAd, MailChimp, SoundCloud, DoubleClick, Perfect Audience, Adobe TestAndTarget, Twitter Advertising, reCAPTCHA, Cornerstone On Demand, AppNexus, AngularJS, CrazyEgg, Workday Recruit, JQuery 1.11.1, Cvent, Omniture (Adobe), Bing Ads, Scene7, Facebook Login (Connect), Mobile Friendly",55381000000,"","","","","","",false,false,false,false,"",68be91947f19250001c07aa4,68be9170f3789d0001595c34,"","","","","",""
Ross,Stokoe,Director of Product - Generative AI and Quant Modelling Services,LSEG,LSEG,ross.stokoe@lseg.com,Verified,Apollo,"",Not Catch-all,2025-08-13T16:24:38+00:00,Director,"Product, Engineering & Technical",asndn@bunkerboxmail.com,"","",'+44 75 6185 2905,'+44 20 7797 1000,'+44 20 7541 3320,Cold,rackspace,"",asndn@bunkerboxmail.com,24000,financial services,"capital markets, posttrade services, information services, technology services, trade execution, esg data, market surveillance, market indices, financial services, workflow automation, analytics tools, trade lifecycle, financial technology, financial data feeds, post trade services, analytics, market connectivity, capital formation, index benchmarking, regulatory reporting, market data, data integration, market stability, market infrastructure, financial markets infrastructure, market regulation, clearing and settlement, market analytics, risk management, cloud infrastructure, risk solutions, market data feeds, post trade, data analytics, financial risk mitigation, index products, capital efficiency, trading platforms, sustainable finance, financial data, trade clearing, ai analytics, indices, b2b, services, securities and commodity contracts intermediation and brokerage, innovation, regulatory compliance, operational efficiency, portfolio management, machine learning, data management, risk assessment, information technology & services, finance technology, enterprise software, enterprises, computer software, internet infrastructure, internet, artificial intelligence",http://www.linkedin.com/in/rossstokoe,https://lseg.com,http://www.linkedin.com/company/london-stock-exchange-group,"",https://twitter.com/LSEGplc,London,England,United Kingdom,"10 Paternoster Square, England, United Kingdom, EC4M 7DX","",England,United Kingdom,'+44 20 7797 1000,"Amazon CloudFront, Salesforce, Cloudflare DNS, Route 53, Amazon SES, Mimecast, Outlook, Pardot, Amazon AWS, CloudFlare Hosting, Drupal, VueJS, Drift, React Redux, Adobe CQ, Eloqua, Adobe Marketing Cloud, Omniture (Adobe), Datadog, Salesforce Live Agent, Figma, Workday, DoubleClick Floodlight, Google Play, Google Tag Manager, Google Analytics Ecommerce Tracking, Adobe Media Optimizer, Facebook Login (Connect), Google AdSense, Bootstrap Framework, Amadesa, Linkedin Marketing Solutions, Wistia, Multilingual, Ruby On Rails, Google AdWords Conversion, WordPress.org, DoubleClick, YouTube, Google Font API, Workday Recruit, Facebook Custom Audiences, Google Dynamic Remarketing, DoubleClick Conversion, Vidyard, Elasticsearch, Qualtrics, reCAPTCHA, Kaltura, Google Plus, Amazon Associates, Facebook Widget, LiveRamp, Vimeo, Apache, Shutterstock, Bing Ads, DocuSign, Mobile Friendly, Quantcast, Cedexis Radar, Google Analytics",11989549000,"","","","","","",false,false,false,false,"",68be91947f19250001c07aaa,68be91957f19250001c07ad0,"","","","","",""
Shakir,Ladak,"Director, IT",Commerzbank AG,Commerzbank AG,"",Unavailable,"","","","",Director,Information Technology,asndn@bunkerboxmail.com,"","",'+44 781 389 2780,'+49 69 13620,"",Cold,rackspace,"",asndn@bunkerboxmail.com,40000,banking,"financial services, long history, digital banking services, customer experience, global presence, customer-centric approach, blockchain payments, financial solutions, sme financing, large corporations, germany banking, trade finance solutions, mobile payment solutions, financial data security, digital wealth management, climate finance, international trade support, digital onboarding, international banking, mobile banking, cloud banking, banking solutions, financial stability, sustainable investment, cross-border transactions, blockchain in banking, financial services innovation, corporate lending, customer support, green bonds, fintech partnerships, asset management, sustainable banking, financial consulting, banking compliance, bank partnerships, digital banking, banking services, fintech integration, fintech-driven banking, digital solutions, corporate banking, banking digitalization, branch network, banking apps, sustainable banking products, financial products, sme banking, digital onboarding process, investment banking, financial partnerships, private customers, impact investing, commercial banking, banking and financial services, customized financial products, banking for entrepreneurs, regulatory compliance, capital market services, cybersecurity in banking, private banking, banking technology, smes, corporate finance, banking customer service, trade finance, global footprint, banking security, esg banking, wealth management, banking infrastructure, banking analytics, automated credit scoring, retail banking, bank network, financial advisory, banking apis, universal bank, digital transformation, financial market expertise, capital markets, online banking, digital client onboarding, digital payments, financial technology, ai in banking, sustainable finance, financial risk assessment, mortgages, financial innovation, bank history, online account opening, financial planning, green banking, banking operations, risk management, digital asset management, financial regulation, cash management, banking modernization, banking automation, customer service, financial resilience, business banking, wealth planning, b2b, b2c, services, retail, innovation, sustainability, compliance, performance, banking, loans, retirement planning, portfolio management, payment processing, cyber security, financial reporting, management consulting, investment management, consulting, finance technology, information technology & services, environmental services, renewables & environment, computer & network security",http://www.linkedin.com/in/shakir-ladak-8168ab,https://commerzbank.de,http://www.linkedin.com/company/commerzbank-ag,https://www.facebook.com/commerzbank,https://twitter.com/commerzbank,"","",United Kingdom,"16 Kaiserstrasse, Frankfurt am Main, Hessen, Germany, 60311",Frankfurt am Main,Hessen,Germany,'+49 69 13620,"Outlook, Microsoft Office 365, Zendesk, Typeform, VueJS, React Redux, ExactTarget, DoubleClick Conversion, Google Font API, Facebook Widget, Facebook Login (Connect), Criteo, Adobe Media Optimizer, DoubleClick Floodlight, Facebook Custom Audiences, Google Dynamic Remarketing, Highcharts JS Library, Vimeo, DoubleClick, Mobile Friendly, Ruxit, Apache, Nginx, Google Analytics, Google Tag Manager, Google AdWords Conversion, Google Play, Bootstrap Framework, Google Maps (Non Paid Users), Cedexis Radar, Google Maps, Taleo, WordPress.org, ADX Studio, Etracker",27090279000,"","","","","","",false,false,false,false,"",68be916ff3789d0001595c07,68be9170f3789d0001595c35,"","","","","",""
Matt,Came,Cio/cto Advisory / Digital Transformation Director,PwC,PwC,matt.came@pwc.com,Verified,Apollo,"",Catch-all,2025-09-08T00:33:14+00:00,C suite,"C-Suite, Engineering & Technical, Information Technology",asndn@bunkerboxmail.com,"","","",'+44 20 7583 5000,'+44 773 831 0071,Cold,rackspace,"",asndn@bunkerboxmail.com,370000,professional training & coaching,"assurance, tax, advisory, professional services, cyber resilience, market insights, ai solutions, legal services, legal, digital innovation, regulatory technology, digital assurance, private equity, financial services, government, family enterprise services, esg strategy, risk and controls solutions, cloud computing, digital risk assessment, sustainability strategy, trust building, climate change advisory, stakeholder trust, tax services, global presence, private client services, ai, regulatory compliance, regulatory reporting automation, sustainable finance, business transformation, corporate governance frameworks, trust and transparency solutions, global network, esg data management, industry expertise, performance improvement, private business consulting, sustainability, family business succession, corporate strategy, climate risk analytics, climate risk management, client advisory, risk management, climate change, esg reporting, legal services in consulting, consulting, corporate social responsibility, mergers and acquisitions, family business, corporate governance assessments, data analytics, technology, enterprise risk, regulatory advisory, healthcare, cybersecurity, data security, digital trust, financial advisory, audit, regulatory compliance automation, climate change reporting, innovation, regulatory reporting, sustainability and climate change, private equity advisory, corporate governance, digital risk management, digital transformation, audit and assurance, b2b, services, accounting, tax preparation, bookkeeping, and payroll services, cloud solutions, media, telecommunications, managed services, customer experience, operational efficiency, leadership development, professional training & coaching, governments, enterprise software, enterprises, computer software, information technology & services, environmental services, renewables & environment, mergers & acquisitions, health care, health, wellness & fitness, hospital & health care, computer & network security, financial consulting, management consulting",http://www.linkedin.com/in/matt-came,https://pwc.com,http://www.linkedin.com/company/pwc,https://facebook.com/lifeatpwc,https://twitter.com/PwCUS,Farnborough,England,United Kingdom,"1 Embankment Place, London, United Kingdom, WC2N 5NP",London,"",United Kingdom,'+44 20 7583 5000,"Akamai, CSC Corporate Domains, Gmail, Google Apps, Microsoft Office 365, DemandBase, Drupal, VueJS, Salesforce, Microsoft Application Insights, Atlassian Cloud, Microsoft Power BI, OneTrust, React Redux, Datadog, Adobe Marketing Cloud, Adobe CQ, Eloqua, MongoDB, SuccessFactors (SAP), Amazon SES, LiveRamp, Taboola, Hotjar, SOASTA, Vimeo, The Trade Desk, Sizmek (MediaMind), Apache, Greenhouse.io, Cedexis Radar, Amadesa, Intercom, Gettyimages, SharpSpring, WordPress.org, Google translate API, Google translate widget, Google AdWords Conversion, Google Font API, Google Places, Google Analytics, GoToWebinar, Yahoo Analytics, Yahoo Ad Manager Plus, Open AdStream (Appnexus), eRecruit, Facebook Widget, FullStory, Linkedin Marketing Solutions, Wistia, Qualtrics, MouseFlow, Google Play, Adobe Media Optimizer, Dropbox, Shutterstock, Google Plus, YouTube, Turn, DoubleClick Floodlight, Google Maps, iTunes, Linkedin Widget, Marketo, Formstack, Adform, Bootstrap Framework, Google Tag Manager, AT Internet, Ruby On Rails, Stripe, iGoDigital, Highcharts JS Library, Kaltura, FreakOut, Google Dynamic Remarketing, DoubleClick Conversion, Facebook Custom Audiences, Webex, ON24, MicroAd, MailChimp, SoundCloud, DoubleClick, Perfect Audience, Adobe TestAndTarget, Twitter Advertising, reCAPTCHA, Cornerstone On Demand, AppNexus, AngularJS, CrazyEgg, Workday Recruit, JQuery 1.11.1, Cvent, Omniture (Adobe), Bing Ads, Scene7, Facebook Login (Connect), Mobile Friendly",55381000000,"","","","","","",false,false,false,false,"",68be91accb63fc0001794ecb,68be9170f3789d0001595c34,"","","","","",""
Connor,Farrell,Director - AI & Analytics,EY,EY,connor.farrell@ey.com,Extrapolated,Apollo,0.7,Catch-all,"",Director,"Engineering & Technical, Information Technology",asndn@bunkerboxmail.com,"","",'+44 77 0129 6286,'+44 20 7951 2000,'+44 781 385 9678,Cold,rackspace,"",asndn@bunkerboxmail.com,400000,professional training & coaching,"advisory, assurance, tax, transactions, audit, mergers, m, a, financial services, accounting, professional services, law, technology, consulting, data, transformation, strategy, legal, digital transformation, growth, managed services, risk management, supply chain transformation, industry verticals, client advisory, cloud security, industrial manufacturing, sustainability services, ai-powered fraud detection, digital ecosystems, data analytics, esg advisory, digital transformation in energy, sustainable growth, corporate restructuring, regulatory environment, iot for industrial automation, value chain optimization, business model innovation, ai-powered solutions, market entry strategy, cybersecurity, growth strategy, technology consulting, technology integration, strategy consulting, data security, corporate strategy, ai for financial modeling, climate risk analytics, restructuring and turnaround, iot in energy management, digital twin for manufacturing, sustainability reporting, tax advisory, climate risk management, ai governance, ai ethics, long-term value, digital solutions, regulatory strategy, digital health solutions, digital workplace solutions, climate change services, automation tools, corporate governance, blockchain for finance, government & public sector, financial audit, digital risk management, blockchain for real estate, energy, ai-driven customer insights, ai in risk management, capital markets, cyber risk management, enterprise software, regulatory compliance, digital compliance, forensic & integrity services, digital innovation, stakeholder engagement, sustainable supply chain, corporate finance, global network, sustainable finance solutions, business transformation, digital assets, transaction services, trust and assurance, performance improvement, industry expertise, risk analytics, business resilience, ai in healthcare, ai in legal services, value creation, risk assessment, regtech, tax technology, ai, climate change analytics, blockchain for supply chain, healthcare, market analysis, ai and automation, m&a advisory, digital innovation platforms, iot in supply chain, ai in tax, blockchain, ai in audit, smart contracts, automated compliance monitoring, climate tech, cybersecurity for iot, workforce analytics, cloud computing, assurance services, iot, regulatory technology (regtech), private equity, supply chain resilience platforms, digital risk assessment tools, digital risk, digital platforms, esg data platforms, client trust, financial reporting, cybersecurity in critical infrastructure, machine learning, digital twin, cybersecurity for financial services, b2b, government, services, management consulting services, customer experience, sustainability, innovation, compliance, retail, cloud services, supply chain management, renewable energy, business intelligence, operational efficiency, professional training & coaching, management consulting, strategic consulting, computer & network security, information technology & services, oil & energy, enterprises, computer software, health care, health, wellness & fitness, hospital & health care, artificial intelligence, environmental services, renewables & environment, logistics & supply chain, clean energy & technology, analytics",http://www.linkedin.com/in/connor-e-farrell,https://ey.com,http://www.linkedin.com/company/ernstandyoung,https://www.facebook.com/pages/Ernst-Young/195665063800329,https://twitter.com/EYnews,London,England,United Kingdom,"6 More London Riverside, England, United Kingdom, SE1","",England,United Kingdom,'+44 20 7951 2000,"Microsoft Azure Hosting, Brightcove, Adobe Marketing Cloud, Microsoft Application Insights, Atlassian Cloud, SignalR, SuccessFactors (SAP), Zendesk, Hubspot, Salesforce, Shutterstock, Linkedin Widget, Omniture (Adobe), Google Font API, Qualtrics, Bing Ads, WordPress.org, Facebook Widget, DoubleClick, Hotjar, DoubleClick Floodlight, The Trade Desk, Facebook Login (Connect), Facebook Custom Audiences, Google AdWords Conversion, AppDynamics, New Relic, Amadesa, Google AdSense, Typekit, Google Maps, Backbone JS Library, Twitter Advertising, Adobe Media Optimizer, Linkedin Marketing Solutions, Nginx, Kaltura, SiteScout, Vimeo, Linkedin Login, Google Places, Zencoder, Bootstrap Framework, Google Dynamic Remarketing, Mobile Friendly, Multilingual, YouTube, Google Analytics, Yahoo Analytics, Workday Recruit, JQuery 1.11.1, Teads, reCAPTCHA, Marketo, Cvent, AngularJS, SharePoint, Yahoo Ad Manager Plus, Fusioncharts JS Library, Cedexis Radar, Taleo, Webex, DoubleClick Conversion, ON24, ADX Studio, Google Tag Manager, Remote",51200000000,"","","","","","",false,false,false,false,"",68be916ff3789d0001595c13,68be9170f3789d0001595c30,"","","","","",""
Kim,Aitchison,Executive Assistant to IT Director,Admiral Group Plc,Admiral Group Plc,kim.aitchison2@admiralgroup.co.uk,Verified,Apollo,"",Catch-all,2025-09-03T07:36:25+00:00,Entry,"Information Technology, Operations",asndn@bunkerboxmail.com,"","",'+44 790 415 2154,'+44 333 220 2062,"",Cold,rackspace,"",asndn@bunkerboxmail.com,16000,financial services,"motor insurance, home insurance, price comparison, commercial vehicles vans, loans, pet insurance, travel insurance, research, development, personal injury law, landlord insurance, tech, insurance, financial services, auto insurance, insurance claims, product innovation, customer loyalty, policy management, long-term growth, technology-driven, customer-centric, market resilience, international presence, business diversification, regulatory compliance, brand recognition, profitability, market analysis, multi-brand strategy, brand portfolio, digital insurance, insurance market, sustainable business, customer base, digital transformation, insurance products, pricing algorithms, insurance policies, market share, data analytics, customer insights, digital platform, policy administration, global operations, risk management, business growth, customer support, claims processing, market expansion, premium pricing, customer experience, customer engagement, customer data, revenue growth, digital solutions, price comparison services, financial stability, market diversification, market penetration, personal loans, home protection, market strategy, underwriting technology, uk market, sustainability, market leadership, b2c, d2c, services, retail, insurance agencies and brokerages, customer service, innovation, customer retention, employee benefits, environmental services, renewables & environment, insurance agencies & brokerages",http://www.linkedin.com/in/kim-aitchison-71644063,https://admiralgroup.co.uk,http://www.linkedin.com/company/admiral-group-plc,https://facebook.com/admirallife/,https://twitter.com/AdmiralLife,Rhoose,"",United Kingdom,"David Street, Wales, United Kingdom, CF10 2EH","",Wales,United Kingdom,'+44 333 220 2062,"UltraDns, Typekit, Google Tag Manager, Mobile Friendly, Google Font API, Cloudinary, Akamai RUM, Remote, AI",6109720000,"","","","",Admiral Money (admiral.com),"",false,false,false,false,"",68be91b9ac4e7800198c8deb,68be91957f19250001c07ad1,"","","","","",""
Tim,Harrison,Principal (Associate Director) - Data & AI,Hg,Hg,tim.harrison@hgcapital.com,Verified,Apollo,"",Not Catch-all,2025-08-18T13:23:58+00:00,Director,Engineering & Technical,asndn@bunkerboxmail.com,"","","",'+44 20 8396 0930,'+44 74 3642 5592,Cold,rackspace,"",asndn@bunkerboxmail.com,1600,venture capital & private equity,"technology & services, venture capital & private equity principals, private markets, asset management, private equity funds, business services, software investments, private equity, financial services, saas, private equity in financial services, portfolio management, buyouts, software, transatlantic markets, european tech champions, transatlantic investments, investment management, long-term growth, private equity in healthcare, private equity buyouts, software sector expertise, long-term investments, sustainable businesses, european markets, transatlantic tech investments, technology sector, strategic m&a in software, growth capital, digital transformation investments, it services, long-term partnerships, european sector focus, operational support, european software investor, sector specialization, long-term value creation, esg integration, b2b, services, other financial investment activities, digital transformation, payroll services, healthcare technology, enterprise software, cloud solutions, data analytics, financial planning, technology consulting, software as a service, risk management, financial technology, customer engagement, business intelligence, regulatory compliance, capital markets, market research, artificial intelligence, software development, computer software, information technology & services, venture capital & private equity, enterprises, cloud computing, management consulting, finance technology, analytics",http://www.linkedin.com/in/tim-harrison-72a03324,https://hgcapital.com,http://www.linkedin.com/company/hgcapital,"",https://twitter.com/hgcapital,London,England,United Kingdom,"2 More London Riverside, England, United Kingdom, SE1 2JP","",England,United Kingdom,'+44 20 8396 0930,"CSC Corporate Domains, Sendgrid, Mimecast, Outlook, Amazon AWS, Cedexis Radar, Adobe Media Optimizer, Google Font API, Mobile Friendly, Telligent, WordPress.org, Typekit, Vimeo, Google Tag Manager, Incapsula, Remote, AI",20000000000,1952160000,Other,1952160000,2018-10-01T00:00:00+00:00,"","",false,false,false,false,"",68be91947f19250001c07aad,68be91957f19250001c07ad3,"","","","","",""
Eduardo,Gispert,Digital Risk – Regulated IT Controls Director,EY,EY,"",Unavailable,"","","","",Director,Information Technology,asndn@bunkerboxmail.com,"","",'+44 75 4870 8473,'+44 20 7951 2000,'+44 20 7951 2789,Cold,rackspace,"",asndn@bunkerboxmail.com,400000,professional training & coaching,"advisory, assurance, tax, transactions, audit, mergers, m, a, financial services, accounting, professional services, law, technology, consulting, data, transformation, strategy, legal, digital transformation, growth, managed services, risk management, supply chain transformation, industry verticals, client advisory, cloud security, industrial manufacturing, sustainability services, ai-powered fraud detection, digital ecosystems, data analytics, esg advisory, digital transformation in energy, sustainable growth, corporate restructuring, regulatory environment, iot for industrial automation, value chain optimization, business model innovation, ai-powered solutions, market entry strategy, cybersecurity, growth strategy, technology consulting, technology integration, strategy consulting, data security, corporate strategy, ai for financial modeling, climate risk analytics, restructuring and turnaround, iot in energy management, digital twin for manufacturing, sustainability reporting, tax advisory, climate risk management, ai governance, ai ethics, long-term value, digital solutions, regulatory strategy, digital health solutions, digital workplace solutions, climate change services, automation tools, corporate governance, blockchain for finance, government & public sector, financial audit, digital risk management, blockchain for real estate, energy, ai-driven customer insights, ai in risk management, capital markets, cyber risk management, enterprise software, regulatory compliance, digital compliance, forensic & integrity services, digital innovation, stakeholder engagement, sustainable supply chain, corporate finance, global network, sustainable finance solutions, business transformation, digital assets, transaction services, trust and assurance, performance improvement, industry expertise, risk analytics, business resilience, ai in healthcare, ai in legal services, value creation, risk assessment, regtech, tax technology, ai, climate change analytics, blockchain for supply chain, healthcare, market analysis, ai and automation, m&a advisory, digital innovation platforms, iot in supply chain, ai in tax, blockchain, ai in audit, smart contracts, automated compliance monitoring, climate tech, cybersecurity for iot, workforce analytics, cloud computing, assurance services, iot, regulatory technology (regtech), private equity, supply chain resilience platforms, digital risk assessment tools, digital risk, digital platforms, esg data platforms, client trust, financial reporting, cybersecurity in critical infrastructure, machine learning, digital twin, cybersecurity for financial services, b2b, government, services, management consulting services, customer experience, sustainability, innovation, compliance, retail, cloud services, supply chain management, renewable energy, business intelligence, operational efficiency, professional training & coaching, management consulting, strategic consulting, computer & network security, information technology & services, oil & energy, enterprises, computer software, health care, health, wellness & fitness, hospital & health care, artificial intelligence, environmental services, renewables & environment, logistics & supply chain, clean energy & technology, analytics",http://www.linkedin.com/in/eduardogispert,https://ey.com,http://www.linkedin.com/company/ernstandyoung,https://www.facebook.com/pages/Ernst-Young/195665063800329,https://twitter.com/EYnews,London,England,United Kingdom,"6 More London Riverside, England, United Kingdom, SE1","",England,United Kingdom,'+44 20 7951 2000,"Microsoft Azure Hosting, Brightcove, Adobe Marketing Cloud, Microsoft Application Insights, Atlassian Cloud, SignalR, SuccessFactors (SAP), Zendesk, Hubspot, Salesforce, Shutterstock, Linkedin Widget, Omniture (Adobe), Google Font API, Qualtrics, Bing Ads, WordPress.org, Facebook Widget, DoubleClick, Hotjar, DoubleClick Floodlight, The Trade Desk, Facebook Login (Connect), Facebook Custom Audiences, Google AdWords Conversion, AppDynamics, New Relic, Amadesa, Google AdSense, Typekit, Google Maps, Backbone JS Library, Twitter Advertising, Adobe Media Optimizer, Linkedin Marketing Solutions, Nginx, Kaltura, SiteScout, Vimeo, Linkedin Login, Google Places, Zencoder, Bootstrap Framework, Google Dynamic Remarketing, Mobile Friendly, Multilingual, YouTube, Google Analytics, Yahoo Analytics, Workday Recruit, JQuery 1.11.1, Teads, reCAPTCHA, Marketo, Cvent, AngularJS, SharePoint, Yahoo Ad Manager Plus, Fusioncharts JS Library, Cedexis Radar, Taleo, Webex, DoubleClick Conversion, ON24, ADX Studio, Google Tag Manager, Remote",51200000000,"","","","","","",false,false,false,false,"",68be91accb63fc0001794ece,68be9170f3789d0001595c30,"","","","","",""
Mark,Ansell,"Director, IT Disaster Recovery & Service Continuity at Post Trade (LCH), LSEG",LSEG,LSEG,mark.ansell@lseg.com,Verified,Apollo,"",Not Catch-all,2025-08-30T16:17:59+00:00,Director,Information Technology,asndn@bunkerboxmail.com,"","",'+1 678-571-2122,'+44 20 7797 1000,"",Cold,rackspace,"",asndn@bunkerboxmail.com,24000,financial services,"capital markets, posttrade services, information services, technology services, trade execution, esg data, market surveillance, market indices, financial services, workflow automation, analytics tools, trade lifecycle, financial technology, financial data feeds, post trade services, analytics, market connectivity, capital formation, index benchmarking, regulatory reporting, market data, data integration, market stability, market infrastructure, financial markets infrastructure, market regulation, clearing and settlement, market analytics, risk management, cloud infrastructure, risk solutions, market data feeds, post trade, data analytics, financial risk mitigation, index products, capital efficiency, trading platforms, sustainable finance, financial data, trade clearing, ai analytics, indices, b2b, services, securities and commodity contracts intermediation and brokerage, innovation, regulatory compliance, operational efficiency, portfolio management, machine learning, data management, risk assessment, information technology & services, finance technology, enterprise software, enterprises, computer software, internet infrastructure, internet, artificial intelligence",http://www.linkedin.com/in/mark-ansell-pmp-csm-9823273,https://lseg.com,http://www.linkedin.com/company/london-stock-exchange-group,"",https://twitter.com/LSEGplc,"",England,United Kingdom,"10 Paternoster Square, England, United Kingdom, EC4M 7DX","",England,United Kingdom,'+44 20 7797 1000,"Amazon CloudFront, Salesforce, Cloudflare DNS, Route 53, Amazon SES, Mimecast, Outlook, Pardot, Amazon AWS, CloudFlare Hosting, Drupal, VueJS, Drift, React Redux, Adobe CQ, Eloqua, Adobe Marketing Cloud, Omniture (Adobe), Datadog, Salesforce Live Agent, Figma, Workday, DoubleClick Floodlight, Google Play, Google Tag Manager, Google Analytics Ecommerce Tracking, Adobe Media Optimizer, Facebook Login (Connect), Google AdSense, Bootstrap Framework, Amadesa, Linkedin Marketing Solutions, Wistia, Multilingual, Ruby On Rails, Google AdWords Conversion, WordPress.org, DoubleClick, YouTube, Google Font API, Workday Recruit, Facebook Custom Audiences, Google Dynamic Remarketing, DoubleClick Conversion, Vidyard, Elasticsearch, Qualtrics, reCAPTCHA, Kaltura, Google Plus, Amazon Associates, Facebook Widget, LiveRamp, Vimeo, Apache, Shutterstock, Bing Ads, DocuSign, Mobile Friendly, Quantcast, Cedexis Radar, Google Analytics",11989549000,"","","","","","",false,false,false,false,"",68be91947f19250001c07ab1,68be91957f19250001c07ad0,"","","","","",""
Andrew,Churchman,IT Director - Head of Market Data Operations,Commerzbank AG,Commerzbank AG,andrew.churchman@commerzbank.com,Verified,Apollo,"",Not Catch-all,2025-08-10T06:14:34+00:00,Head,"Information Technology, Operations",asndn@bunkerboxmail.com,"","",'+44 796 089 9319,'+49 69 13620,'+44 20 7475 5009,Cold,rackspace,"",asndn@bunkerboxmail.com,40000,banking,"financial services, long history, digital banking services, customer experience, global presence, customer-centric approach, blockchain payments, financial solutions, sme financing, large corporations, germany banking, trade finance solutions, mobile payment solutions, financial data security, digital wealth management, climate finance, international trade support, digital onboarding, international banking, mobile banking, cloud banking, banking solutions, financial stability, sustainable investment, cross-border transactions, blockchain in banking, financial services innovation, corporate lending, customer support, green bonds, fintech partnerships, asset management, sustainable banking, financial consulting, banking compliance, bank partnerships, digital banking, banking services, fintech integration, fintech-driven banking, digital solutions, corporate banking, banking digitalization, branch network, banking apps, sustainable banking products, financial products, sme banking, digital onboarding process, investment banking, financial partnerships, private customers, impact investing, commercial banking, banking and financial services, customized financial products, banking for entrepreneurs, regulatory compliance, capital market services, cybersecurity in banking, private banking, banking technology, smes, corporate finance, banking customer service, trade finance, global footprint, banking security, esg banking, wealth management, banking infrastructure, banking analytics, automated credit scoring, retail banking, bank network, financial advisory, banking apis, universal bank, digital transformation, financial market expertise, capital markets, online banking, digital client onboarding, digital payments, financial technology, ai in banking, sustainable finance, financial risk assessment, mortgages, financial innovation, bank history, online account opening, financial planning, green banking, banking operations, risk management, digital asset management, financial regulation, cash management, banking modernization, banking automation, customer service, financial resilience, business banking, wealth planning, b2b, b2c, services, retail, innovation, sustainability, compliance, performance, banking, loans, retirement planning, portfolio management, payment processing, cyber security, financial reporting, management consulting, investment management, consulting, finance technology, information technology & services, environmental services, renewables & environment, computer & network security",http://www.linkedin.com/in/andrew-churchman-9b78991,https://commerzbank.de,http://www.linkedin.com/company/commerzbank-ag,https://www.facebook.com/commerzbank,https://twitter.com/commerzbank,Cambridge,England,United Kingdom,"16 Kaiserstrasse, Frankfurt am Main, Hessen, Germany, 60311",Frankfurt am Main,Hessen,Germany,'+49 69 13620,"Outlook, Microsoft Office 365, Zendesk, Typeform, VueJS, React Redux, ExactTarget, DoubleClick Conversion, Google Font API, Facebook Widget, Facebook Login (Connect), Criteo, Adobe Media Optimizer, DoubleClick Floodlight, Facebook Custom Audiences, Google Dynamic Remarketing, Highcharts JS Library, Vimeo, DoubleClick, Mobile Friendly, Ruxit, Apache, Nginx, Google Analytics, Google Tag Manager, Google AdWords Conversion, Google Play, Bootstrap Framework, Google Maps (Non Paid Users), Cedexis Radar, Google Maps, Taleo, WordPress.org, ADX Studio, Etracker",27090279000,"","","","","","",false,false,false,false,"",68be91accb63fc0001794ec3,68be9170f3789d0001595c35,"","","","","",""
Neil,Alderson,Associate Director - IT Systems & Architecture,WTW,WTW,neil.alderson@willistowerswatson.com,Verified,Apollo,"",Not Catch-all,2025-08-18T11:57:17+00:00,Director,Information Technology,asndn@bunkerboxmail.com,"","","",'+44 20 3124 6000,"",Cold,rackspace,"",asndn@bunkerboxmail.com,49000,financial services,"risk management, insurance, reinsurance, financial services consulting, human resources consulting, exchange solutions, employee benefits, pensions administration, consulting, hr software, insurance software, institutional investment, specialty insurers, finance, insurance product design for industries, insurance product development, financial risk, actuarial services, insurance product innovation, insurance technology, data analytics platforms, insurance product design, insurance product customization, risk transfer strategies, insurance brokerage, insurance products customization, industry expertise, data analytics, risk mitigation tools, insurance analytics platforms, risk modeling, risk mitigation strategies, investment management, risk assessment tools, insurance consulting, risk decision support, risk analytics in finance, actuarial software, pension fund management, strategic risk, reinsurance risk management, product design, benefits administration, actuarial risk modeling, risk transfer, risk management consulting, risk management tools, industry-specific risk solutions, global insurance markets, insurance industry analytics, benefits consulting for large organizations, risk management software, corporate risk, risk analytics, insurance solutions, insurance risk solutions, industry solutions, corporate risk advisory, actuarial analysis, insurance data platforms, actuarial modeling, financial services, risk data modeling, risk transfer products, reinsurance solutions, specialized risk solutions, risk consulting, data-driven decision making, client risk solutions, benefits administration systems, risk management technology, risk analytics for pensions, risk assessment, pension plan actuarial services, financial analytics, actuarial data platforms, actuarial modeling tools, data-driven insights, risk management innovation, client advisory, actuarial modeling software, risk assessment software, actuarial data analysis, actuarial consulting, insurance products, financial outcomes, pension and retirement analytics, risk forecasting, global risk services, advanced analytics, risk evaluation, insurance analytics, data science in insurance, investment analytics, enterprise risk management, risk analytics platforms, pension management, risk mitigation, risk data management, b2b, services, insurance agencies and brokerages, regulatory compliance, innovation, retirement planning, talent management, insurtech, insurance agencies & brokerages",http://www.linkedin.com/in/neil-alderson-5282b237,https://wtwco.com,http://www.linkedin.com/company/wtwcorporate,https://www.facebook.com/WTWcorporate,https://twitter.com/WTWcorporate,Colchester,England,United Kingdom,"51 Lime Street, London, England, United Kingdom, EC3M 7DQ",London,England,United Kingdom,'+44 20 3124 6000,"Outlook, Microsoft Office 365, Microsoft Azure Hosting, OneTrust, Adobe Marketing Cloud, Marketo, Vimeo, WordPress.org, Ruby On Rails, ON24, New Relic, Highcharts JS Library, DoubleClick, Facebook Custom Audiences, Cvent, Mobile Friendly, Google Tag Manager, Bing Ads, Google Maps, Google AdWords Conversion, Cedexis Radar, Linkedin Marketing Solutions, Hubspot, Google Font API, Google Dynamic Remarketing, AddThis, Google Analytics, Nginx, Facebook Widget, Linkedin Widget, Facebook Login (Connect), Taleo, MediaMath, Adobe Media Optimizer, Gettyimages, Flashtalking, Webex, Google Maps (Non Paid Users), DoubleClick Conversion, Linkedin Login, DoubleClick Floodlight, YouTube",104941000,"","","","","","",false,false,false,false,"",68be916ff3789d0001595c01,68be9170f3789d0001595c31,"","","","","",""
Will,Leighton,"Director - Data Intelligence, AI & Modelling",PwC,PwC,william.leighton@pwc.com,Verified,Apollo,"",Catch-all,2025-08-18T19:05:33+00:00,Director,Engineering & Technical,asndn@bunkerboxmail.com,"","",'+44 752 528 3083,'+44 20 7583 5000,"",Cold,rackspace,"",asndn@bunkerboxmail.com,370000,professional training & coaching,"assurance, tax, advisory, professional services, cyber resilience, market insights, ai solutions, legal services, legal, digital innovation, regulatory technology, digital assurance, private equity, financial services, government, family enterprise services, esg strategy, risk and controls solutions, cloud computing, digital risk assessment, sustainability strategy, trust building, climate change advisory, stakeholder trust, tax services, global presence, private client services, ai, regulatory compliance, regulatory reporting automation, sustainable finance, business transformation, corporate governance frameworks, trust and transparency solutions, global network, esg data management, industry expertise, performance improvement, private business consulting, sustainability, family business succession, corporate strategy, climate risk analytics, climate risk management, client advisory, risk management, climate change, esg reporting, legal services in consulting, consulting, corporate social responsibility, mergers and acquisitions, family business, corporate governance assessments, data analytics, technology, enterprise risk, regulatory advisory, healthcare, cybersecurity, data security, digital trust, financial advisory, audit, regulatory compliance automation, climate change reporting, innovation, regulatory reporting, sustainability and climate change, private equity advisory, corporate governance, digital risk management, digital transformation, audit and assurance, b2b, services, accounting, tax preparation, bookkeeping, and payroll services, cloud solutions, media, telecommunications, managed services, customer experience, operational efficiency, leadership development, professional training & coaching, governments, enterprise software, enterprises, computer software, information technology & services, environmental services, renewables & environment, mergers & acquisitions, health care, health, wellness & fitness, hospital & health care, computer & network security, financial consulting, management consulting",http://www.linkedin.com/in/will-leighton-35360030,https://pwc.com,http://www.linkedin.com/company/pwc,https://facebook.com/lifeatpwc,https://twitter.com/PwCUS,London,England,United Kingdom,"1 Embankment Place, London, United Kingdom, WC2N 5NP",London,"",United Kingdom,'+44 20 7583 5000,"Akamai, CSC Corporate Domains, Gmail, Google Apps, Microsoft Office 365, DemandBase, Drupal, VueJS, Salesforce, Microsoft Application Insights, Atlassian Cloud, Microsoft Power BI, OneTrust, React Redux, Datadog, Adobe Marketing Cloud, Adobe CQ, Eloqua, MongoDB, SuccessFactors (SAP), Amazon SES, LiveRamp, Taboola, Hotjar, SOASTA, Vimeo, The Trade Desk, Sizmek (MediaMind), Apache, Greenhouse.io, Cedexis Radar, Amadesa, Intercom, Gettyimages, SharpSpring, WordPress.org, Google translate API, Google translate widget, Google AdWords Conversion, Google Font API, Google Places, Google Analytics, GoToWebinar, Yahoo Analytics, Yahoo Ad Manager Plus, Open AdStream (Appnexus), eRecruit, Facebook Widget, FullStory, Linkedin Marketing Solutions, Wistia, Qualtrics, MouseFlow, Google Play, Adobe Media Optimizer, Dropbox, Shutterstock, Google Plus, YouTube, Turn, DoubleClick Floodlight, Google Maps, iTunes, Linkedin Widget, Marketo, Formstack, Adform, Bootstrap Framework, Google Tag Manager, AT Internet, Ruby On Rails, Stripe, iGoDigital, Highcharts JS Library, Kaltura, FreakOut, Google Dynamic Remarketing, DoubleClick Conversion, Facebook Custom Audiences, Webex, ON24, MicroAd, MailChimp, SoundCloud, DoubleClick, Perfect Audience, Adobe TestAndTarget, Twitter Advertising, reCAPTCHA, Cornerstone On Demand, AppNexus, AngularJS, CrazyEgg, Workday Recruit, JQuery 1.11.1, Cvent, Omniture (Adobe), Bing Ads, Scene7, Facebook Login (Connect), Mobile Friendly",55381000000,"","","","","","",false,false,false,false,"",68be916ff3789d0001595c0a,68be9170f3789d0001595c34,"","","","","",""
Nigel,Watson,"Director, Linguistic AI Solutions and Developer Experience",RWS Group,RWS Group,nwatson@rws.com,Verified,Apollo,"",Catch-all,2025-08-21T11:17:18+00:00,Director,"Engineering & Technical, Information Technology",asndn@bunkerboxmail.com,"","",'+44 78 8779 3704,'+44 175 348 0200,"",Cold,rackspace,"",asndn@bunkerboxmail.com,7800,online media,"content solutions, content transformation, content management, localization, ai data, ip protection, translation, language technology, machine translation, software, information technology, business content, content lifecycle automation, content scalability solutions, content efficiency tools, content security solutions for regulated industries, content lifecycle management, translation services, content intelligence, content automation, content security services, multilingual content, content creation tools, content security technology, intellectual property, content compliance, language services, content security systems, content security protocols, content security tools, structured content authoring, content platform, content security for aerospace, content quality assurance, content security standards, automotive, government, content transformation tools, ai translation, structured content management, content analytics, regulated content, content integration apis, content innovation, pharmaceuticals, aerospace & defense, neural machine translation, structured content publishing, content workflows, content management system, content security compliance, content security policies, content security for pharmaceuticals, content security for legal, content security for financial services, content transformation ai, content quality, content delivery platforms, content transformation services, content services, content compliance solutions, content security, content workflow automation, content localization, content strategy, content scalability, manufacturing, multilingual content security, content strategy consulting, content quality control, content compliance management, content security management, content management platform, content security for life sciences, financial services, content automation tools, content delivery network, content security best practices, content collaboration, content collaboration tools, content integration, content efficiency, artificial intelligence, content security solutions, content analysis, life sciences, ai-powered translation, content lifecycle, content security frameworks, content platforms, content technology, content solutions provider, content security for healthcare, patent translation, content scalability services, legal services, content optimization, content analysis software, content security for automotive, content security for defense, technology, content security architecture, content creation, content delivery, b2b, consulting, services, translation and interpretation services, regulatory compliance, customer engagement, customer retention, aerospace, industrial manufacturing, application development, information technology & services, online media, media, governments, medical, mechanical or industrial engineering, app development, apps, software development",http://www.linkedin.com/in/nigel-watson-986855a,https://rws.com,http://www.linkedin.com/company/rws-group,https://www.facebook.com/TheRWSGroup,https://twitter.com/RWSGroup,Sheffield,England,United Kingdom,"Vanwall Road, Maidenhead, England, United Kingdom, SL6 4UB",Maidenhead,England,United Kingdom,'+44 175 348 0200,"Amazon CloudFront, Cloudflare DNS, Route 53, Microsoft Office 365, Amazon AWS, CloudFlare Hosting, Mixpanel, Amazon SES, WP Engine, Netlify, OneTrust, React Redux, GitHub Hosting, Hubspot, Salesforce, Mobile Friendly, Microsoft-IIS, DoubleClick Conversion, Segment.io, Zencoder, Vimeo, Gettyimages, YouTube, Lever, Google Analytics, DoubleClick, CrazyEgg, Qualtrics, Cedexis Radar, iCIMS, Ruby On Rails, Google Font API, Facebook Widget, Facebook Custom Audiences, Linkedin Login, Facebook Login (Connect), Hotjar, Bootstrap Framework, Linkedin Widget, Google Tag Manager, Telligent, Adobe Media Optimizer, ASP.NET, Ruxit, WordPress.org, Intercom, Open AdStream (Appnexus), Linkedin Marketing Solutions, Google Dynamic Remarketing, Stripe, AI",960377000,"","","","","","",false,false,false,false,"",68be91947f19250001c07a9e,68be91957f19250001c07ace,"","","","","",""
Eleni,Kollia,"Director - Information Security, IT Strategy and IT Sox, Internal Audit",WTW,WTW,eleni.kollia@wtwco.com,Verified,Apollo,"",Not Catch-all,2025-08-18T11:57:16+00:00,Director,"Finance, Information Technology, Operations",asndn@bunkerboxmail.com,"","",'+30 697 200 6482,'+44 20 3124 6000,"",Cold,rackspace,"",asndn@bunkerboxmail.com,49000,financial services,"risk management, insurance, reinsurance, financial services consulting, human resources consulting, exchange solutions, employee benefits, pensions administration, consulting, hr software, insurance software, institutional investment, specialty insurers, finance, insurance product design for industries, insurance product development, financial risk, actuarial services, insurance product innovation, insurance technology, data analytics platforms, insurance product design, insurance product customization, risk transfer strategies, insurance brokerage, insurance products customization, industry expertise, data analytics, risk mitigation tools, insurance analytics platforms, risk modeling, risk mitigation strategies, investment management, risk assessment tools, insurance consulting, risk decision support, risk analytics in finance, actuarial software, pension fund management, strategic risk, reinsurance risk management, product design, benefits administration, actuarial risk modeling, risk transfer, risk management consulting, risk management tools, industry-specific risk solutions, global insurance markets, insurance industry analytics, benefits consulting for large organizations, risk management software, corporate risk, risk analytics, insurance solutions, insurance risk solutions, industry solutions, corporate risk advisory, actuarial analysis, insurance data platforms, actuarial modeling, financial services, risk data modeling, risk transfer products, reinsurance solutions, specialized risk solutions, risk consulting, data-driven decision making, client risk solutions, benefits administration systems, risk management technology, risk analytics for pensions, risk assessment, pension plan actuarial services, financial analytics, actuarial data platforms, actuarial modeling tools, data-driven insights, risk management innovation, client advisory, actuarial modeling software, risk assessment software, actuarial data analysis, actuarial consulting, insurance products, financial outcomes, pension and retirement analytics, risk forecasting, global risk services, advanced analytics, risk evaluation, insurance analytics, data science in insurance, investment analytics, enterprise risk management, risk analytics platforms, pension management, risk mitigation, risk data management, b2b, services, insurance agencies and brokerages, regulatory compliance, innovation, retirement planning, talent management, insurtech, insurance agencies & brokerages",http://www.linkedin.com/in/eleni-kollia-65a1442b,https://wtwco.com,http://www.linkedin.com/company/wtwcorporate,https://www.facebook.com/WTWcorporate,https://twitter.com/WTWcorporate,London,England,United Kingdom,"51 Lime Street, London, England, United Kingdom, EC3M 7DQ",London,England,United Kingdom,'+44 20 3124 6000,"Outlook, Microsoft Office 365, Microsoft Azure Hosting, OneTrust, Adobe Marketing Cloud, Marketo, Vimeo, WordPress.org, Ruby On Rails, ON24, New Relic, Highcharts JS Library, DoubleClick, Facebook Custom Audiences, Cvent, Mobile Friendly, Google Tag Manager, Bing Ads, Google Maps, Google AdWords Conversion, Cedexis Radar, Linkedin Marketing Solutions, Hubspot, Google Font API, Google Dynamic Remarketing, AddThis, Google Analytics, Nginx, Facebook Widget, Linkedin Widget, Facebook Login (Connect), Taleo, MediaMath, Adobe Media Optimizer, Gettyimages, Flashtalking, Webex, Google Maps (Non Paid Users), DoubleClick Conversion, Linkedin Login, DoubleClick Floodlight, YouTube",104941000,"","","","","","",false,false,false,false,"",68be91accb63fc0001794eba,68be9170f3789d0001595c31,"","","","","",""
Jocelyn,Sheriff,Director of IT,PwC,PwC,jocelyn.sheriff@pwc.com,Verified,Apollo,"",Catch-all,2025-08-12T11:57:13+00:00,Director,Information Technology,asndn@bunkerboxmail.com,"","",'+44 748 335 8429,'+44 20 7583 5000,"",Cold,rackspace,"",asndn@bunkerboxmail.com,370000,professional training & coaching,"assurance, tax, advisory, professional services, cyber resilience, market insights, ai solutions, legal services, legal, digital innovation, regulatory technology, digital assurance, private equity, financial services, government, family enterprise services, esg strategy, risk and controls solutions, cloud computing, digital risk assessment, sustainability strategy, trust building, climate change advisory, stakeholder trust, tax services, global presence, private client services, ai, regulatory compliance, regulatory reporting automation, sustainable finance, business transformation, corporate governance frameworks, trust and transparency solutions, global network, esg data management, industry expertise, performance improvement, private business consulting, sustainability, family business succession, corporate strategy, climate risk analytics, climate risk management, client advisory, risk management, climate change, esg reporting, legal services in consulting, consulting, corporate social responsibility, mergers and acquisitions, family business, corporate governance assessments, data analytics, technology, enterprise risk, regulatory advisory, healthcare, cybersecurity, data security, digital trust, financial advisory, audit, regulatory compliance automation, climate change reporting, innovation, regulatory reporting, sustainability and climate change, private equity advisory, corporate governance, digital risk management, digital transformation, audit and assurance, b2b, services, accounting, tax preparation, bookkeeping, and payroll services, cloud solutions, media, telecommunications, managed services, customer experience, operational efficiency, leadership development, professional training & coaching, governments, enterprise software, enterprises, computer software, information technology & services, environmental services, renewables & environment, mergers & acquisitions, health care, health, wellness & fitness, hospital & health care, computer & network security, financial consulting, management consulting",http://www.linkedin.com/in/jocelyn-sheriff-19bb791,https://pwc.com,http://www.linkedin.com/company/pwc,https://facebook.com/lifeatpwc,https://twitter.com/PwCUS,Stockport,England,United Kingdom,"1 Embankment Place, London, United Kingdom, WC2N 5NP",London,"",United Kingdom,'+44 20 7583 5000,"Akamai, CSC Corporate Domains, Gmail, Google Apps, Microsoft Office 365, DemandBase, Drupal, VueJS, Salesforce, Microsoft Application Insights, Atlassian Cloud, Microsoft Power BI, OneTrust, React Redux, Datadog, Adobe Marketing Cloud, Adobe CQ, Eloqua, MongoDB, SuccessFactors (SAP), Amazon SES, LiveRamp, Taboola, Hotjar, SOASTA, Vimeo, The Trade Desk, Sizmek (MediaMind), Apache, Greenhouse.io, Cedexis Radar, Amadesa, Intercom, Gettyimages, SharpSpring, WordPress.org, Google translate API, Google translate widget, Google AdWords Conversion, Google Font API, Google Places, Google Analytics, GoToWebinar, Yahoo Analytics, Yahoo Ad Manager Plus, Open AdStream (Appnexus), eRecruit, Facebook Widget, FullStory, Linkedin Marketing Solutions, Wistia, Qualtrics, MouseFlow, Google Play, Adobe Media Optimizer, Dropbox, Shutterstock, Google Plus, YouTube, Turn, DoubleClick Floodlight, Google Maps, iTunes, Linkedin Widget, Marketo, Formstack, Adform, Bootstrap Framework, Google Tag Manager, AT Internet, Ruby On Rails, Stripe, iGoDigital, Highcharts JS Library, Kaltura, FreakOut, Google Dynamic Remarketing, DoubleClick Conversion, Facebook Custom Audiences, Webex, ON24, MicroAd, MailChimp, SoundCloud, DoubleClick, Perfect Audience, Adobe TestAndTarget, Twitter Advertising, reCAPTCHA, Cornerstone On Demand, AppNexus, AngularJS, CrazyEgg, Workday Recruit, JQuery 1.11.1, Cvent, Omniture (Adobe), Bing Ads, Scene7, Facebook Login (Connect), Mobile Friendly",55381000000,"","","","","","",false,false,false,false,"",68be916ff3789d0001595c0f,68be9170f3789d0001595c34,"","","","","",""
Michael,Sasaki,Director of Information Technology,Aviva,Aviva,michael.sasaki@aiglife.co.uk,Verified,Apollo,"",Catch-all,2025-09-07T19:32:34+00:00,Director,Information Technology,asndn@bunkerboxmail.com,"","","",'+44 20 7283 2000,'+1 858-309-3611,Cold,rackspace,"",asndn@bunkerboxmail.com,30000,insurance,"retirement, investments, insurance, health, insurtech, protection, wealth, firemen employment, insurance mergers, brand recognition, diversified insurer, financial services, first burglary policy, wealth accumulation, heritage, long-standing insurer, investment management, general insurance products, retirement solutions, life insurance, global insurance, trustworthy insurer, mutual insurer, pensions, mutual fire insurer, customer loyalty, wealth management, life insurance policies, risk management, market leader, health coverage, heritage of innovation, general insurance, health insurance, insurance history, long heritage, international insurance markets, innovation in insurance, heritage brand, product portfolio, heritage insurance company, brand marketing, customer service, customer-centric, investment services, b2c, d2c, services, retail, insurance agencies and brokerages, digital transformation, customer engagement, innovation, asset management, employee benefits, sustainability, retirement planning, financial planning, customer experience, marketing & advertising, enterprise software, enterprises, computer software, information technology & services, b2b, insurance agencies & brokerages, environmental services, renewables & environment",http://www.linkedin.com/in/msasaki,https://aviva.com,http://www.linkedin.com/company/aviva-plc,https://facebook.com/Aviva/,https://twitter.com/avivaplc,London,England,United Kingdom,"1 Undershaft, London, England, United Kingdom, EC3A 8AB",London,England,United Kingdom,'+44 20 7283 2000,"Akamai, CSC Corporate Domains, Amazon AWS, Adobe Marketing Cloud, Zendesk, OneTrust, React Redux, Salesforce, Drupal, Datadog, Pardot, Workday, Campaign Monitor, Freshdesk, MailJet, Decibel Insight, Twitter Advertising, Google Dynamic Remarketing, reCAPTCHA, Google Tag Manager, Facebook Login (Connect), AppDynamics, Facebook Widget, Zencoder, DoubleClick Conversion, Google Font API, DoubleClick, Facebook Custom Audiences, Linkedin Marketing Solutions, Workday Recruit, Adobe Media Optimizer, Mobile Friendly, Bing Ads, Omniture (Adobe), Google Analytics, DoubleClick Floodlight, Google Maps (Non Paid Users), Google Maps, Vimeo, Google AdWords Conversion, Trustpilot, Shutterstock, TouchCommerce, Amazon Associates, Qualtrics, Cedexis Radar, AppNexus, Google Play, Bootstrap Framework, Google AdSense, Adobe TestAndTarget, Highcharts JS Library, New Relic, Sophus 3 eMetrics, Teads, Hotjar, AngularJS, IoT, Remote, AI",39872748000,"","","","",Irish Life (irishlife.ie),"",false,false,false,false,"",68be916ff3789d0001595c12,68be9170f3789d0001595c39,"","","","","",""
Ian,Craney,UKGI IT Director - Personal Lines & Claims,Aviva,Aviva,ian.craney@aviva.com,Verified,Apollo,"",Catch-all,2025-08-29T09:48:30+00:00,Director,Information Technology,asndn@bunkerboxmail.com,"","","",'+44 20 7283 2000,"",Cold,rackspace,"",asndn@bunkerboxmail.com,30000,insurance,"retirement, investments, insurance, health, insurtech, protection, wealth, firemen employment, insurance mergers, brand recognition, diversified insurer, financial services, first burglary policy, wealth accumulation, heritage, long-standing insurer, investment management, general insurance products, retirement solutions, life insurance, global insurance, trustworthy insurer, mutual insurer, pensions, mutual fire insurer, customer loyalty, wealth management, life insurance policies, risk management, market leader, health coverage, heritage of innovation, general insurance, health insurance, insurance history, long heritage, international insurance markets, innovation in insurance, heritage brand, product portfolio, heritage insurance company, brand marketing, customer service, customer-centric, investment services, b2c, d2c, services, retail, insurance agencies and brokerages, digital transformation, customer engagement, innovation, asset management, employee benefits, sustainability, retirement planning, financial planning, customer experience, marketing & advertising, enterprise software, enterprises, computer software, information technology & services, b2b, insurance agencies & brokerages, environmental services, renewables & environment",http://www.linkedin.com/in/iancraney,https://aviva.com,http://www.linkedin.com/company/aviva-plc,https://facebook.com/Aviva/,https://twitter.com/avivaplc,Fawley,England,United Kingdom,"1 Undershaft, London, England, United Kingdom, EC3A 8AB",London,England,United Kingdom,'+44 20 7283 2000,"Akamai, CSC Corporate Domains, Amazon AWS, Adobe Marketing Cloud, Zendesk, OneTrust, React Redux, Salesforce, Drupal, Datadog, Pardot, Workday, Campaign Monitor, Freshdesk, MailJet, Decibel Insight, Twitter Advertising, Google Dynamic Remarketing, reCAPTCHA, Google Tag Manager, Facebook Login (Connect), AppDynamics, Facebook Widget, Zencoder, DoubleClick Conversion, Google Font API, DoubleClick, Facebook Custom Audiences, Linkedin Marketing Solutions, Workday Recruit, Adobe Media Optimizer, Mobile Friendly, Bing Ads, Omniture (Adobe), Google Analytics, DoubleClick Floodlight, Google Maps (Non Paid Users), Google Maps, Vimeo, Google AdWords Conversion, Trustpilot, Shutterstock, TouchCommerce, Amazon Associates, Qualtrics, Cedexis Radar, AppNexus, Google Play, Bootstrap Framework, Google AdSense, Adobe TestAndTarget, Highcharts JS Library, New Relic, Sophus 3 eMetrics, Teads, Hotjar, AngularJS, IoT, Remote, AI",39872748000,"","","","",Irish Life (irishlife.ie),"",false,false,false,false,"",68be91accb63fc0001794eb9,68be9170f3789d0001595c39,"","","","","",""
Michael,Cunningham,IT Director,Ruffer,Ruffer,mcunningham@ruffer.co.uk,Verified,Apollo,"",Not Catch-all,2025-08-18T10:27:04+00:00,Director,Information Technology,asndn@bunkerboxmail.com,"","",'+44 20 7963 8067,'+44 20 7963 8100,"",Cold,rackspace,"",asndn@bunkerboxmail.com,320,investment management,"investment management, private wealth management, absolute return investing, investment portfolios, performance reporting, global investment, investment in listed securities, wealth management, investment in responsible investing, investment performance, investment in securities, financial services, asset allocation, net asset value, investment in long-term assets, capital preservation, investment in international markets, investment governance, diversified portfolio, investment philosophy, equity securities, equities and bonds, investment objectives, investment strategy, value protection, investment risk, investment funds, investment in equities, investment in risk assets, investment in bonds, institutional investors, investment in global markets, risk management, investment company, investment process, investment expansion, long-term returns, investment in capital preservation, ftse 250, listed on london stock exchange, investment in diversified assets, private clients, international equities, investment in risk mitigation, asset management, investment in protected assets, financial advisory, risk mitigation, equity-related securities, investment in growth assets, growth and safety, convertibles, services, securities and commodity contracts intermediation and brokerage, portfolio management, financial consulting, consulting, management consulting",http://www.linkedin.com/in/michael-cunningham-27a78047,https://ruffer.co.uk,http://www.linkedin.com/company/rufferllp,"","",Cirencester,England,United Kingdom,"80 Victoria Street, London, England, United Kingdom, SW1H 0",London,England,United Kingdom,'+44 20 7963 8100,"Salesforce, Outlook, Pardot, Microsoft Office 365, Microsoft Azure Hosting, Microsoft Application Insights, Atlassian Cloud, MongoDB, Mobile Friendly, Google Maps, reCAPTCHA, Google Maps (Non Paid Users), Google Tag Manager, Google Font API, Linkedin Marketing Solutions",24767000,"","","","","","",false,false,false,false,"",68be91947f19250001c07aa6,68be91957f19250001c07ad2,"","","","","",""
